{
	"id": 112091,
	"name": "Alien Life Core",
	"rarity": 4,
	"sortRank": 10131,
	"description": "Breacher Primus's core.\nThere is no way to exterminate this life form. One reduced to nothing but its core will resurrect the next day or in decades. Luckily, it is neither aggressive nor intelligent, so Fontainians can just keep their distance.",
	"category": "AVATAR_MATERIAL",
	"typeText": "Character and Weapon Enhancement Material",
	"sources": [
		"Dropped by Lv. 60+ Breacher Primuses"
	]
}