{
	"id": 113049,
	"name": "Artificed Spare Clockwork Component — Coppelia",
	"rarity": 4,
	"sortRank": 11101,
	"description": "An artificed spare clockwork component belonging to Coppelia. It powers this artificed dancer.\nAccording to its creator's design, the story of the artificed dancer with delicate joints ends at a merry moment. Coppelia will send whoever attempts to disturb that moment to a chapter of misfortune with her superb combat skills.",
	"category": "AVATAR_MATERIAL",
	"typeText": "Character Level-Up Material",
	"sources": [
		"Dropped by Lv. 30+ \"Icewind Suite\""
	]
}