{
	"id": 112085,
	"name": "Artificed Dynamic Gear",
	"rarity": 3,
	"sortRank": 10629,
	"description": "Clockwork meka gear.\nPrecision processing and advancement of material science are the keys to clockwork meka development in Fontaine. With the help of advanced equipment, any engineer is capable of making a meka that outshines \"Lord-Artificer\" Alain Guillotin's creation.",
	"category": "AVATAR_MATERIAL",
	"typeText": "Character and Weapon Enhancement Material",
	"sources": [
		"Dropped by Lv. 60+ Clockwork Meka"
	]
}