{
	"id": 113050,
	"name": "Artificed Spare Clockwork Component — Coppelius",
	"rarity": 4,
	"sortRank": 11101,
	"description": "An artificed spare clockwork component belonging to Coppelius. It powers this artificed dancer.\nThe artificed dancer whirls to a platinum tune, performing an unending waltz of icewind. Coppelius's dance will not stop. He will continue whirling till the bell tolls.",
	"category": "AVATAR_MATERIAL",
	"typeText": "Character Level-Up Material",
	"sources": [
		"Dropped by Lv. 30+ \"Icewind Suite\""
	]
}