{
	"id": 101324,
	"name": "Ashen Aratiku Wood",
	"rarity": 1,
	"sortRank": 330,
	"description": "Timber obtained from Ashen Aratiku Trees. Other than being lighter, it isn't all that different from most regional trees in Natlan. Mature Saurian companions can carry it with ease, and some legends even tell of tribal warriors who use bundles of such timber as fitness gear.\nCan be used to create furnishings.",
	"category": "WOOD",
	"typeText": "Material",
	"sources": [
		"Found in the wild",
		"Recommendation: Cut from the wilds of Natlan",
		"Purchased from Realm Depot: Wood",
		"Convert Wood"
	]
}