{
	"id": 113027,
	"name": "Ashen Heart",
	"rarity": 5,
	"sortRank": 11101,
	"description": "A deformed fragment that contains powerful emotions. You obtained this from defeating Signora, who unleashed her original power.\nEven tears cannot extinguish the flames. Molten-hot agony and rage rush through her veins, oozing from her tear ducts.\nThe First Fatuus found her just before her heart could be destroyed by the eternal blaze. He understood that only deeper hate and obsession could quench the fire that devoured her and make her his ally...",
	"category": "AVATAR_MATERIAL",
	"typeText": "Character Level-Up Material",
	"sources": [
		"Lv. 70+ Signora Challenge Reward"
	]
}