{
	"id": 101320,
	"name": "Ash Wood",
	"rarity": 1,
	"sortRank": 330,
	"description": "Wood from the Ash Tree. With its extremely high strength, it is not only used for making strong load-bearing components, but also for making sheets to be used as wall reinforcements, and for transportation crates subject to frequent shocks.\nCan be used to create furnishings.",
	"category": "WOOD",
	"typeText": "Material",
	"sources": [
		"Found in the wild",
		"Recommendation: Cut from the wilds of Fontaine",
		"Purchased from Realm Depot: Wood",
		"Convert Wood"
	]
}