{
	"id": 113009,
	"name": "Basalt Pillar",
	"rarity": 4,
	"sortRank": 11101,
	"description": "A pillar formed by the shell of a Geo Hypostasis, composed of high-density Geo energy.\nIt is a testament to Geo's status as the heaviest of the elements. Maybe the reason a Geo Hypostasis creates this pillar out of its shell and raises itself is just to get closer to the sky, not to combat enemies.",
	"category": "AVATAR_MATERIAL",
	"typeText": "Character Level-Up Material",
	"sources": [
		"Dropped by Lv.30+ Geo Hypostases"
	]
}