{
	"id": 112117,
	"name": "Bewildering Broadleaf",
	"rarity": 3,
	"sortRank": 10140,
	"description": "An arrow-shaped leaf dropped by the monster known as the Tenebrous Mimiflora after being vanquished.\nAfter corroding the Ley Lines and extracting the memories within, the creature grows these leaves as a means of storing the information it has deciphered. There may be a close link between these intricately patterned leaves and the forms that their host can mimic.",
	"category": "AVATAR_MATERIAL",
	"typeText": "Character and Weapon Enhancement Material",
	"sources": [
		"Dropped by Lv. 40+ Tenebrous Mimiflora",
		"Stardust Exchange"
	]
}