{
	"id": 114023,
	"name": "Bit of Aerosiderite",
	"rarity": 4,
	"sortRank": 15106,
	"description": "Weapon Ascension Material.\nThe coastal nations of Teyvat refer to the region beyond the protection of The Seven as the Dark Sea. It is said that many defeated gods refused to live under the new order of The Seven, so they fled to remote islands and became evil gods. However, their powers came from the same source as Rex Lapis, separate from this all-devouring darkness.",
	"category": "AVATAR_MATERIAL",
	"typeText": "Weapon Ascension Material",
	"dropDomainId": 5224,
	"dropDomainName": "Domain of Forgery: Trial Grounds of Thunder",
	"daysOfWeek": [
		"Wednesday",
		"Saturday",
		"Sunday"
	],
	"sources": []
}