{
	"id": 131020,
	"name": "Bitter Pufferfish",
	"rarity": 3,
	"sortRank": 341,
	"description": "A rare pufferfish variant. As the name suggests, this creature spreads bitterness wherever it goes in the underwater world. Its water cannon projectiles are slower and smaller than those of its ordinary counterparts, but the power of such attacks is undiminished due to the incredibly bitter pheromones within. During their courtship phase, an observer might bear witness to the curious sight of males and females of this species blasting each other with these water cannons. Perhaps passing on the bitterness of life is also a manifestation of love.",
	"category": "EXCHANGE",
	"typeText": "Fish",
	"sources": [
		"Obtained from fishing"
	]
}