{
	"id": 131031,
	"name": "Blazing Heartfeather Bass",
	"rarity": 3,
	"sortRank": 341,
	"description": "Peculiar fishes that look like a heart from the side, which are said to be related to bass. Their dorsal and ventral fins are comprised of flexible bones that are as slender as feathers, hence why researchers proposed the name \"Heartfeather Bass.\"\n\"Blazing Heartfeather Bass\" have a unique coloration that shines like sunlight, making them extremely eye-catching in the water. This is said to be a special self-defense strategy which causes other fish that rely on their vision to mistake them for unknown burning objects, keeping potential predators away as a result. Contrary to their flaming appearance, they actually maintain a low body temperature and have a relatively modest food intake. Sometimes, they even go out of their way to stay in the shallows just to get some sunshine.",
	"category": "EXCHANGE",
	"typeText": "Fish",
	"sources": [
		"Obtained from fishing"
	]
}