{
	"id": 114062,
	"name": "Blazing Sacrificial Heart's Hesitance",
	"rarity": 3,
	"sortRank": 15116,
	"description": "Weapon Ascension Material.\nAfter the original civilizations crumbled like shattered jade — and those envoys from the skies above, under whose guidance the earthly civilizations had thrived, were devoured by the awakened dragons — humanity plunged into savagery, losing the ability to perceive the world anew.\nThus did they revert to their most primal beliefs, convinced of the inherent mystery of the earth that nurtured all things. This marked the dawn of the era where hunted prey began to be offered as sacrifices.",
	"category": "AVATAR_MATERIAL",
	"typeText": "Weapon Ascension Material",
	"dropDomainId": 4383,
	"dropDomainName": "Domain of Forgery: Scrying Shadows",
	"daysOfWeek": [
		"Monday",
		"Thursday",
		"Sunday"
	],
	"sources": []
}