{
	"id": 114061,
	"name": "Blazing Sacrificial Heart's Terror",
	"rarity": 2,
	"sortRank": 15116,
	"description": "Weapon Ascension Material.\nAccording to ancient tribal tradition, all that a person takes comes from this world — so naturally, all that they gain shall also be given back to it.",
	"category": "AVATAR_MATERIAL",
	"typeText": "Weapon Ascension Material",
	"dropDomainId": 4382,
	"dropDomainName": "Domain of Forgery: Scrying Shadows",
	"daysOfWeek": [
		"Monday",
		"Thursday",
		"Sunday"
	],
	"sources": [
		"Exchanged in the Gift Shop"
	]
}