{
	"id": 1202,
	"name": "Blessing of the Welkin Moon - New Moon",
	"rarity": 5,
	"sortRank": 430011,
	"description": "A ritual prayer, recited on the rising of the first new moon, to ask for the moon's blessing in the form of wealth and good fortune. For your purposes, the new moon you shall pray to is the first-ever new moon in Teyvat, since it's the first one you've seen here.\n\nUse this item to receive 30 days of Blessing of the Welkin Moon rewards.",
	"category": "CONSUME",
	"typeText": "Feature Activation Material",
	"sources": []
}