{
	"id": 101117,
	"name": "Borderland Bow Billet",
	"rarity": 4,
	"sortRank": 300,
	"description": "Weapon forging material. Can be used to forge 4-star bows.\nIn terms of the \"state\" of the many weapons that can be crafted from billets, while their potential has long been contained within the original materials, the exact forms these weapons will ultimately take remain unknown to this day...",
	"category": "EXCHANGE",
	"typeText": "Material",
	"sources": [
		"Natlan Trounce Domain Challenge Reward"
	]
}