{
	"id": 114006,
	"name": "Boreal Wolf's Cracked Tooth",
	"rarity": 3,
	"sortRank": 15102,
	"description": "Weapon Ascension Material.\nThe life of a wolf is not without violence; broken bones or cracked teeth are nothing special.\nAndrius found humans to be a disappointment, but believed babies to be innocent. If both the wolf pack and the adopted children chose each other, then they become a Lupical, a fated family.",
	"category": "AVATAR_MATERIAL",
	"typeText": "Weapon Ascension Material",
	"dropDomainId": 4321,
	"dropDomainName": "Domain of Forgery: Submerged Valley",
	"daysOfWeek": [
		"Tuesday",
		"Friday",
		"Sunday"
	],
	"sources": []
}