{
	"id": 114005,
	"name": "Boreal Wolf's Milk Tooth",
	"rarity": 2,
	"sortRank": 15102,
	"description": "Weapon Ascension Material.\nAndrius' wolf pack is its blessed honor guard, and even the milk teeth of a wolf cub possess great potential.\nIn the past, the gods had the responsibility to love all people. Andrius was therefore quite unusual in that he became leader of the wolves, while only welcoming abandoned babies and wanderers when it came to humans.",
	"category": "AVATAR_MATERIAL",
	"typeText": "Weapon Ascension Material",
	"dropDomainId": 4320,
	"dropDomainName": "Domain of Forgery: Submerged Valley",
	"daysOfWeek": [
		"Tuesday",
		"Friday",
		"Sunday"
	],
	"sources": [
		"Purchase from the Souvenir Shop in Mondstadt",
		"Exchanged in the Gift Shop"
	]
}