{
	"id": 114008,
	"name": "Boreal Wolf's Nostalgia",
	"rarity": 5,
	"sortRank": 15102,
	"description": "Weapon Ascension Material.\nThe Wolf King, believing himself to despise humans, thought himself unable to envision a happy life for humanity, making him unworthy of becoming the Lord of the Winds of the world. Therefore, he chose to disappear. Yet, in truth, he gazes on the ones abandoned by the world ever so gently.",
	"category": "AVATAR_MATERIAL",
	"typeText": "Weapon Ascension Material",
	"dropDomainId": 4323,
	"dropDomainName": "Domain of Forgery: Submerged Valley",
	"daysOfWeek": [
		"Tuesday",
		"Friday",
		"Sunday"
	],
	"sources": []
}