{
	"id": 114007,
	"name": "Boreal Wolf's Broken Fang",
	"rarity": 4,
	"sortRank": 15102,
	"description": "Weapon Ascension Material.\nThe wolf pack also understands that humans are not solitary creatures. The honorary broken tooth is a parting gift said to bring protection and luck.\nIn the legends of a far-off world, a female wolf once adopted two great humans. Their home was known as the Cave of Wolves, or Lupercal - that word meaning the same thing as Lupical does in this world.",
	"category": "AVATAR_MATERIAL",
	"typeText": "Weapon Ascension Material",
	"dropDomainId": 4322,
	"dropDomainName": "Domain of Forgery: Submerged Valley",
	"daysOfWeek": [
		"Tuesday",
		"Friday",
		"Sunday"
	],
	"sources": []
}