{
	"id": 101313,
	"name": "Brightwood",
	"rarity": 1,
	"sortRank": 330,
	"description": "Timber from the Brightwood Tree. It seems to have different properties from ordinary wood — soft but extremely resilient, easy to dye, and can be used for special purposes. \nCan be used to create furnishings.",
	"category": "WOOD",
	"typeText": "Material",
	"sources": [
		"Found in the wild",
		"Recommendation: Cut from the forests of Sumeru",
		"Purchased from Realm Depot: Wood",
		"Convert Wood"
	]
}