{
	"id": 114057,
	"name": "Broken Goblet of the Pristine Sea",
	"rarity": 2,
	"sortRank": 15115,
	"description": "Weapon Ascension Material.\nLegend says that when the first usurper came to the primordial sea, the first sovereign gave him a goblet of water.\nLater, he became the unquestioned god-king, and used this goblet of water to refine the mysterious drops of dew, establishing a splendid and powerful empire.\nBut that is now an ancient story, whose main characters now sleep in the phosphorescence of the schools of the deepwater fish.",
	"category": "AVATAR_MATERIAL",
	"typeText": "Weapon Ascension Material",
	"dropDomainId": 4504,
	"dropDomainName": "Domain of Forgery: Curious Contraptions",
	"daysOfWeek": [
		"Wednesday",
		"Saturday",
		"Sunday"
	],
	"sources": [
		"Exchanged in the Gift Shop"
	]
}