{
	"id": 118002,
	"name": "Cake for Traveler",
	"dupealias": "Cake for Traveler 0",
	"rarity": 4,
	"sortRank": 260101,
	"description": "A souvenir left over from a very special day.\n\nHere's to you, the brightest star in the night sky.\nWishing you a joyous journey in this great big world.\n\n\"This must be the first time we've celebrated this special day. Every week, we update the recommended dishes, every month, the moon will send down new blessings, but wow, it's almost nine thousand hours to go before we celebrate this day again!\"",
	"category": "CONSUME",
	"typeText": "Very Special Item",
	"sources": []
}