{
	"id": 118006,
	"name": "Cake for Traveler",
	"dupealias": "Cake for Traveler 2",
	"rarity": 4,
	"sortRank": 260101,
	"description": "A gift you obtained on a very special day.\n\nHere's to you, traveler from beyond the mountains and seas.\nWishing you a joyous journey in this great big world.\n\n\"Every week, we update the recommended dishes, every month, the moon will send down new blessings, but wow, it's almost nine thousand hours to go before we celebrate this day again! Paimon will spend every day onward with you, whether it rains or shines, hehe!\"",
	"category": "CONSUME",
	"typeText": "Very Special Item",
	"sources": []
}