{
	"id": 118010,
	"name": "Cake for Traveler",
	"dupealias": "Cake for Traveler 4",
	"rarity": 4,
	"sortRank": 260101,
	"description": "A gift given to a very special someone on a very special day.\n\nHere's to you, who listens to the song of the ocean tides with a tranquil heart.\nWishing you a joyous journey in this great big world.\n\n\"Every week, the recommended dishes get updated. Every month, the moon sends down new blessings — but wow, it's going to be almost nine thousand more hours before we can celebrate this day again! Just like Leisurely Otters are always accompanied by their seashells, Paimon will always be by your side!\"",
	"category": "CONSUME",
	"typeText": "Very Special Item",
	"sources": []
}