{
	"id": 118004,
	"name": "Cake for Traveler",
	"dupealias": "Cake for Traveler 1",
	"rarity": 4,
	"sortRank": 260101,
	"description": "A gift given to a very special someone on a very special day.\n\nHere's to you, busy as you are in this land.\nWishing you a joyous journey in this great big world.\n\n\"Every week, the recommended dishes get updated. Every month, the moon sends down new blessings — but wow, it's going to be almost nine thousand hours more before we can celebrate this day again! And by that, Paimon means that she'll accompany you all the way, Traveler!\"",
	"category": "CONSUME",
	"typeText": "Very Special Item",
	"sources": []
}