{
	"id": 200121,
	"name": "Cam and Cables of Law",
	"rarity": 4,
	"sortRank": 90,
	"description": "Specialized refinement material for \"Cloudforged.\"\nA new type of component the Yuheng commissioned the Blackcliff Forge to make. According to the smiths, its dynamic load \"wouldn't lose to adeptal mechanisms.\" By installing it on its counterpart prototype weapon, the latter's power can be considerably increased.\nThe world ruled by humanity is like the taut bowstring of a quality bow: It can only avoid snapping and collapsing with the appropriate quantity of tension.",
	"category": "AVATAR_MATERIAL",
	"typeText": "Refinement Material",
	"sources": []
}