{
	"id": 114010,
	"name": "Chains of the Dandelion Gladiator",
	"rarity": 3,
	"sortRank": 15103,
	"description": "Weapon Ascension Material.\nThe chains that once bound the great hero Vennessa. In truth, all gladiators would have worn chains in that era, and Vennessa was but one of many.",
	"category": "AVATAR_MATERIAL",
	"typeText": "Weapon Ascension Material",
	"dropDomainId": 4331,
	"dropDomainName": "Domain of Forgery: Ruins of Thirsting Capital",
	"daysOfWeek": [
		"Wednesday",
		"Saturday",
		"Sunday"
	],
	"sources": []
}