{
	"id": 112070,
	"name": "Chaos Bolt",
	"rarity": 4,
	"sortRank": 10124,
	"description": "Comes from a now-inactive ancient Ruin Drake.\nAmong the lost ancient kingdoms, there was a group of people who were obsessed with the idea of mimesis. Be it the Hypostases' pure ordered elements or the ancient primitive power of the dragons, these people believed that they might all be replicated and modified to the point where they had surpassed their natural counterparts.\nBy this means, a superior and unsullied bodily form could replace the continuously decaying and shattering order.",
	"category": "AVATAR_MATERIAL",
	"typeText": "Character and Weapon Enhancement Material",
	"sources": [
		"Dropped by Lv. 60+ Ruin Drakes"
	]
}