{
	"id": 112049,
	"name": "Chaos Oculus",
	"rarity": 4,
	"sortRank": 10116,
	"description": "Comes from a now-inactive ancient Ruin machine.\nThe \"Ruin\" part of the name comes from the areas where they are most active. However, Ruin machines actually have little in common with the detritus in which they are often found.\nIn the ancient past, these ruins were once part of a civilization mighty enough to almost touch the dome of the firmament, while \"ruin\" still waits in the deep places of the earth, awaiting the order to arise and tread all kingdoms underfoot.",
	"category": "AVATAR_MATERIAL",
	"typeText": "Character and Weapon Enhancement Material",
	"sources": [
		"Dropped by Lv. 60+ Ruin Sentinels"
	]
}