{
	"id": 112097,
	"name": "Chasmlight Fin",
	"rarity": 4,
	"sortRank": 10133,
	"description": "An elegant fin taken from a defeated Xuanwen Beast's back.\nThe faint light it reflects contains traces of adeptal energy. In the still of the night, even the most violent beasts briefly sink into a peaceful slumber, reminiscing on times when dreams belonged not only to humans.",
	"category": "AVATAR_MATERIAL",
	"typeText": "Character and Weapon Enhancement Material",
	"sources": [
		"Dropped by Lv. 60+ Xuanwen Beasts"
	]
}