{
	"id": 114024,
	"name": "Chunk of Aerosiderite",
	"rarity": 5,
	"sortRank": 15106,
	"description": "Weapon Ascension Material.\nWhen Khaenri'ah was destroyed, a great sinner created endless monsters with dark, alien blood flowing through their veins. They rampaged across the land, destroying all in their paths. They were mutated lifeforms, and the mutations were caused by powers from beyond this world. The black serpentine dragon Durin that attacked Mondstadt was one such mutated being.",
	"category": "AVATAR_MATERIAL",
	"typeText": "Weapon Ascension Material",
	"dropDomainId": 5225,
	"dropDomainName": "Domain of Forgery: Trial Grounds of Thunder",
	"daysOfWeek": [
		"Wednesday",
		"Saturday",
		"Sunday"
	],
	"sources": []
}