{
	"id": 113012,
	"name": "Cleansing Heart",
	"rarity": 4,
	"sortRank": 11101,
	"description": "A palmful of eternal water left by an oceanid.\nThough it has already diffused among the depths of the lake, its purity remains all the same. But why would a creature so pure and clean as an oceanid covet the appearance of a being that roams the land, and assume such a form with pure water? They need not breathe nor do they require sustenance...",
	"category": "AVATAR_MATERIAL",
	"typeText": "Character Level-Up Material",
	"sources": [
		"Dropped by Lv. 30+ Oceanids"
	]
}