{
	"id": 113058,
	"name": "Cloudseam Scale",
	"rarity": 4,
	"sortRank": 11101,
	"description": "Cold and solid scales from a Solitary Suanni. They retain pure adeptal energy even after falling off and cannot be damaged by ordinary weapons.\nOrdinary beasts can sometimes be affected by errant adeptal energy and become more powerful than usual. However, a suanni's adeptal energy originates from within themselves, which is why their leader is often regarded as equal to adepti.",
	"category": "AVATAR_MATERIAL",
	"typeText": "Character Level-Up Material",
	"sources": [
		"Dropped by Lv. 30+ Solitary Suanni"
	]
}