{
	"id": 220007,
	"name": "Condensed Resin",
	"rarity": 4,
	"sortRank": 300101,
	"description": "You can hold no more than 5 at a time.\nCondensed tree resin that can be used instead of Original Resin to revitalize Petrified Trees and Ley Line Blossoms to receive greater rewards.\nCrystal filled with immense energy.\nThe silver-white Irminsul trees and blossoms are connected to ley lines that have become blocked over time. The energy contained in tree resin can purify the obstructing substance.",
	"category": "CONSUME",
	"typeText": "Consumable",
	"sources": [
		"Crafted"
	]
}