{
	"id": 114037,
	"name": "Copper Talisman of the Forest Dew",
	"rarity": 2,
	"sortRank": 15110,
	"description": "Weapon Ascension Material.\nUnder the instructions of the First Sage, the ancestors of the forest people made these talismans using withered trees to commemorate the Lord of Verdure.\nThe talisman's shape was inspired by the forest dew. It symbolizes the permeation of wisdom into mortal minds.",
	"category": "AVATAR_MATERIAL",
	"typeText": "Weapon Ascension Material",
	"dropDomainId": 4370,
	"dropDomainName": "Domain of Forgery: Tainted Clouds",
	"daysOfWeek": [
		"Monday",
		"Thursday",
		"Sunday"
	],
	"sources": [
		"Exchanged in the Gift Shop"
	]
}