{
	"id": 114025,
	"name": "Coral Branch of a Distant Sea",
	"rarity": 2,
	"sortRank": 15107,
	"description": "Weapon Ascension Material.\nWatatsumi Island is the furthest from Narukami Island in the Inazuman island chain, and its name means \"the god of the oceans\" in the island's ancient tongue. Legend has it that when the great serpent first arose within the abyssal nation of ever-night, its fluorescent body was covered in myriad-colored coral.",
	"category": "AVATAR_MATERIAL",
	"typeText": "Weapon Ascension Material",
	"dropDomainId": 4340,
	"dropDomainName": "Domain of Forgery: Sunken Sands",
	"daysOfWeek": [
		"Monday",
		"Thursday",
		"Sunday"
	],
	"sources": [
		"Exchanged in the Gift Shop"
	]
}