{
	"id": 104319,
	"name": "Crown of Insight",
	"rarity": 5,
	"sortRank": 14101,
	"description": "A precious Talent Level-Up material.\nOnce a medium for the storage and transfer of wisdom in ancient times. Now, wisdom is found in ancient texts and in profound speech. Nevertheless, this Crown of Insight must still be able to impart some transcendent power and wisdom to its bearer.",
	"category": "AVATAR_MATERIAL",
	"typeText": "Character Talent Material",
	"sources": [
		"Limited-Duration Event Reward"
	]
}