{
	"id": 112061,
	"name": "Crystalline Cyst Dust",
	"rarity": 3,
	"sortRank": 10621,
	"description": "A huge lump of spore powder collected from a structurally complete spore cyst. Put it in an appropriate environment, and the area might be filled with a thriving aggregation of Floating Fungi later...",
	"category": "AVATAR_MATERIAL",
	"typeText": "Character and Weapon Enhancement Material",
	"sources": [
		"Dropped by Lv. 60+ Fungi",
		"Dropped uncommonly by Lv. 60+ Fungi (activated)",
		"Dropped uncommonly by Lv. 60+ Fungi (scorched)"
	]
}