{
	"id": 101302,
	"name": "Cuihua Wood",
	"rarity": 1,
	"sortRank": 330,
	"description": "Timber obtained from Cuihua Trees. With its lovely color and unique make, it will surely be able to take on myriad uses upon undergoing suitable workmanship.\nCan be used to create furnishings.",
	"category": "WOOD",
	"typeText": "Material",
	"sources": [
		"Found in the wild",
		"Recommendation: Cut from Starfell Valley",
		"Recommendation: Cut from Bishui Plain",
		"Purchased from Realm Depot: Wood",
		"Convert Wood"
	]
}