{
	"id": 101321,
	"name": "Cypress Wood",
	"rarity": 1,
	"sortRank": 330,
	"description": "Wood from the Cypress Tree. The core has a relatively large radius, with thinner sapwood. Though not solid or reliable as metal, the wood possesses unique advantages for buildings components with a large surface area.\nCan be used to create furnishings.",
	"category": "WOOD",
	"typeText": "Material",
	"sources": [
		"Found in the wild",
		"Recommendation: Cut from the wilds of Fontaine",
		"Purchased from Realm Depot: Wood",
		"Convert Wood"
	]
}