{
	"id": 113043,
	"name": "Daka's Bell",
	"rarity": 5,
	"sortRank": 11101,
	"description": "This ball joint, used to connect mechanical limbs together, is shaped almost like a bell. Though it may seem dainty, it can be used to carry an unimaginably large amount of energy.\nIf connected to one's arms, then one will lose all feeling in them.\nAnd all strength in one's legs will dissipate if such joints are connected to them.\nConnect this joint to one's skull...\nAh, hatred, pain, madness, pride — none of these will be washed away.\nMost fortunate.",
	"category": "AVATAR_MATERIAL",
	"typeText": "Character Level-Up Material",
	"sources": [
		"Lv. 70+ Shouki no Kami, the Prodigal Challenge Reward"
	]
}