{
	"id": 112071,
	"name": "Damaged Prism",
	"rarity": 2,
	"sortRank": 10125,
	"description": "A damaged component obtained from defeating a Primal Construct.\nThese uniquely-shaped machines are the eternal sentinels of the desert ruins, and they possess the power to pierce the mountains and reshape rocks. The same principles that power many mysterious devices above and beneath the earth also power these machines.",
	"category": "AVATAR_MATERIAL",
	"typeText": "Character and Weapon Enhancement Material",
	"sources": [
		"Dropped by Primal Constructs",
		"Stardust Exchange"
	]
}