{
	"id": 112005,
	"name": "Damaged Mask",
	"rarity": 1,
	"sortRank": 10602,
	"description": "A broken bone mask that once belonged to some hilichurl.\nNow more broken than complete, it can no longer perform its primary function.",
	"category": "AVATAR_MATERIAL",
	"typeText": "Character and Weapon Enhancement Material",
	"sources": [
		"Dropped by hilichurls",
		"Dropped uncommonly by Hilichurl Shooters",
		"Dropped uncommonly by samachurls",
		"Dropped uncommonly by mitachurls",
		"Dropped uncommonly by lawachurls",
		"Stardust Exchange"
	]
}