{
	"id": 112018,
	"name": "Dark Statuette",
	"rarity": 3,
	"sortRank": 10120,
	"description": "An idol made in the likeness of some unknown, one-eyed person.\nYou can feel a strange warmth emanating from within as you hold onto it, like the shoulder of a dear friend. Perhaps this icon can indeed give people who understand its significance the courage to carry on.",
	"category": "AVATAR_MATERIAL",
	"typeText": "Character and Weapon Enhancement Material",
	"sources": [
		"Dropped by Lv. 40+ Black Serpents",
		"Stardust Exchange"
	]
}