{
	"id": 112019,
	"name": "Deathly Statuette",
	"rarity": 4,
	"sortRank": 10120,
	"description": "A one-eyed carving that emanates an ominous energy, with no indication of what it's made of.\nAs you gaze upon this idol, you can almost hear a strange, comforting whisper...\n\"See, my child. All that lies under the throne of heaven shall be destroyed by upheaval. The eternal peace of the pitch-dark void shall embrace us all.\"",
	"category": "AVATAR_MATERIAL",
	"typeText": "Character and Weapon Enhancement Material",
	"sources": [
		"Dropped by Lv. 60+ Black Serpents"
	]
}