{
	"id": 114002,
	"name": "Debris of Decarabian's City",
	"rarity": 3,
	"sortRank": 15101,
	"description": "Weapon Ascension Material.\nDecarabian, the God of Storms, was content with the capital city he had raised, and accepted the worship of the people from atop his tower. But he knew not that the people did not bow to him out of respect or adoration.",
	"category": "AVATAR_MATERIAL",
	"typeText": "Weapon Ascension Material",
	"dropDomainId": 4311,
	"dropDomainName": "Domain of Forgery: City of Reflections",
	"daysOfWeek": [
		"Monday",
		"Thursday",
		"Sunday"
	],
	"sources": []
}