{
	"id": 114067,
	"name": "Delirious Demeanor of the Sacred Lord",
	"rarity": 4,
	"sortRank": 15117,
	"description": "Weapon Ascension Material.\nIt was in that era that the first human to ascend arose from the throne to enter the Sacred Flame, while the mortal world awaited the arrival of their successor.\nIt was also the era that the mastermind took up the reins of all authority in their stead.\nUnfortunately, this self-proclaimed Sacred Lord, this usurper who believed that the god he had loved and shed golden tears for should forever remain the one and only — overstepped his authority. Placing selfish desire above the commandments left by that revered god, he established a city in which the heavens and the earth were separated from one another.",
	"category": "AVATAR_MATERIAL",
	"typeText": "Weapon Ascension Material",
	"dropDomainId": 4388,
	"dropDomainName": "Domain of Forgery: Attentive Observation",
	"daysOfWeek": [
		"Tuesday",
		"Friday",
		"Sunday"
	],
	"sources": []
}