{
	"id": 114068,
	"name": "Delirious Divinity of the Sacred Lord",
	"rarity": 5,
	"sortRank": 15117,
	"description": "Weapon Ascension Material.\nThe Sacred Lord of the ineffable city often murmured non-human languages in his dreams, and when he beheld himself in the mirror, he saw how the single pupil that was visible through his mask was gradually becoming vertical. This only served to further fuel his growing hatred for the dragons.\nIt is said that when the scarlet-eyed youth burned down that city above a city, submerged in shadow as it was, he witnessed a half-human figure before the royal hall who had been driven mad. As if tearing off its very face, it ripped away at its indelible divine visage, revealing gaping holes that were fearsomely draconic.\nConsumed by the golden flames it spewed, the disfigured form of that deranged soul fell from a great height into the pitch-black mire below. Forsaken by all, thus was the tragic end that this delusional outcast is said to have met.",
	"category": "AVATAR_MATERIAL",
	"typeText": "Weapon Ascension Material",
	"dropDomainId": 4389,
	"dropDomainName": "Domain of Forgery: Attentive Observation",
	"daysOfWeek": [
		"Tuesday",
		"Friday",
		"Sunday"
	],
	"sources": []
}