{
	"id": 114065,
	"name": "Delirious Decadence of the Sacred Lord",
	"rarity": 2,
	"sortRank": 15117,
	"description": "Weapon Ascension Material.\nIt is said that the controversial mastermind who later came to be known as the Sacred Lord of the ineffable city was once imprisoned. The first human to ascend, who at the time had not yet attained divine form, showed him great compassion.\nThus, after emerging from the mighty wing-shadows of a once-great race, he was accepted by the tribe who had once been his.\nSince then, he has concealed his true visage beneath a mask, hiding the golden patterns that mark it, and resolved to offer up everything to the master who holds his vow.",
	"category": "AVATAR_MATERIAL",
	"typeText": "Weapon Ascension Material",
	"dropDomainId": 4386,
	"dropDomainName": "Domain of Forgery: Attentive Observation",
	"daysOfWeek": [
		"Tuesday",
		"Friday",
		"Sunday"
	],
	"sources": [
		"Exchanged in the Gift Shop"
	]
}