{
	"id": 113062,
	"name": "Denial and Judgment",
	"rarity": 5,
	"sortRank": 11101,
	"description": "An earring that you picked up in the ruins after completing the duel against The Knave.\nThe red symbol upon it resembles the image in her eyes, a declaration and a rejection alike.\nThe orphaned live lives filled with suffering from childhood — this she sees and keeps in her heart.\nAs fate casts an examining eye on humanity, so too will humans cast judgment upon fate.",
	"category": "AVATAR_MATERIAL",
	"typeText": "Character Level-Up Material",
	"sources": [
		"Lv. 70+ The Knave Challenge Reward"
	]
}