{
	"id": 113028,
	"name": "Dew of Repudiation",
	"rarity": 4,
	"sortRank": 11101,
	"description": "A strange water droplet left behind by the collapse of the Hydro Hypostasis.\nIt has strong rejection properties, and this forms the basis of one of the Hydro Hypostasis' attack patterns as well. They say that water contains memories and willpower, and that these things can grow when bodies of water meld together. However, the waves conjured by the Hydro Hypostasis are incompatible with the currents that flow above and below ground. Even if it were to flow into the surpassingly pure waters of Petrichor, this drop of water will likely resist assimilation as strongly as mercury.",
	"category": "AVATAR_MATERIAL",
	"typeText": "Character Level-Up Material",
	"sources": [
		"Dropped by Lv. 30+ Hydro Hypostases"
	]
}