{
	"id": 131021,
	"name": "Divda Ray",
	"rarity": 3,
	"sortRank": 341,
	"description": "A strange cartilaginous fish that was once thought to be a fantastical creature, only recorded in some ancient scrolls of art on Watatsumi Island. As the seal over Enkanomiya was opened, their true forms were laid bare before the eyes of all.\nIt is said that the bodily forms of these curious creatures will change color as time passes. When they are young, they are as gold as sunlight. Rays at this stage of life earned the name \"Divda\" in those ancient scrolls, which means \"the tail end of innocence.\"",
	"category": "EXCHANGE",
	"typeText": "Fish",
	"sources": [
		"Obtained from fishing"
	]
}