{
	"id": 112063,
	"name": "Dormant Fungal Nucleus",
	"rarity": 3,
	"sortRank": 10122,
	"description": "Body tissue left behind by a Fungus that has been exposed to intense elemental stimulation.\nThere was once a protracted debate among Amurta researchers on whether the Fungi should be categorized as plants or animals. In the end, they reached an agreement and closed the case for good — the Fungi shall be its own category, neither plant nor animal.",
	"category": "AVATAR_MATERIAL",
	"typeText": "Character and Weapon Enhancement Material",
	"sources": [
		"Dropped by Lv. 40+ Fungi (activated)",
		"Dropped by Lv. 40+ Fungi (scorched)",
		"Stardust Exchange"
	]
}