{
	"id": 113031,
	"name": "Dragonheir's False Fin",
	"rarity": 4,
	"sortRank": 11101,
	"description": "A piece of biological tissue that you found after defeating the Bathysmal Vishaps.\nAlthough it looks like a fin of some kind, it does not actually have any function at all.\nThe people of Byakuyakoku once investigated the Bathysmal Vishaps quite deeply. Their most distinctive feature was the ability to choose what traits it wished to pass on to its offspring. Because of their great hatred for man-made light sources, these vishaps will lose any visual acuity by the time they reach maturity. At the same time, they have also evolved a certain degree of elemental polymorphism for combat purposes.",
	"category": "AVATAR_MATERIAL",
	"typeText": "Character Level-Up Material",
	"sources": [
		"Dropped by Lv. 30+ Bathysmal Vishap Herds"
	]
}