{
	"id": 114012,
	"name": "Dream of the Dandelion Gladiator",
	"rarity": 5,
	"sortRank": 15103,
	"description": "Weapon Ascension Material.\nVennessa may have been freed from slavery, but she then found herself subject to many other, even greater forms of bondage. What began as a duty to her tribespeople extended to all of Mondstadt, then to the concept of freedom itself, and beyond a point even to the whole world.\nWhat she really hoped for, in truth, was that the world might grow stronger.",
	"category": "AVATAR_MATERIAL",
	"typeText": "Weapon Ascension Material",
	"dropDomainId": 4333,
	"dropDomainName": "Domain of Forgery: Ruins of Thirsting Capital",
	"daysOfWeek": [
		"Wednesday",
		"Saturday",
		"Sunday"
	],
	"sources": []
}