{
	"id": 114047,
	"name": "Dream of Scorching Might",
	"rarity": 4,
	"sortRank": 15112,
	"description": "Weapon Ascension Material.\nSilver moonlight and clear springs once completed the scenery of the oases. But as the Lord of Flowers faded in the darkening sandstorm, so was the worriless golden paradise submerged by death.\nIn the poetry of the Eremite Tribe, the moon cast its silver light on the crimson mantle, causing Al-Ahmar, the Mourning King, to be driven to madness.\nIn a melancholic desert ballad, driven by the haunting nostalgia, the lonely king created an ever-youthful dreamland in the center of the desert, where undisturbed water sprang up and perpetual dusk remained.",
	"category": "AVATAR_MATERIAL",
	"typeText": "Weapon Ascension Material",
	"dropDomainId": 4380,
	"dropDomainName": "Domain of Forgery: Leading Karma",
	"daysOfWeek": [
		"Wednesday",
		"Saturday",
		"Sunday"
	],
	"sources": []
}