{
	"id": 114053,
	"name": "Dross of Pure Sacred Dewdrop",
	"rarity": 2,
	"sortRank": 15114,
	"description": "Weapon Ascension Material.\nLegends say that before the birth of life, there was a dense primordial sea. It is the purest origin of all things, and one day, it will also swallow all life... and those things which did not arise from it will be filtered out, becoming naught but floating detritus.\n\"The existence of detritus also has meaning — What kind of thing would be rejected by the source of all things that swallows all life?\" the young Harmost asked the great usurper, pondering this conundrum.",
	"category": "AVATAR_MATERIAL",
	"typeText": "Weapon Ascension Material",
	"dropDomainId": 4500,
	"dropDomainName": "Domain of Forgery: Artisanship",
	"daysOfWeek": [
		"Tuesday",
		"Friday",
		"Sunday"
	],
	"sources": [
		"Exchanged in the Gift Shop"
	]
}