{
	"id": 104201,
	"name": "Dust of Azoth",
	"rarity": 2,
	"sortRank": 410011,
	"description": "A device that can transmute elemental Ascension Materials and change their Elemental Type.\nIts practical uses notwithstanding, alchemy is the study of the nature of matter and the rules that underpin its transformations, and ultimately it seeks to comprehend the working principles of the world and the flow of the ley lines.\nIt is not known who would share alchemical achievements of this magnitude with the civilizations of the world and why. But although the power to fundamentally transmute elemental energy in its crystallized and inert form is a highly useful one, this device also conceals the grave danger of disrupting the elemental balance...",
	"category": "CONSUME",
	"typeText": "Consumable",
	"sources": [
		"Stardust Exchange"
	]
}