{
	"id": 113003,
	"name": "Dvalin's Plume",
	"rarity": 5,
	"sortRank": 11101,
	"description": "A feather from the tail of the Dragon of the East.\nAs a dragon's feather it has experienced more than a thousand years' worth of winds. One senses within it a yearning for freedom so strong that it could whip up a light breeze to rescue it from its current confines. Its former owner's recognition of you is what makes it content to stay in your hands.",
	"category": "AVATAR_MATERIAL",
	"typeText": "Character Level-Up Material",
	"sources": [
		"Lv. 70+ Stormterror Challenge Reward"
	]
}