{
	"id": 113005,
	"name": "Dvalin's Sigh",
	"rarity": 5,
	"sortRank": 11101,
	"description": "A bit of power taken from the whirlwinds evoked by the Dragon of the East.\nBeautiful and transparent, both trade winds and tornadoes will work in his name. The winds move as his companion, his voice, and his freedom.\nHis enemies are the thousands who stand against the wind.",
	"category": "AVATAR_MATERIAL",
	"typeText": "Character Level-Up Material",
	"sources": [
		"Lv. 70+ Stormterror Challenge Reward"
	]
}