{
	"id": 114052,
	"name": "Echo of an Ancient Chord",
	"rarity": 5,
	"sortRank": 15113,
	"description": "Weapon Ascension Material.\nThe God King's Grand Symphony is composed of countless melodies linked together, but its main thesis is submerged under the common destiny of the Water Nation.\nThe harmonies of those carefree years and sonatas were once the greatest representation of civilization and order, but when the prosperous empire descended into a playground for tyrants, the brutal despots tore the connection with the source asunder under the cover of golden cloaks, and discord finally swarmed through the empire—\nThe original song of fate continued to ring out on a score of fading gold, unperturbed by all... until all was dissolved, and all returned to chaos.",
	"category": "AVATAR_MATERIAL",
	"typeText": "Weapon Ascension Material",
	"dropDomainId": 4473,
	"dropDomainName": "Domain of Forgery: Robotic Ruse",
	"daysOfWeek": [
		"Monday",
		"Thursday",
		"Sunday"
	],
	"sources": []
}