{
	"id": 114045,
	"name": "Echo of Scorching Might",
	"rarity": 2,
	"sortRank": 15112,
	"description": "Weapon Ascension Material.\nA long time ago, the people of the Lord of Deserts carved these imperial insignias based on robust beetles to memorialize the bright sun that marked the shifting of day and night, as well as the infinity of such times.\nThough the name of that Lord is no longer mentioned, these imperial insignias have been preserved through time, each bearing a faint ambiance of those past glories.\nThese insignias travel with the descendants of the Eremite Tribe, silently telling the tales of their then-Lord.",
	"category": "AVATAR_MATERIAL",
	"typeText": "Weapon Ascension Material",
	"dropDomainId": 4378,
	"dropDomainName": "Domain of Forgery: Leading Karma",
	"daysOfWeek": [
		"Wednesday",
		"Saturday",
		"Sunday"
	],
	"sources": [
		"Exchanged in the Gift Shop"
	]
}