{
	"id": 113070,
	"name": "Eroded Scale-Feather",
	"rarity": 5,
	"sortRank": 11101,
	"description": "A pitch-black scale that fell to the ground after the battle against the Lord of Eroded Primal Fire.\nThe ancient dragons once used their fallen scales as a means to transmit secret messages and edicts.\nThis scale has been utterly corroded by the power of darkness, the light that was once engraved upon it wholly devoured, leaving naught but twisted, dark remnants.",
	"category": "AVATAR_MATERIAL",
	"typeText": "Character Level-Up Material",
	"sources": [
		"Lv. 70+ Lord of Eroded Primal Fire Challenge Reward"
	]
}