{
	"id": 113068,
	"name": "Eroded Horn",
	"rarity": 5,
	"sortRank": 11101,
	"description": "The Lord of Eroded Primal Fire's blazing horn, cut off in the heat of battle.\nLegend has it that the original primal flame was the birthplace of light and wisdom, and the horn of the Pyro Dragon shone like a pillar of fire, illuminating the savage, desolate world.\nAnd though the base of the flaming horn has been corroded, the light that once illuminated the world remains without blemish.",
	"category": "AVATAR_MATERIAL",
	"typeText": "Character Level-Up Material",
	"sources": [
		"Lv. 70+ Lord of Eroded Primal Fire Challenge Reward"
	]
}