{
	"id": 113069,
	"name": "Eroded Sunfire",
	"rarity": 5,
	"sortRank": 11101,
	"description": "Though the battle with the Lord of Eroded Primal Fire has ended, this ring-shaped flame yet burns.\nIn the beginning, in the deepest, darkest of nights, the master of flame emulated the sun, thus supplanting the light of the starry skies.\nThough the flame's glow has been halfway corroded, it still reflects the world of old in its glory.",
	"category": "AVATAR_MATERIAL",
	"typeText": "Character Level-Up Material",
	"sources": [
		"Lv. 70+ Lord of Eroded Primal Fire Challenge Reward"
	]
}