{
	"id": 113048,
	"name": "Everamber",
	"rarity": 5,
	"sortRank": 11101,
	"description": "A piece of amber taken from the oasis within Apep. Inside the amber, a small, long-extinct insect remains frozen in time.\nTo the tree, it was circumstance that led this little life to be wreathed within its amber. But for said life, this was fate.\nFollowing the heaven-sent disaster, wood, vines, roots, and all manner of flora withered and turned to dust. A great many life forms disappeared.\nBut in the stillness of amber, a nameless insect endures in this otherworldly oasis, reaching a future that no others of its kind could.",
	"category": "AVATAR_MATERIAL",
	"typeText": "Character Level-Up Material",
	"sources": [
		"Lv. 70+ Guardian of Apep's Oasis Challenge Reward"
	]
}