{
	"id": 113045,
	"name": "Evergloom Ring",
	"rarity": 4,
	"sortRank": 11101,
	"description": "A mystical weapon obtained after defeating the Four-Armed Envoy of dark tidings.\nRings are shaped like passageways, which is why arcane formations that are meant to produce some mystical effect are often ring-shaped. Such rings are perhaps gateways intended to guide the universe itself.",
	"category": "AVATAR_MATERIAL",
	"typeText": "Character Level-Up Material",
	"sources": [
		"Dropped by Lv. 30+ Iniquitous Baptists"
	]
}