{
	"id": 113011,
	"name": "Everflame Seed",
	"rarity": 4,
	"sortRank": 11101,
	"description": "A seed that fuels the unending flames of the Pyro Regisvine. It emits Pyro energy as if it will burn all that has ever sprouted from the ground.\nEndless desires flow among turbulent energy deep within the earth. What desire could steadily hold such fire to the plants and long so eagerly to bathe everything in unquenchable flames?",
	"category": "AVATAR_MATERIAL",
	"typeText": "Character Level-Up Material",
	"sources": [
		"Dropped by Lv. 30+ Pyro Regisvines"
	]
}