{
	"id": 200120,
	"name": "\"Exalted Earth\"",
	"rarity": 4,
	"sortRank": 90,
	"description": "Specialized refinement material for \"Dialogues of the Desert Sages.\"\nIn introductory alchemy studies, mercury is often called \"Exalted Earth,\" for it can even greedily devour gold. As such, it is also used in alchemy to represent metal.\nIt still possesses the potential for transformation even after being dried and turned to dust.",
	"category": "AVATAR_MATERIAL",
	"typeText": "Refinement Material",
	"sources": []
}