{
	"id": 113060,
	"name": "Fading Candle",
	"rarity": 5,
	"sortRank": 11101,
	"description": "A candle that you picked up in the ruins after completing the duel against The Knave.\nLegends passed down claim that when the candle's flame flickers in the hands of sinners, the light may become shadows, making footsteps faint and masking fatal intent.\nYou cannot tell what material this is made of, and it weeps no wax after burning, releasing only black ash that scatters into the wind, drifting towards the distant unknown.",
	"category": "AVATAR_MATERIAL",
	"typeText": "Character Level-Up Material",
	"sources": [
		"Lv. 70+ The Knave Challenge Reward"
	]
}