{
	"id": 111026,
	"name": "Fake Fly Bait",
	"rarity": 2,
	"sortRank": 340,
	"description": "Mimetic fly bait made from vibrantly-colored materials. It has no scent, and is specialized to attract large fish with sharp vision. It is often well-suited to more advanced angling techniques. The fishing associations of various regions regard the skilled use of such bait as one of the conditions for its members' advancement in rank.\n\nSuitable for catching Koi, Pufferfish, and Rays.",
	"category": "FISH_BAIT",
	"typeText": "Bait",
	"sources": [
		"Crafted"
	]
}