{
	"id": 112046,
	"name": "Famed Handguard",
	"rarity": 3,
	"sortRank": 10615,
	"description": "An intricately-made handguard that was mounted upon a famed weapon.\nSome believe that swords have souls and lives of their own, and thus deserve their own names. Those who love their blades will be acknowledged by them in turn. But those who see their swords as friends or even lovers should be warned that this relationship is built on death and bloodshed. The passions of those who dance with their blade amid crimson showers must surely be cooled someday by fickle steel.",
	"category": "AVATAR_MATERIAL",
	"typeText": "Character and Weapon Enhancement Material",
	"sources": [
		"Dropped by Lv. 60+ Nobushi"
	]
}