{
	"id": 114009,
	"name": "Fetters of the Dandelion Gladiator",
	"rarity": 2,
	"sortRank": 15103,
	"description": "Weapon Ascension Material.\nIt's a human thing to exaggerate a hero's story, even to the point of elevating the fetters that once bound the hero to the level of an enemy of true freedom.\nAs a result, these fetters were granted extraordinary powers.",
	"category": "AVATAR_MATERIAL",
	"typeText": "Weapon Ascension Material",
	"dropDomainId": 4330,
	"dropDomainName": "Domain of Forgery: Ruins of Thirsting Capital",
	"daysOfWeek": [
		"Wednesday",
		"Saturday",
		"Sunday"
	],
	"sources": [
		"Purchase from the Souvenir Shop in Mondstadt",
		"Exchanged in the Gift Shop"
	]
}