{
	"id": 101325,
	"name": "Flammabomb Wood",
	"rarity": 1,
	"sortRank": 330,
	"description": "Timber obtained from Flammabomb trees. Unlike what their names suggest, such timber is resistant to catching fire or exploding once processed using methods recommended by the Collective of Plenty.\nCan be used to create furnishings.",
	"category": "WOOD",
	"typeText": "Material",
	"sources": [
		"Found in the wild",
		"Recommendation: Cut from the wilds of Natlan",
		"Purchased from Realm Depot: Wood",
		"Convert Wood"
	]
}