{
	"id": 111031,
	"name": "Flashing Maintenance Mek Bait",
	"rarity": 2,
	"sortRank": 340,
	"description": "A unique type of Trap said to utilize technology developed by the Fontaine Research Institute. Equipped with a metal protective cage and hook bars, the device contains a light made from Marcotte extract.\nWhen tossed in water, the light flashes at a certain frequency to attract nearby Maintenance Meks, which are often referred to as \"Water Maintenance Fish\" or \"Iron Fish.\" Maintenance Meks have powerful bites, but they are only able to bite onto the specially made external bars which hook them firmly in place. The contraption is essentially a special kind of bait designed to catch valuable \"Iron Fishes.\"\n\nSuitable for catching Maintenance Meks.",
	"category": "FISH_BAIT",
	"typeText": "Bait",
	"sources": [
		"Crafted"
	]
}