{
	"id": 131022,
	"name": "Formalo Ray",
	"rarity": 3,
	"sortRank": 341,
	"description": "A strange cartilaginous fish that was once thought to be a fantastical creature, only recorded in some ancient scrolls of art on Watatsumi Island. As the seal over Enkanomiya was opened, their true forms were laid bare before the eyes of all.\nIt is said that the bodily forms of these curious creatures will change color as time passes. When they are young, they are as gold as sunlight. Later in life, however, their colors deepen, and their two 'wings' will be colored with a purple as deep as the night. Rays at this stage of life earned the name \"Formalo\" in those ancient scrolls, which means \"the maw of greed.\"",
	"category": "EXCHANGE",
	"typeText": "Fish",
	"sources": [
		"Obtained from fishing"
	]
}