{
	"id": 112043,
	"name": "Fossilized Bone Shard",
	"rarity": 4,
	"sortRank": 10114,
	"description": "A fossilized bone fragment sometimes found after defeating Geovishaps.\nGeovishaps all dream of growing into great dragons one day. They see these fossils as dragon bones and greatly cherish them, perhaps because they too hope to attain the dragons' longevity and power.",
	"category": "AVATAR_MATERIAL",
	"typeText": "Character and Weapon Enhancement Material",
	"sources": [
		"Dropped by Lv. 60+ Geovishap Hatchlings",
		"Dropped by Lv. 60+ Geovishaps",
		"Dropped by Lv. 60+ Bathysmal Vishaps"
	]
}