{
	"id": 113059,
	"name": "Fragment of a Golden Melody",
	"rarity": 4,
	"sortRank": 11101,
	"description": "A golden fragment that fell from the centaur golem's chest. Putting the tune inscribed upon the shattered rubble back together, it appears to be a small sliver of a grander musical movement.\nPeople once believed that the song of eternal happiness and harmony would resound throughout the world till the end of all destinies. But harmonies can be changed. When the rebellious God King fell from his throne, the imperishable capital was reduced to refuse and rubble — for whom, then, shall the lyre in the hands of a legion-less commander play?",
	"category": "AVATAR_MATERIAL",
	"typeText": "Character Level-Up Material",
	"sources": [
		"Dropped by Lv. 30+ Legatus Golems"
	]
}