{
	"id": 114049,
	"name": "Fragment of an Ancient Chord",
	"rarity": 2,
	"sortRank": 15113,
	"description": "Weapon Ascension Material.\nA harp with rotten keys. Its voice blocked, it cannot be played nor its sound heard.\nIt is said the descendants of the forgotten music once lacquered mechanical wooden harps with gold in order to revive the magnificent remnants of the ancient dynasty, futilely attempting to match them to the silent golems...\nA long time passed, and then more, and the rotten, off-key harps remained in the grasp of those silent giants, caressed by the waves, playing only sorrowful strains.",
	"category": "AVATAR_MATERIAL",
	"typeText": "Weapon Ascension Material",
	"dropDomainId": 4470,
	"dropDomainName": "Domain of Forgery: Robotic Ruse",
	"daysOfWeek": [
		"Monday",
		"Thursday",
		"Sunday"
	],
	"sources": [
		"Exchanged in the Gift Shop"
	]
}