{
	"id": 200105,
	"name": "\"Fragments of Innocence\"",
	"rarity": 4,
	"sortRank": 90,
	"description": "Specialized refinement material for \"Dodoco Tales.\"\nPages scattered on the wind. Each one is filled to the brim with childlike wonder, and their dimensions are an exact match for \"Dodoco Tales.\" The abundant innocence and pure love therein will never fade, and just like the never-ending adventure in the book — this passionate fairy tale shall forever soar in the wake of the author's footsteps.",
	"category": "AVATAR_MATERIAL",
	"typeText": "Refinement Material",
	"sources": []
}