{
	"id": 114003,
	"name": "Fragment of Decarabian's Epic",
	"rarity": 4,
	"sortRank": 15101,
	"description": "Weapon Ascension Material.\nAndrius once declared war upon Decarabian, but failed to even scratch the capital of the Lord of the Tower. If it were not for the song of freedom that shattered the city in an instant, Decarabian's dream would have gone on forever.",
	"category": "AVATAR_MATERIAL",
	"typeText": "Weapon Ascension Material",
	"dropDomainId": 4312,
	"dropDomainName": "Domain of Forgery: City of Reflections",
	"daysOfWeek": [
		"Monday",
		"Thursday",
		"Sunday"
	],
	"sources": []
}