{
	"id": 111023,
	"name": "Fruit Paste Bait",
	"rarity": 2,
	"sortRank": 340,
	"description": "A very commonly-seen bait made from mashing, fermenting, and kneading Sunsettias and Wheat together. It atomizes very quickly upon hitting the water and exerts an incredible attraction on small fish. Due to the ease of its making, cheap price, and its excellent efficacy, it has also been jokingly called the \"Fisher's Trusty Treasure.\"\n\nSuitable for catching Medakas, Dawncatchers, and Crystalfish.",
	"category": "FISH_BAIT",
	"typeText": "Bait",
	"sources": [
		"Crafted"
	]
}