{
	"id": 112059,
	"name": "Fungal Spores",
	"rarity": 1,
	"sortRank": 10621,
	"description": "A small amount of glittering spore powder left behind by Floating Fungi. Seems that a sneeze is all it takes for this powder to vanish without a trace.",
	"category": "AVATAR_MATERIAL",
	"typeText": "Character and Weapon Enhancement Material",
	"sources": [
		"Dropped by Fungi",
		"Dropped uncommonly by Fungi (activated)",
		"Dropped uncommonly by Fungi (scorched)",
		"Stardust Exchange"
	]
}