{
	"id": 131001,
	"name": "Glaze Medaka",
	"rarity": 3,
	"sortRank": 341,
	"description": "A lively, energetic fish famous for its petal-shaped tail.\nThis species has inscrutable behavioral patterns, and they can often be seen bursting into struggling fits out of the blue, as if bearing some sort of unseen pain. This phenomenon, however, does not occur at all when they are alone. Some researchers believe that this peculiarity stems from their natural desire to perform.",
	"category": "EXCHANGE",
	"typeText": "Fish",
	"sources": [
		"Obtained from fishing"
	]
}