{
	"id": 112017,
	"name": "Gloomy Statuette",
	"rarity": 2,
	"sortRank": 10120,
	"description": "An idol made in the likeness of some unknown person.\nEven though this carving has seen many years pass, it still has not been damaged in any way. It seems that its previous owner must have cherished it like some holy icon.",
	"category": "AVATAR_MATERIAL",
	"typeText": "Character and Weapon Enhancement Material",
	"sources": [
		"Dropped by the Black Serpents",
		"Stardust Exchange"
	]
}