{
	"id": 111027,
	"name": "Glowgrass Bait",
	"rarity": 2,
	"sortRank": 340,
	"description": "A special bait made from Magical Crystal Ore and Seagrass, it shines where no light illuminates, and may thus hold special attraction for those fellows who ever yearn for light.\nIf you should run out of these, you can get more from Kujirai Momiji.\n\nSuitable for catching all fish species.",
	"category": "FISH_BAIT",
	"typeText": "Bait",
	"sources": [
		"Obtained by completing Kujirai Momiji's quest"
	]
}