{
	"id": 200110,
	"name": "Glowing Gem",
	"rarity": 4,
	"sortRank": 90,
	"description": "Specialized refinement material for Fading Twilight.\nCor Lapis delicately refined by ancient arts practiced by the early inhabitants of The Chasm. It glimmers slightly with a light that resembles either the radiance of dawn or the dying twilight. Appearing in caverns where none may see either form of light, it must have brought some small comfort to those who fought against the dark enemy.",
	"category": "AVATAR_MATERIAL",
	"typeText": "Refinement Material",
	"sources": []
}