{
	"id": 114040,
	"name": "Golden Talisman of the Forest Dew",
	"rarity": 5,
	"sortRank": 15110,
	"description": "Weapon Ascension Material.\n\"Mortals hold dear three things only: the spring water that embraces the moonlight, verdant life, and ageless youth...\"\nThe nature of \"wisdom\" is not domination over all minds or scheming to gain all the benefit. Instead, it is about empowering even ordinary beings to one day overcome their imposed constraints.\nThough the roar of the tiger is no longer heard in the forest and the resilient guardians would seclude themselves within the dreams of children... On the night when every secret golden seal is lifted and all dreams glow like amber in the moonlight, perhaps she and her beloved people will eventually win genuine freedom.",
	"category": "AVATAR_MATERIAL",
	"typeText": "Weapon Ascension Material",
	"dropDomainId": 4373,
	"dropDomainName": "Domain of Forgery: Tainted Clouds",
	"daysOfWeek": [
		"Monday",
		"Thursday",
		"Sunday"
	],
	"sources": []
}