{
	"id": 114060,
	"name": "Golden Goblet of the Pristine Sea",
	"rarity": 5,
	"sortRank": 15115,
	"description": "Weapon Ascension Material.\nWhen the Usurper of the sunken city played the last movement of the golden symphony, the favored musician stole the golden goblet brimming with Ichor.\nShocked by the foolhardy betrayal of the God King, the musician summoned the last guards, and used the insoluble Ichor to seal the dragon beneath the tall tower, and sank into the abyss with the capital.\nAfterwards, this noble thief vanished silently from history, and only the \"Golden Troupe\" faithfully remembers his prophecy.",
	"category": "AVATAR_MATERIAL",
	"typeText": "Weapon Ascension Material",
	"dropDomainId": 4507,
	"dropDomainName": "Domain of Forgery: Curious Contraptions",
	"daysOfWeek": [
		"Wednesday",
		"Saturday",
		"Sunday"
	],
	"sources": []
}