{
	"id": 112037,
	"name": "Golden Raven Insignia",
	"rarity": 3,
	"sortRank": 10612,
	"description": "A raven insignia that symbolizes the pride and the guiding principle of the Treasure Hoarders. Whether it's hidden amidst the vastness of the land or in the depths of the seas, as long as there are treasures to be hunted down, the spirit of Treasure Hoarders, who will stop at nothing to acquire them, will never die.",
	"category": "AVATAR_MATERIAL",
	"typeText": "Character and Weapon Enhancement Material",
	"sources": [
		"Dropped by Lv. 60+ Treasure Hoarders"
	]
}