{
	"id": 114021,
	"name": "Grain of Aerosiderite",
	"rarity": 2,
	"sortRank": 15106,
	"description": "Weapon Ascension Material.\nA black meteor once fell beyond Liyue's Sea of Clouds, said to have fallen to vanquish a monster. However, it was stained by powerful tainted blood, so this item no longer possesses the pure power of Rex Lapis.",
	"category": "AVATAR_MATERIAL",
	"typeText": "Weapon Ascension Material",
	"dropDomainId": 5222,
	"dropDomainName": "Domain of Forgery: Trial Grounds of Thunder",
	"daysOfWeek": [
		"Wednesday",
		"Saturday",
		"Sunday"
	],
	"sources": [
		"Purchase from the Souvenir Shop in Liyue",
		"Exchanged in the Gift Shop"
	]
}