{
	"id": 131041,
	"name": "Greenwave Sunfish",
	"rarity": 3,
	"sortRank": 343,
	"description": "Medium-sized fish with a flat body and a gentle temperament, these fish are considered to be one of the least irritable creatures in the waters of Natlan. Capable of consuming almost anything, their utterly indiscriminate eating habits make them natural cleaners of the underwater world, a trait that has earned them high praise among locals.\nLegend has it that in the distant past, Greenwave Sunfish inhabited waters where the nutrient levels were excessively high, to the point that thick layers of algae would float upon the surface. It was thanks to their presence that this algae was kept in check. Even today, the crystal-clear, azure waters of the People of the Springs may be in part a testament to their contribution.",
	"category": "EXCHANGE",
	"typeText": "Fish",
	"sources": [
		"Obtained from fishing"
	]
}