{
	"id": 104317,
	"name": "Guide to Gold",
	"rarity": 3,
	"sortRank": 13106,
	"description": "Talent Level-Up material.\nGold is the symbol of the land of Geo.\nGold symbolizes conversion. This is the unspoken understanding between Liyue's mountains, land, city, and people. In Liyue, industriousness is converted into gold, and gold into prosperity.",
	"category": "AVATAR_MATERIAL",
	"typeText": "Character Talent Material",
	"dropDomainId": 5263,
	"dropDomainName": "Domain of Mastery: Circle of Embers",
	"daysOfWeek": [
		"Wednesday",
		"Saturday",
		"Sunday"
	],
	"sources": []
}