{
	"id": 104342,
	"name": "Guide to Justice",
	"rarity": 3,
	"sortRank": 13114,
	"description": "Talent Level-Up Material.\nThe sword of the Nation of Water is justice.\nThe law of Fontaine walks with the sword of justice in hand. Justice must be blind, and those who wield the sword of justice must not be led astray by their own interests or affairs.",
	"category": "AVATAR_MATERIAL",
	"typeText": "Character Talent Material",
	"dropDomainId": 4491,
	"dropDomainName": "Domain of Mastery: Admonishing Engraving",
	"daysOfWeek": [
		"Tuesday",
		"Friday",
		"Sunday"
	],
	"sources": []
}