{
	"id": 104311,
	"name": "Guide to Prosperity",
	"rarity": 3,
	"sortRank": 13104,
	"description": "Talent Level-Up material.\nProsperity is the people's pursuit in the land of Geo.\nProsperity is the promise made by Liyue to its children: To repay the hard-working laborers with enough gold to brighten up this land.",
	"category": "AVATAR_MATERIAL",
	"typeText": "Character Talent Material",
	"dropDomainId": 5255,
	"dropDomainName": "Domain of Mastery: Altar of Flames",
	"daysOfWeek": [
		"Monday",
		"Thursday",
		"Sunday"
	],
	"sources": []
}