{
	"id": 104336,
	"name": "Guide to Praxis",
	"rarity": 3,
	"sortRank": 13112,
	"description": "Talent Level-Up material.\nPraxes are the roots of the nation of wisdom.\nPraxes validate words of honesty. Though one speaks and acts out of goodwill, one has not yet obtained wisdom. Wisdom, born from action, is a signet pressed upon honest words.",
	"category": "AVATAR_MATERIAL",
	"typeText": "Character Talent Material",
	"dropDomainId": 4451,
	"dropDomainName": "Domain of Mastery: Basket of Discipline",
	"daysOfWeek": [
		"Wednesday",
		"Saturday",
		"Sunday"
	],
	"sources": []
}