{
	"id": 104333,
	"name": "Guide to Ingenuity",
	"rarity": 3,
	"sortRank": 13111,
	"description": "Talent Level-Up material.\nIngenuity is the leaf-veins of the nation of wisdom. Ingenuity sets words of integrity on the right path. One who thinks out of goodwill and in a clever and careful fashion never deviates from the path of boons. Yet one who thinks with contempt and malice shall taint their words with despicable colors.",
	"category": "AVATAR_MATERIAL",
	"typeText": "Character Talent Material",
	"dropDomainId": 4441,
	"dropDomainName": "Domain of Mastery: Witticism",
	"daysOfWeek": [
		"Tuesday",
		"Friday",
		"Sunday"
	],
	"sources": []
}