{
	"id": 104354,
	"name": "Guide to Conflict",
	"rarity": 3,
	"sortRank": 13118,
	"description": "Talent Level-Up material.\nConflict is considered reason in the Nation of Pyro.\nConflicts can always be resolved by greater powers. This fact means that they can always be managed, as opposed to developing into something uncontrollable. Conflict is also a kind of limitation, preventing people from endless shirking of responsibilities without weighing the costs. It demands that participants settle their scores decisively and efficiently.",
	"category": "AVATAR_MATERIAL",
	"typeText": "Character Talent Material",
	"dropDomainId": 4455,
	"dropDomainName": "Domain of Mastery: Return",
	"daysOfWeek": [
		"Wednesday",
		"Saturday",
		"Sunday"
	],
	"sources": []
}