{
	"id": 104345,
	"name": "Guide to Order",
	"rarity": 3,
	"sortRank": 13115,
	"description": "Talent Level-Up Material.\nThe shield of the Nation of Water is order.\nAll law in Fontaine ultimately serves to maintain a stable order. Without the guarantee provided by order, justice will be reduced to unlimited violence, a weapon used by all against all.",
	"category": "AVATAR_MATERIAL",
	"typeText": "Character Talent Material",
	"dropDomainId": 4495,
	"dropDomainName": "Domain of Mastery: Chiming Recitation",
	"daysOfWeek": [
		"Wednesday",
		"Saturday",
		"Sunday"
	],
	"sources": []
}