{
	"id": 104302,
	"name": "Guide to Freedom",
	"rarity": 3,
	"sortRank": 13101,
	"description": "Talent Level-Up material.\nFreedom is the spirit of the land of the wind.\nThe freedom of travel is one of such. It is the freedom to traverse the land freely without being obstructed.",
	"category": "AVATAR_MATERIAL",
	"typeText": "Character Talent Material",
	"dropDomainId": 4211,
	"dropDomainName": "Domain of Mastery: Frosted Altar",
	"daysOfWeek": [
		"Monday",
		"Thursday",
		"Sunday"
	],
	"sources": []
}