{
	"id": 104314,
	"name": "Guide to Diligence",
	"rarity": 3,
	"sortRank": 13105,
	"description": "Talent Level-Up material.\nIndustriousness is the foundation of the land of Geo.\nIndustriousness is the catalyst that flows in the blood of the people of Liyue, able to turn rocks into gold. It is what lies behind the greatness of its great commercial port.",
	"category": "AVATAR_MATERIAL",
	"typeText": "Character Talent Material",
	"dropDomainId": 5259,
	"dropDomainName": "Domain of Mastery: Heart of the Flames",
	"daysOfWeek": [
		"Tuesday",
		"Friday",
		"Sunday"
	],
	"sources": []
}