{
	"id": 104324,
	"name": "Guide to Elegance",
	"rarity": 3,
	"sortRank": 13108,
	"description": "Talent Level-Up material.\nElegance is the form of the nation of thunder.\nElegance shuns arrogance. The elegant are ever humble, and only by discarding vanity and sloth may one see clearly — and is there not beauty and loveliness even in the basest of appearances?",
	"category": "AVATAR_MATERIAL",
	"typeText": "Character Talent Material",
	"dropDomainId": 4411,
	"dropDomainName": "Domain of Mastery: Thundering Valley",
	"daysOfWeek": [
		"Tuesday",
		"Friday",
		"Sunday"
	],
	"sources": []
}