{
	"id": 104327,
	"name": "Guide to Light",
	"rarity": 3,
	"sortRank": 13109,
	"description": "Talent Level-Up material.\nLight is the yearning of the land of thunder.\nThough the sun rays themselves should be blocked by layers upon layers of clouds, there are still those in the thunder god's land who dream of piercing that wrathful sea of lightning to pursue the glory of the divine, fearing not that they shall be cruelly struck down.",
	"category": "AVATAR_MATERIAL",
	"typeText": "Character Talent Material",
	"dropDomainId": 4421,
	"dropDomainName": "Domain of Mastery: Vine-Infested Ruins",
	"daysOfWeek": [
		"Wednesday",
		"Saturday",
		"Sunday"
	],
	"sources": []
}