{
	"id": 104305,
	"name": "Guide to Resistance",
	"rarity": 3,
	"sortRank": 13102,
	"description": "Talent Level-Up material.\nResistance is the backbone of the city of Wind.\nThe history of Mondstadt is one of resistances. People rose up to grant the citizens of Mondstadt the freedom they now enjoy, like the Anemo Archon blowing away the snow, or like Vennessa rising up to fight.",
	"category": "AVATAR_MATERIAL",
	"typeText": "Character Talent Material",
	"dropDomainId": 4221,
	"dropDomainName": "Domain of Mastery: Frozen Abyss",
	"daysOfWeek": [
		"Tuesday",
		"Friday",
		"Sunday"
	],
	"sources": []
}