{
	"id": 104330,
	"name": "Guide to Admonition",
	"rarity": 3,
	"sortRank": 13110,
	"description": "Talent Level-Up material.\nAdmonition is the branches of the nation of wisdom.\nAdmonition is paired with wise thinking. Careful deliberation affords humble words a clarity that convinces the wise and enlightens the foolish. Such words allow wisdom to flow like an unobstructed river.",
	"category": "AVATAR_MATERIAL",
	"typeText": "Character Talent Material",
	"dropDomainId": 4431,
	"dropDomainName": "Domain of Mastery: Full Moon",
	"daysOfWeek": [
		"Monday",
		"Thursday",
		"Sunday"
	],
	"sources": []
}