{
	"id": 104339,
	"name": "Guide to Equity",
	"rarity": 3,
	"sortRank": 13113,
	"description": "Talent Level-Up Material.\nThe shore of the Nation of Water is equity.\nEquity is the foundation upon which Fontaine was founded. Equity forms the standard of the law. If law loses the essence of equity, it will become a chessboard played for profit.",
	"category": "AVATAR_MATERIAL",
	"typeText": "Character Talent Material",
	"dropDomainId": 4461,
	"dropDomainName": "Domain of Mastery: Rhyming Rhythm",
	"daysOfWeek": [
		"Monday",
		"Thursday",
		"Sunday"
	],
	"sources": []
}