{
	"id": 104351,
	"name": "Guide to Kindling",
	"rarity": 3,
	"sortRank": 13117,
	"description": "Talent Level-Up material.\nOffering up kindling is the established rule of the Nation of Pyro.\nTo acquire a certain amount of something, one must first pay the corresponding price. Sometimes, you may end up paying too much to obtain something; while other times, you may pay too little, and lose it as a result. Understanding how to strike this balance between giving and receiving is one of the meanings of offering kindling.",
	"category": "AVATAR_MATERIAL",
	"typeText": "Character Talent Material",
	"dropDomainId": 4445,
	"dropDomainName": "Domain of Mastery: Myriad Illusions",
	"daysOfWeek": [
		"Tuesday",
		"Friday",
		"Sunday"
	],
	"sources": []
}