{
	"id": 104348,
	"name": "Guide to Contention",
	"rarity": 3,
	"sortRank": 13116,
	"description": "Talent Level-Up material.\nContention is the principle by which all is weighed in the Nation of Pyro.\nThough humans cannot fly at the speed of winged beasts, nor match the flexibility of slimes, yet still, they have their own unique strengths. Sometimes, understanding both why and how to compete is the key to knowing oneself.",
	"category": "AVATAR_MATERIAL",
	"typeText": "Character Talent Material",
	"dropDomainId": 4435,
	"dropDomainName": "Domain of Mastery: Sublime Turning",
	"daysOfWeek": [
		"Monday",
		"Thursday",
		"Sunday"
	],
	"sources": []
}