{
	"id": 104321,
	"name": "Guide to Transience",
	"rarity": 3,
	"sortRank": 13107,
	"description": "Talent Level-Up material.\nTransience is the dream of the nation of thunder.\nWe find the greatest joys in mortal life in transient dreams, for is life itself not like the shadow of the thunder? Pursue your dreams into the clouds if you wish, and enjoy the unexpected silence of the dim lamp-lit nights.",
	"category": "AVATAR_MATERIAL",
	"typeText": "Character Talent Material",
	"dropDomainId": 4401,
	"dropDomainName": "Domain of Mastery: Reign of Violet",
	"daysOfWeek": [
		"Monday",
		"Thursday",
		"Sunday"
	],
	"sources": []
}