{
	"id": 112115,
	"name": "Heart of the Secret Source",
	"rarity": 4,
	"sortRank": 10139,
	"description": "Comes from a now-defunct Secret Source Automaton.\nIt appears to be an intact core by which the Secret Source Automaton was powered, a strange device that seems to have been produced as a universal component. According to legend, the ingenious thinkers of antiquity drew upon the same wisdom used in the creation of golden patterns to design the blueprints by which these extraordinary machines functioned. Perhaps this core was one of them.",
	"category": "AVATAR_MATERIAL",
	"typeText": "Character and Weapon Enhancement Material",
	"sources": [
		"Dropped by Lv. 60+ Secret Source Automaton: Hunter-Seeker"
	]
}