{
	"id": 113010,
	"name": "Hoarfrost Core",
	"rarity": 4,
	"sortRank": 11101,
	"description": "The exposed core of a defeated Cryo Regisvine. Pure Cryo energy is contained within it.\nEnergy and thoughts that swell deep within the earth will eventually erupt on the surface. Even the deathly silent frost will attach to living things on the ground, turning even ordinary vegetation like vines into huge, vicious predators.",
	"category": "AVATAR_MATERIAL",
	"typeText": "Character Level-Up Material",
	"sources": [
		"Dropped by Lv. 30+ Cryo Regisvines"
	]
}