{
	"id": 113001,
	"name": "Hurricane Seed",
	"rarity": 4,
	"sortRank": 11101,
	"description": "The imploded form of an Anemo Hypostasis upon its defeat.\nContains the essence of Anemo energy.\nIt is said that the power to create hurricanes resides within its seemingly fragile body. This butterfly of pure Anemo energy must surely be waiting for the day when it can conjure up storms once again.",
	"category": "AVATAR_MATERIAL",
	"typeText": "Character Level-Up Material",
	"sources": [
		"Dropped by Lv. 30+ Anemo Hypostases"
	]
}