{
	"id": 112111,
	"name": "Ignited Seed of Life",
	"rarity": 3,
	"sortRank": 10138,
	"description": "A condensed pile of burning matter obtained from the body of a defeated Avatar of Lava.\nIt emits a slight heat.\nAttempting to stop a stone pile of this size from incessantly burning away would be a hard task indeed. It is said that this is some primordial form of life.",
	"category": "AVATAR_MATERIAL",
	"typeText": "Character and Weapon Enhancement Material",
	"sources": [
		"Dropped by Lv. 40+ Avatars of Lava",
		"Stardust Exchange"
	]
}