{
	"id": 112112,
	"name": "Ignited Seeing Eye",
	"rarity": 4,
	"sortRank": 10138,
	"description": "A core retrieved from within the body of a defeated Avatar of Lava.\nIt emits a considerable heat.\nIt is said that once such a core has formed, left to itself, it will develop into a new Avatar of Lava. In ancient times, it was once believed that all forms of life could be traced back to conflagration, and that in the spark of burning matter lay the origins of the soul and sentient wisdom. Perhaps the very existence of Avatars of Lava would bear out such a belief — or perhaps it was the emergence of this theory itself that explains how they came to inhabit the land of Natlan...",
	"category": "AVATAR_MATERIAL",
	"typeText": "Character and Weapon Enhancement Material",
	"sources": [
		"Dropped by Lv. 60+ Avatars of Lava"
	]
}