{
	"id": 112118,
	"name": "Illusory Leafcoil",
	"rarity": 4,
	"sortRank": 10140,
	"description": "A core formed from tightly coiled leaves, the remnant of the monster known as the Tenebrous Mimiflora after being vanquished.\nIt may appear lifeless and dull on the surface, yet a faint, ominous power can still be sensed pulsing within.\nPeople often wonder where the memories that such creatures drew from the earth go when they are slain. Perhaps the answer lies within this core...",
	"category": "AVATAR_MATERIAL",
	"typeText": "Character and Weapon Enhancement Material",
	"sources": [
		"Dropped by Lv. 60+ Tenebrous Mimiflora"
	]
}