{
	"id": 112062,
	"name": "Inactivated Fungal Nucleus",
	"rarity": 2,
	"sortRank": 10122,
	"description": "Body tissue left behind by a Fungus that has been exposed to intense elemental stimulation.\nIts soothing texture makes it shockingly good for stress relief. However, frequent usage can also easily lead to the Fungi multiplying, and thus the material is not suitable for any commercial use.",
	"category": "AVATAR_MATERIAL",
	"typeText": "Character and Weapon Enhancement Material",
	"sources": [
		"Dropped by Fungi (activated)",
		"Dropped by Fungi (scorched)",
		"Stardust Exchange"
	]
}