{
	"id": 114038,
	"name": "Iron Talisman of the Forest Dew",
	"rarity": 3,
	"sortRank": 15110,
	"description": "Weapon Ascension Material.\nLater, the Lord of Verdure taught people the mystery of the forging of black iron. The innocent mortals thus grasped the knowledge of using fire to forge blades.\nThe Lord of Verdure took pleasure in their knowledge — Lethal as fire and blades were to her, they made ordinary people powerful.",
	"category": "AVATAR_MATERIAL",
	"typeText": "Weapon Ascension Material",
	"dropDomainId": 4371,
	"dropDomainName": "Domain of Forgery: Tainted Clouds",
	"daysOfWeek": [
		"Monday",
		"Thursday",
		"Sunday"
	],
	"sources": []
}