{
	"id": 114027,
	"name": "Jade Branch of a Distant Sea",
	"rarity": 4,
	"sortRank": 15107,
	"description": "Weapon Ascension Material.\nFleeing into the Dark Sea, the god that had lost everything met the abandoned people who had nothing within the ocean depths. Thus it elected to remain and become their \"Orobashi no Mikoto,\" their \"Watatsumi Omikami.\"\nIt is said that the great snake god once broke off all the coral branches on its body to give light to the children who were curled up in the darkness. They also say that it used these coral branches to create a huge ladder to allow those children to once again reach the surface and see the light of day.",
	"category": "AVATAR_MATERIAL",
	"typeText": "Weapon Ascension Material",
	"dropDomainId": 4342,
	"dropDomainName": "Domain of Forgery: Sunken Sands",
	"daysOfWeek": [
		"Monday",
		"Thursday",
		"Sunday"
	],
	"sources": []
}