{
	"id": 114026,
	"name": "Jeweled Branch of a Distant Sea",
	"rarity": 3,
	"sortRank": 15107,
	"description": "Weapon Ascension Material.\nThis coral cannot be found anywhere in Teyvat, but was a gift that the great serpent obtained when it broke into the Dark Sea. For that abyssal snake, to be filled with coral was to be mighty, and its power would be shaved away as those corals were lost. In other words, those corals contain power far beyond the norm.",
	"category": "AVATAR_MATERIAL",
	"typeText": "Weapon Ascension Material",
	"dropDomainId": 4341,
	"dropDomainName": "Domain of Forgery: Sunken Sands",
	"daysOfWeek": [
		"Monday",
		"Thursday",
		"Sunday"
	],
	"sources": []
}