{
	"id": 113016,
	"name": "Juvenile Jade",
	"rarity": 4,
	"sortRank": 11101,
	"description": "A crystalline substance taken from a Primo Geovishap. Within it is contained the potential to become a dragon.\nThese dull crystals are precipitated within the bodies of vishaps sleeping in the mountains. Liyue folklore holds that they will gather power over many years, after which this crystal will, at last, replace their original heart, and the vishap will become a true dragon — one that can shake the mountains and split the earth.",
	"category": "AVATAR_MATERIAL",
	"typeText": "Character Level-Up Material",
	"sources": [
		"Dropped by Lv. 30+ Primo Geovishaps"
	]
}