{
	"id": 112045,
	"name": "Kageuchi Handguard",
	"rarity": 2,
	"sortRank": 10615,
	"description": "A handguard mounded upon a sword of some distinction.\nInazuma has a long tradition of sword-making. When making swords, smiths will often make several different weapons at once, before choosing from among them the \"shinuchi,\" or the best weapon, while the others are known as \"kageuchi.\"",
	"category": "AVATAR_MATERIAL",
	"typeText": "Character and Weapon Enhancement Material",
	"sources": [
		"Dropped by Lv. 40+ Nobushi",
		"Stardust Exchange"
	]
}