{
	"id": 101314,
	"name": "Karmaphala Wood",
	"rarity": 1,
	"sortRank": 330,
	"description": "The wood of the Karmaphala Tree. One can easily get a nice, smooth surface while working on this material and obtain a rather eye-pleasing result without going through any sophisticated processes.\nCan be used to create furnishings.",
	"category": "WOOD",
	"typeText": "Material",
	"sources": [
		"Found in the wild",
		"Recommendation: Cut from the forests of Sumeru",
		"Purchased from Realm Depot: Wood",
		"Convert Wood"
	]
}