{
	"id": 112022,
	"name": "Ley Line Sprout",
	"rarity": 4,
	"sortRank": 10107,
	"description": "It is said that there was a great tree whose roots once spread out to every corner of the world, and this branch is said to be part of it. It is almost if it was never broken off and taken far away, for its vitality is such that it still sprouts new leaves even now.",
	"category": "AVATAR_MATERIAL",
	"typeText": "Character and Weapon Enhancement Material",
	"sources": [
		"Dropped by Lv. 60+ Abyss Mages"
	]
}