{
	"id": 113002,
	"name": "Lightning Prism",
	"rarity": 4,
	"sortRank": 11101,
	"description": "An Electro Hypostasis channels nearby elemental energy to repair damaged elemental entities. Contains the essence of Electro energy.\nAn ordinary prism separates white light into its component colors; a Lightning Prism, however, channels flowing energies and weaves them into lightning. It will continue to do so even after the Electro Hypostasis has been defeated.",
	"category": "AVATAR_MATERIAL",
	"typeText": "Character Level-Up Material",
	"sources": [
		"Dropped by Lv. 30+ Electro Hypostases"
	]
}