{
	"id": 113056,
	"name": "Lightless Mass",
	"rarity": 5,
	"sortRank": 11101,
	"description": "A fragment produced from the intense battle against the All-Devouring Narwhal.\nThe universe is a dark and cold place.\nBut look carefully. Inside are always faint glimmers of light, like pearls gleaming from within the sand, splinters of diamond sprinkled over asphalt, lights lancing through the fog on a misty night, and sparks that ignite the brightest blazes.",
	"category": "AVATAR_MATERIAL",
	"typeText": "Character Level-Up Material",
	"sources": [
		"Lv. 70+ All-Devouring Narwhal Challenge Reward"
	]
}