{
	"id": 113039,
	"name": "Light Guiding Tetrahedron",
	"rarity": 4,
	"sortRank": 11101,
	"description": "A core component obtained via defeating a mysterious ruin machine.\nTo this day, these ancient devices have not forgotten the dreams of their masters or their own duties: to build a thousand palaces, to administrate three thousand machines, to sow ten thousand flowers that shall never bloom again, and to recreate a paradise now buried beneath the desert sands for the sake of all who live in this world.\nThough the lord of the desert no longer lives, and those dreams have long been corrupted by sinful whispers, and though all the magical pillars have been broken and have collapsed, the great beast once favored by the king hides still within the great searing storm.",
	"category": "AVATAR_MATERIAL",
	"typeText": "Character Level-Up Material",
	"sources": [
		"Dropped by Lv. 30+ Semi-Intransient Matrices"
	]
}