{
	"id": 113054,
	"name": "Lightless Silk String",
	"rarity": 5,
	"sortRank": 11101,
	"description": "A slender strand that somehow ended up entangled on your weapon while fighting the All-Devouring Narwhal.\nIn ancient Fontaine, some thought that Fortuna, which ruled the world, was woven from countless fibers, like the strings of a harp. Strings that resonate with the majestic music would bring happiness to all, while discord would destroy the fabric of the universe.",
	"category": "AVATAR_MATERIAL",
	"typeText": "Character Level-Up Material",
	"sources": [
		"Lv. 70+ All-Devouring Narwhal Challenge Reward"
	]
}