{
	"id": 101319,
	"name": "Linden Wood",
	"rarity": 1,
	"sortRank": 330,
	"description": "Wood from the Linden Tree. With a smooth texture and light color, few wood chips are produced even during fine processing. Often carved into delicate handicrafts or used to make compact parts for wooden mechanisms.\nCan be used to create furnishings.",
	"category": "WOOD",
	"typeText": "Material",
	"sources": [
		"Found in the wild",
		"Recommendation: Cut from the wilds of Fontaine",
		"Purchased from Realm Depot: Wood",
		"Convert Wood"
	]
}