{
	"id": 107021,
	"name": "Lucky Coin",
	"rarity": 3,
	"sortRank": 410021,
	"description": "Currency verified and used by the Genius Invokation TCG Society. Can be used to purchase various items related to Genius Invokation TCG. It is said that these coins were initially named as such in the hopes that they would bring those carrying them luck. However, perhaps it is those who are sufficiently lucky who are able to possess them...",
	"category": "CONSUME",
	"typeText": "Consumables",
	"sources": []
}