{
	"id": 112060,
	"name": "Luminescent Pollen",
	"rarity": 2,
	"sortRank": 10621,
	"description": "A small parcel of luminescent Fungal Spore powder, a common medical ingredient in the land of rainforests. Merchants usually sell them in paper packets.",
	"category": "AVATAR_MATERIAL",
	"typeText": "Character and Weapon Enhancement Material",
	"sources": [
		"Dropped by Lv. 40+ Fungi",
		"Dropped uncommonly by Lv. 40+ Fungi (activated)",
		"Dropped uncommonly by Lv. 40+ Fungi (scorched)",
		"Stardust Exchange"
	]
}