{
	"id": 114013,
	"name": "Luminous Sands from Guyun",
	"rarity": 2,
	"sortRank": 15104,
	"description": "Weapon Ascension Material.\nThe stone pillars that tower amid Guyun Stone Forest were once the stone spears Morax used to defeat his enemies. Over time, the gods' substance has seeped into the pillars that pin them down, lending them divine power. The pillars sometimes shed fragments of hatred and curses.",
	"category": "AVATAR_MATERIAL",
	"typeText": "Weapon Ascension Material",
	"dropDomainId": 5214,
	"dropDomainName": "Domain of Forgery: Thundercloud Altar",
	"daysOfWeek": [
		"Monday",
		"Thursday",
		"Sunday"
	],
	"sources": [
		"Purchase from the Souvenir Shop in Liyue",
		"Exchanged in the Gift Shop"
	]
}