{
	"id": 101318,
	"name": "Mallow Wood",
	"rarity": 1,
	"sortRank": 330,
	"description": "Wood from the Mallow Tree. With a tough core, it is suitable for building the foundations and frames of houses. It is easy to craft and process, so it takes relatively less manual labor to produce beautiful furniture.\nCan be used to create furnishings.",
	"category": "WOOD",
	"typeText": "Material",
	"sources": [
		"Found in the wild",
		"Recommendation: Cut from the wilds of Fontaine",
		"Purchased from Realm Depot: Wood",
		"Convert Wood"
	]
}