{
	"id": 113022,
	"name": "Marionette Core",
	"rarity": 4,
	"sortRank": 11101,
	"description": "This core can power the inorganic Maguu Kenki and cause it to wield a blade like a living being.\nFlesh decays, and with it decay all martial arts mastery and all poignant memories.\nPerhaps only by converting one's four limbs and body into sturdy mechanical parts, and by at last sacrificing one's very own heart for a sophisticated mechanical one, can one transcend the impermanence of the fleshly form...",
	"category": "AVATAR_MATERIAL",
	"typeText": "Character Level-Up Material",
	"sources": [
		"Dropped by Lv. 30+ Maguu Kenki"
	]
}