{
	"id": 112076,
	"name": "Marked Shell",
	"rarity": 4,
	"sortRank": 10126,
	"description": "The marked shell of a Consecrated Beast inscribed with ancient script.\nOn the pallid contours of the shell, the regrets of a time long past have been inlaid. One day, the bones of the beast will scatter like dust in the wind, and then, finally, may the exalted deceased greet their final rest...",
	"category": "AVATAR_MATERIAL",
	"typeText": "Character and Weapon Enhancement Material",
	"sources": [
		"Dropped by Lv. 60+ Consecrated Beasts"
	]
}