{
	"id": 113064,
	"name": "Mark of the Binding Blessing",
	"rarity": 4,
	"sortRank": 11101,
	"description": "A horn fragment obtained after defeating the Goldflame Qucusaur Tyrant.\nA strange mark known as the \"Flamelord's Blessing\" extends out across its surface. Saurians that bear this mark are said to wield an ancient power of terrible potency. Yet given their slighter statures, this power is too great a burden for the Saurians of the present day to bear. As such, it has been the cause of much calamity, and many tragedies have stemmed from the uncontrollable power it has unleashed.",
	"category": "AVATAR_MATERIAL",
	"typeText": "Character Level-Up Material",
	"sources": [
		"Dropped by Lv. 30+ Goldflame Qucusaur Tyrant"
	]
}