{
	"id": 114035,
	"name": "Mask of the One-Horned",
	"rarity": 4,
	"sortRank": 15109,
	"description": "Weapon Ascension Material.\nIn the lost songs of the oni nursemaids, Torachiyo was an elegant young man, strong of body and fair of face. He was once a beloved lieutenant of the Shogun, and he followed her into the dark abyssal realms to repel the defiled ones, winning renown for the oni, whose blood thinned with each passing day.\nNone now sing these songs, but the mask of a horned oni, even in a different form, still possesses power beyond the norm.",
	"category": "AVATAR_MATERIAL",
	"typeText": "Weapon Ascension Material",
	"dropDomainId": 4362,
	"dropDomainName": "Domain of Forgery: Sand Burial",
	"daysOfWeek": [
		"Wednesday",
		"Saturday",
		"Sunday"
	],
	"sources": []
}