{
	"id": 114034,
	"name": "Mask of the Tiger's Bite",
	"rarity": 3,
	"sortRank": 15109,
	"description": "Weapon Ascension Material.\n\"Sumirezome Sangetsu Kogetsukan\" depicts the fierce oni Torachiyo shattering the Shogun's naginata with a single bite, thus gaining the upper hand for a time. As such, masks that are based on him have finely crafted fangs.\nIn the denouement of this tale, the wounded oni fled into the forest, deathly afraid of showing himself even to the cold moonlight. The wind that whispers through the alleys and valleys can be said to resemble his quiet cries of agony, and so there is a poetic seasonal expression for this in Inazuma: \"Torachiyo's Wind.\"",
	"category": "AVATAR_MATERIAL",
	"typeText": "Weapon Ascension Material",
	"dropDomainId": 4361,
	"dropDomainName": "Domain of Forgery: Sand Burial",
	"daysOfWeek": [
		"Wednesday",
		"Saturday",
		"Sunday"
	],
	"sources": []
}