{
	"id": 221018,
	"name": "Mask of Memories",
	"rarity": 4,
	"sortRank": 300201,
	"description": "Hanachirusato the shrine maiden used to wear this mask. It is deeply stained on the inside.\nSome memories are contained inside, through which one may learn the art of creating the Catalyst known as \"Hakushin Ring.\"\nNow that Hanachirusato has been separated from this mask, Paimon doesn't get to call her the \"Masked Maiden\" anymore, right?",
	"category": "CONSUME",
	"typeText": "Forging Blueprint",
	"sources": []
}