{
	"id": 112084,
	"name": "Mechanical Spur Gear",
	"rarity": 2,
	"sortRank": 10629,
	"description": "Clockwork meka gear.\nAlthough many breakthroughs have been made in the kinematics of clockwork meka, its dynamics research has not seen any major advancements beyond the framework laid down by Alain Guillotin four hundred years ago.",
	"category": "AVATAR_MATERIAL",
	"typeText": "Character and Weapon Enhancement Material",
	"sources": [
		"Dropped by Lv. 40+ Clockwork Meka",
		"Stardust Exchange"
	]
}