{
	"id": 114019,
	"name": "Mist Veiled Gold Elixir",
	"rarity": 4,
	"sortRank": 15105,
	"description": "Weapon Ascension Material.\nElixirs are in fact pills made from metal alloys. They were created by the adepti, and are able to grant weapons transcendent powers. However, they are rarely seen in the world due to the hubris of the practitioners of martial arts, who prized the ways of combat over the paths of the adepti.",
	"category": "AVATAR_MATERIAL",
	"typeText": "Weapon Ascension Material",
	"dropDomainId": 5220,
	"dropDomainName": "Domain of Forgery: Thundering Ruins",
	"daysOfWeek": [
		"Tuesday",
		"Friday",
		"Sunday"
	],
	"sources": []
}