{
	"id": 114018,
	"name": "Mist Veiled Mercury Elixir",
	"rarity": 3,
	"sortRank": 15105,
	"description": "Weapon Ascension Material.\nWith Fulu (Sigils), the adepti can store their power in the form of symbols, and with Waijing (Sub-Space Creation) they can fashion a cosmic paradise with the power of their minds. The manufacture of elixirs, however, has always been shrouded in mystery, for certain death follows for any who swallow them.",
	"category": "AVATAR_MATERIAL",
	"typeText": "Weapon Ascension Material",
	"dropDomainId": 5219,
	"dropDomainName": "Domain of Forgery: Thundering Ruins",
	"daysOfWeek": [
		"Tuesday",
		"Friday",
		"Sunday"
	],
	"sources": []
}