{
	"id": 114020,
	"name": "Mist Veiled Primo Elixir",
	"rarity": 5,
	"sortRank": 15105,
	"description": "Weapon Ascension Material.\nAn elixir of the highest quality. It embodies a state of intertwining order and chaos, and is said to mirror how the world was when it was first created. Of course, a certain someone knows that this was not the case.",
	"category": "AVATAR_MATERIAL",
	"typeText": "Weapon Ascension Material",
	"dropDomainId": 5221,
	"dropDomainName": "Domain of Forgery: Thundering Ruins",
	"daysOfWeek": [
		"Tuesday",
		"Friday",
		"Sunday"
	],
	"sources": []
}