{
	"id": 114017,
	"name": "Mist Veiled Lead Elixir",
	"rarity": 2,
	"sortRank": 15105,
	"description": "Weapon Ascension Material.\nJueyun Karst is the realm of the mighty and illuminated adepti. But other than the ability to control the elements of the world, Jueyun Karst is also home to three other untold secrets: Alchemy, Sigils, and Sub-Space Creation.",
	"category": "AVATAR_MATERIAL",
	"typeText": "Weapon Ascension Material",
	"dropDomainId": 5218,
	"dropDomainName": "Domain of Forgery: Thundering Ruins",
	"daysOfWeek": [
		"Tuesday",
		"Friday",
		"Sunday"
	],
	"sources": [
		"Purchase from the Souvenir Shop in Liyue",
		"Exchanged in the Gift Shop"
	]
}