{
	"id": 113025,
	"name": "Molten Moment",
	"rarity": 5,
	"sortRank": 11101,
	"description": "A certain deformed fragment containing great might. You obtained this from defeating La Signora, who unleashed her original power.\n\"I had a long, long dream.\"\n\"I dreamed that you and I met again in the pure white world that we created.\"\n\"But I woke up at last, having long been consumed by the raging flames, while you had long returned to the earth along with that poisoned blood.\"\n\"But none of it matters anymore. I must continue forging ahead. I must incinerate everything behind me. I must believe in that pure, spotless, everlasting realm that he spoke of — that I saw in the 'delusion' he let me see, at the end of the horizon of Her Majesty's dreams.\"",
	"category": "AVATAR_MATERIAL",
	"typeText": "Character Level-Up Material",
	"sources": [
		"Lv. 70+ Signora Challenge Reward"
	]
}