{
	"id": 101316,
	"name": "Mountain Date Wood",
	"rarity": 1,
	"sortRank": 330,
	"description": "Wood of the Mountain Date Tree. Although it neither feels special to touch nor possesses a special texture, it retains water exceedingly well and is thus easy to grow.\nCan be used to create furnishings.",
	"category": "WOOD",
	"typeText": "Material",
	"sources": [
		"Found in the wild",
		"Recommendation: Cut from the deserts of Sumeru",
		"Purchased from Realm Depot: Wood",
		"Convert Wood"
	]
}