{
	"id": 114051,
	"name": "Movement of an Ancient Chord",
	"rarity": 4,
	"sortRank": 15113,
	"description": "Weapon Ascension Material.\nIn that great disaster, the golden palace sank with its throne, the music was shattered, the notes turned to silence...\nBut the remnants of that empire never gave up their desire for salvation and to surpass fate.\nTo save their waning civilization and their desire to transcend, the Golden Troupe played melodies most wondrous, enticing children to offer their precious souls to the sleeping golems.",
	"category": "AVATAR_MATERIAL",
	"typeText": "Weapon Ascension Material",
	"dropDomainId": 4472,
	"dropDomainName": "Domain of Forgery: Robotic Ruse",
	"daysOfWeek": [
		"Monday",
		"Thursday",
		"Sunday"
	],
	"sources": []
}