{
	"id": 113032,
	"name": "Mudra of the Malefic General",
	"rarity": 5,
	"sortRank": 11101,
	"description": "A puppet joint obtained from the Plane of Euthymia. The gesture here symbolizes the concept that \"one sees and one does.\"\nEven now that \"she\" has become a calamitous deity, she can still utilize such transcendent gestures, her sword flashing forth as swiftly as her eyes may see.\nAnd yet, as the countless disasters ground on for far too long, the baleful general's shell had to embrace a new spring.",
	"category": "AVATAR_MATERIAL",
	"typeText": "Character Level-Up Material",
	"sources": [
		"Lv. 70+ Guardian of Eternity Challenge Reward"
	]
}