{
	"id": 104133,
	"name": "Nagadus Emerald Chunk",
	"rarity": 4,
	"sortRank": 12104,
	"description": "Character Ascension material.\n\"I had a very, very long dream...\"\n\"In it, people were holding hands, dancing in a circle, be they sages or fools, dancers or warriors, puppets or statues of gods...\"",
	"category": "AVATAR_MATERIAL",
	"typeText": "Character Ascension Material",
	"sources": [
		"Obtained from the Crafting Bench Conversion Tab",
		"Check the Enemies Tab in the Adventurer Handbook"
	]
}