{
	"id": 104134,
	"name": "Nagadus Emerald Gemstone",
	"rarity": 5,
	"sortRank": 12104,
	"description": "Character Ascension material.\n\"I had a very, very long dream...\"\n\"In it, people were holding hands, dancing in a circle, be they sages or fools, dancers or warriors, puppets or statues of gods...\"\n\"That dancing circle embodied everything about the universe. Life has always been the end, while it is wisdom that shall be the means.\"",
	"category": "AVATAR_MATERIAL",
	"typeText": "Character Ascension Material",
	"sources": [
		"Obtained from the Crafting Bench Conversion Tab",
		"Check the Enemies Tab in the Adventurer Handbook"
	]
}