{
	"id": 114029,
	"name": "Narukami's Wisdom",
	"rarity": 2,
	"sortRank": 15108,
	"description": "Weapon Ascension Material.\nIn the past, the ancients would climb the peak now known as Mt. Yougou and bend wood that had been charred by lightning into a hook to offer as an effigy unto the thundering force that lit up the skies and shook the earth. This shape would eventually become the \"Electro Mitsudomoe\" symbol, symbolizing the favor, wisdom, and might of Electro, and also the people who represent these values.",
	"category": "AVATAR_MATERIAL",
	"typeText": "Weapon Ascension Material",
	"dropDomainId": 4350,
	"dropDomainName": "Domain of Forgery: Altar of Sands",
	"daysOfWeek": [
		"Tuesday",
		"Friday",
		"Sunday"
	],
	"sources": [
		"Exchanged in the Gift Shop"
	]
}