{
	"id": 114030,
	"name": "Narukami's Joy",
	"rarity": 3,
	"sortRank": 15108,
	"description": "Weapon Ascension Material.\nThose who belong to the Shogunate Commissions are those who administer and exercise power. In the monster-filled tales of the ancient past, those who were deeply trusted by the Shogun would bear talismans with this hooked design on their person, and just as the word \"commission\" means to \"joyfully serve\" in the old tongue, those who received her favor would return it with love and loyalty. Yet, after a certain point in time, nothing would be as it was before.",
	"category": "AVATAR_MATERIAL",
	"typeText": "Weapon Ascension Material",
	"dropDomainId": 4351,
	"dropDomainName": "Domain of Forgery: Altar of Sands",
	"daysOfWeek": [
		"Tuesday",
		"Friday",
		"Sunday"
	],
	"sources": []
}