{
	"id": 114032,
	"name": "Narukami's Valor",
	"rarity": 5,
	"sortRank": 15108,
	"description": "Weapon Ascension Material.\nThe treasure of the lord of thunder is her majesty, and that majesty is embodied in her valor and wrath. Her wrath comes from the love that persists in her heart, and her valor supports that anger. Thus, whomsoever should block the path towards eternity or lay a finger on Inazuma's people shall become her foe.\nThey say that there were four great spirits, three divine foxes, and two great swords — but that the symbol of Her Excellency, the Almighty Narukami Ogosho, could only be a single strike, unsurpassed and brilliant as a meteor.",
	"category": "AVATAR_MATERIAL",
	"typeText": "Weapon Ascension Material",
	"dropDomainId": 4353,
	"dropDomainName": "Domain of Forgery: Altar of Sands",
	"daysOfWeek": [
		"Tuesday",
		"Friday",
		"Sunday"
	],
	"sources": []
}