{
	"id": 114069,
	"name": "Night-Wind's Mystic Consideration",
	"rarity": 2,
	"sortRank": 15118,
	"description": "Weapon Ascension Material.\nIn ancient times, shamans, priests, or those known as mystics were always on the hunt for methods by which they could communicate with the silent underground realm. Ever since the Wayob gradually began to manifest, reacting to the resonance between the lone hero and the Nightsouls, this had been so.\nEntrancement, disembodiment, and theurgy were the main methods they chose, each accomplished through the aid of meticulously polished ritual tools.",
	"category": "AVATAR_MATERIAL",
	"typeText": "Weapon Ascension Material",
	"dropDomainId": 4390,
	"dropDomainName": "Domain of Forgery: Estimation",
	"daysOfWeek": [
		"Wednesday",
		"Saturday",
		"Sunday"
	],
	"sources": [
		"Exchanged in the Gift Shop"
	]
}