{
	"id": 114070,
	"name": "Night-Wind's Mystic Premonition",
	"rarity": 3,
	"sortRank": 15118,
	"description": "Weapon Ascension Material.\nAncient psychics believed that the Wayob, as formless entities of consciousness, were beings stripped of externality and thus the closest thing to the essence of the spirit.\nThe process of polishing rough stones until all texture had been removed, turning them into mirrors of pure light, was also seen as a ritual for removing the surface representations of worldly phenomena. Perhaps the reflections that these psychics saw upon the smooth surface of the mirrors were projections of their own spirits...",
	"category": "AVATAR_MATERIAL",
	"typeText": "Weapon Ascension Material",
	"dropDomainId": 4391,
	"dropDomainName": "Domain of Forgery: Estimation",
	"daysOfWeek": [
		"Wednesday",
		"Saturday",
		"Sunday"
	],
	"sources": []
}