{
	"id": 114041,
	"name": "Oasis Garden's Reminiscence",
	"rarity": 2,
	"sortRank": 15111,
	"description": "Weapon Ascension Material.\nPeople used to say that the Lord of Flowers was the Lord of Joy and Happiness. Freshwater sprang from her sleeves, and thus was the oasis of blossoming flowers born in the desert. Flowers and grasses followed in her footsteps, and gleaming moonlight cleared the way for her.\nIn the bitter days when the sky turned its back on the ground, the Lord of Flowers extended her mercy to each and every one of the mortals, letting them regain their happiness and egos, allowing leisure and luxury to resume.",
	"category": "AVATAR_MATERIAL",
	"typeText": "Weapon Ascension Material",
	"dropDomainId": 4374,
	"dropDomainName": "Domain of Forgery: Obsession",
	"daysOfWeek": [
		"Tuesday",
		"Friday",
		"Sunday"
	],
	"sources": [
		"Exchanged in the Gift Shop"
	]
}