{
	"id": 114043,
	"name": "Oasis Garden's Mourning",
	"rarity": 4,
	"sortRank": 15111,
	"description": "Weapon Ascension Material.\nThe Lord of Flowers was in an amicable relationship with the Jinn.\nThe Mistress of Flowers and Oases joined hands with the Lord of Deserts and built Ay-Khanoum, the \"City of Amphitheaters,\" which carried the meaning of \"City of the Moon Maiden\" in the ancient language of the Jinn.\nLater, however, it was said that the Lord of Flowers died due to the malice of the burning sun and yellow sand, after which the blossoms of purple Padisarahs were never seen again in the oases.\nAfter the departure of the Lord of Flowers, the sandstorms keened, the Jinn sobbed, and the moonlight-silver gem disc lost its original, glad purpose, giving off a mournful glimmer.",
	"category": "AVATAR_MATERIAL",
	"typeText": "Weapon Ascension Material",
	"dropDomainId": 4376,
	"dropDomainName": "Domain of Forgery: Obsession",
	"daysOfWeek": [
		"Tuesday",
		"Friday",
		"Sunday"
	],
	"sources": []
}