{
	"id": 114042,
	"name": "Oasis Garden's Kindness",
	"rarity": 3,
	"sortRank": 15111,
	"description": "Weapon Ascension Material.\nIn the literature buried deep beneath the yellow sands, the Lord of Flowers was the Mistress of Dreams.\nShe bestowed dreams upon the exiled, the manic, and the foolish. In those dreams, they were presented with their dearest delights. Burdened by the brutality of reality, they were fascinated by the charm of the Lord of Flowers and captivated by her beauty and care.",
	"category": "AVATAR_MATERIAL",
	"typeText": "Weapon Ascension Material",
	"dropDomainId": 4375,
	"dropDomainName": "Domain of Forgery: Obsession",
	"daysOfWeek": [
		"Tuesday",
		"Friday",
		"Sunday"
	],
	"sources": []
}