{
	"id": 114044,
	"name": "Oasis Garden's Truth",
	"rarity": 5,
	"sortRank": 15111,
	"description": "Weapon Ascension Material.\n\"Who would worship a departed god?\"\nThe Lord of Flowers was once in alliance with two other gods. Apart from wisdom and power, she also brought mercy and joy to her people.\nJust as the earth needs more than the burning sunshine and pouring rain, to the people of the Lord of Flowers, joy and love, singing and music, and wine and extravagance were just as vital as strength and sensibility.\nIt is said that flowers blossom so that they may enjoy a spectacular death, and that death was precisely the wholehearted pursuit of the Lord of Flowers — for death adds bitterness to lost joy, and intensifies with time across endless memories.\nThe ignorant Lord of Deserts was never aware of her reasoning. He only reveled in her immense charm and grace — and as misguided as such fervent affections might be, they were well within the calculations of the Lord of Flowers.",
	"category": "AVATAR_MATERIAL",
	"typeText": "Weapon Ascension Material",
	"dropDomainId": 4377,
	"dropDomainName": "Domain of Forgery: Obsession",
	"daysOfWeek": [
		"Tuesday",
		"Friday",
		"Sunday"
	],
	"sources": []
}