{
	"id": 112044,
	"name": "Old Handguard",
	"rarity": 1,
	"sortRank": 10615,
	"description": "A battle-worn handguard that was once mounted on an Inazuman blade.\nFor those adept in the art of the sword, the tsuba is a defense from the edge of an opponent's blade. For beginners, it is a defense made for their own right hand, to protect it from itself.",
	"category": "AVATAR_MATERIAL",
	"typeText": "Character and Weapon Enhancement Material",
	"sources": [
		"Dropped by Nobushi",
		"Stardust Exchange"
	]
}