{
	"id": 112007,
	"name": "Ominous Mask",
	"rarity": 3,
	"sortRank": 10602,
	"description": "A glossy bone mask with oil markings painted on it, meant to intimidate enemies.\nNo one really knows why hilichurls are so fascinated with masks. Some say that it's because they don't want to see their own reflections in the water.",
	"category": "AVATAR_MATERIAL",
	"typeText": "Character and Weapon Enhancement Material",
	"sources": [
		"Dropped by Lv. 60+ hilichurls",
		"Dropped uncommonly by Lv. 60+ Hilichurl Shooters",
		"Dropped uncommonly by Lv. 60+ samachurls",
		"Dropped uncommonly by Lv. 60+ mitachurls",
		"Dropped uncommonly by Lv. 60+ lawachurls"
	]
}