{
	"id": 112094,
	"name": "Operative's Constancy",
	"rarity": 4,
	"sortRank": 10132,
	"description": "An accessory with a Delusion mounted on it. This is source of the Fatui Operative's power.\nThat said, taking it off would not detract from the fact that said Operative has physical abilities far beyond that of ordinary humans, forged through long years of training and combat experience. As for them, they are well-aware that they have sacrificed their past, present, and future upon the altar of the Fatui's ideal paradise, such that the damage they cause themselves on account of using a Delusion's power matters not at all.",
	"category": "AVATAR_MATERIAL",
	"typeText": "Character and Weapon Enhancement Material",
	"sources": [
		"Dropped by Lv. 60+ Fatui Operatives"
	]
}