{
	"id": 112093,
	"name": "Operative's Standard Pocket Watch",
	"rarity": 3,
	"sortRank": 10132,
	"description": "A standard-issue pocket watch given to Fatui Operatives.\nThe head of the watch is not well-designed, as the outer casing has way too many sharp angles, which can cause excessive wear and tear on clothes. As such, there will always be those who will stuff this watch into a more practical, less distinctive casing for use.",
	"category": "AVATAR_MATERIAL",
	"typeText": "Character and Weapon Enhancement Material",
	"sources": [
		"Dropped by Lv. 40+ Fatui Operatives",
		"Stardust Exchange"
	]
}