{
	"id": 200111,
	"name": "Original Fish Ointment",
	"rarity": 4,
	"sortRank": 90,
	"description": "Specialized refinement material for \"End of the Line.\"\nOintment refined from a catch from the great lake in the north. It has the effect of temporarily restoring the energy of the fish that could be made into fine bows.\nIt is said that in the lake dwell aquatic creatures that cannot be seen anywhere else in Teyvat.",
	"category": "AVATAR_MATERIAL",
	"typeText": "Refinement Material",
	"sources": []
}