{
	"id": 113065,
	"name": "Overripe Flamegranate",
	"rarity": 4,
	"sortRank": 11101,
	"description": "A strange Flamegranate obtained after defeating the Gluttonous Yumkasaur Mountain King.\nNormally, Flamegranates that keep growing once they have already ripened simply fall into the mud and rot. But Flamegranates that have fallen from the Mountain King's mane, perhaps owing to the unique internal temperature conditions, exhibit a rarely-seen \"Overripe\" state. Flamegranates in this state are stable, phlogiston-packed, brightly colored, and possess a rich and highly distinctive flavor.",
	"category": "AVATAR_MATERIAL",
	"typeText": "Character Level-Up Material",
	"sources": [
		"Dropped by Lv. 30+ Gluttonous Yumkasaur Mountain King"
	]
}