{
	"id": 101326,
	"name": "Peach Palm Wood",
	"rarity": 1,
	"sortRank": 330,
	"description": "Timber from Peach Palm Trees. As the name suggests, the bark has the feel of coconut palm husks, and is both smooth and aesthetically pleasing once sanded and polished, with exceptional hardness and humidity-resistant qualities...\nCan be used to create furnishings.",
	"category": "WOOD",
	"typeText": "Material",
	"sources": [
		"Found in the wild",
		"Recommendation: Cut from the wilds of Natlan",
		"Purchased from Realm Depot: Wood",
		"Convert Wood"
	]
}