{
	"id": 113023,
	"name": "Perpetual Heart",
	"rarity": 4,
	"sortRank": 11101,
	"description": "The core that powers the autonomous movements of the Perpetual Mechanical Array.\nSome theorize that the symbols on these cores have knowledge and logic inscribed upon them in a language that eyes cannot perceive. Some go a step further and believe that these unique Ruin machines autonomously decided to forsake a biomimetic form to pursue strength of function on account of their especially large cores and complex inscriptions.",
	"category": "AVATAR_MATERIAL",
	"typeText": "Character Level-Up Material",
	"sources": [
		"Dropped by Lv. 30+ Perpetual Mechanical Arrays"
	]
}