{
	"id": 104337,
	"name": "Philosophies of Praxis",
	"rarity": 4,
	"sortRank": 13112,
	"description": "Talent Level-Up material.\nPraxes are the roots of the nation of wisdom.\nPraxes bring forth the fruit of wisdom. Practice grants itself meaning, and it is only by treading a path that unites action, speech, and thought that the wise may reach perfection.",
	"category": "AVATAR_MATERIAL",
	"typeText": "Character Talent Material",
	"dropDomainId": 4453,
	"dropDomainName": "Domain of Mastery: Basket of Discipline",
	"daysOfWeek": [
		"Wednesday",
		"Saturday",
		"Sunday"
	],
	"sources": []
}