{
	"id": 104352,
	"name": "Philosophies of Kindling",
	"rarity": 4,
	"sortRank": 13117,
	"description": "Talent Level-Up material.\nOffering up kindling is the established rule of the Nation of Pyro.\nWhat is meant by offering kindling is to offer up a sacrifice before one obtains something, though it does not always guarantee a response or return. Its true meaning lies in paying a price without expecting a reward — for in the end, the day when the fruits will be reaped is sure to come.",
	"category": "AVATAR_MATERIAL",
	"typeText": "Character Talent Material",
	"dropDomainId": 4447,
	"dropDomainName": "Domain of Mastery: Myriad Illusions",
	"daysOfWeek": [
		"Tuesday",
		"Friday",
		"Sunday"
	],
	"sources": []
}