{
	"id": 104346,
	"name": "Philosophies of Order",
	"rarity": 4,
	"sortRank": 13115,
	"description": "Talent Level-Up Material.\nThe shield of the Nation of Water is order.\nAll law in Fontaine ultimately serves to maintain a stable order. Equity and justice come from order, and serve order. Like the still, ripple-less surface of the waters of Fontaine, order is the cornerstone of Fontaine's existence.",
	"category": "AVATAR_MATERIAL",
	"typeText": "Character Talent Material",
	"dropDomainId": 4497,
	"dropDomainName": "Domain of Mastery: Chiming Recitation",
	"daysOfWeek": [
		"Wednesday",
		"Saturday",
		"Sunday"
	],
	"sources": []
}