{
	"id": 104340,
	"name": "Philosophies of Equity",
	"rarity": 4,
	"sortRank": 13113,
	"description": "Talent Level-Up Material.\nThe shore of the Nation of Water is equity.\nEquity is the foundation upon which Fontaine was founded. Equity requires the continuous and steady support of morality and law, and morality and law constantly change based upon the invariant principle of equity.",
	"category": "AVATAR_MATERIAL",
	"typeText": "Character Talent Material",
	"dropDomainId": 4463,
	"dropDomainName": "Domain of Mastery: Rhyming Rhythm",
	"daysOfWeek": [
		"Monday",
		"Thursday",
		"Sunday"
	],
	"sources": []
}