{
	"id": 104309,
	"name": "Philosophies of Ballad",
	"rarity": 4,
	"sortRank": 13103,
	"description": "Talent Level-Up material.\nPoetry is the soul of the land of the wind.\nPoetry is the manifestations of the desire to spread the word. Though nothing is eternal, though nothing will be the same, the wind's poetry will still spread beyond the skies, the land, the seas to every corner of the world.",
	"category": "AVATAR_MATERIAL",
	"typeText": "Character Talent Material",
	"dropDomainId": 4233,
	"dropDomainName": "Domain of Mastery: Realm of Slumber",
	"daysOfWeek": [
		"Wednesday",
		"Saturday",
		"Sunday"
	],
	"sources": []
}