{
	"id": 104349,
	"name": "Philosophies of Contention",
	"rarity": 4,
	"sortRank": 13116,
	"description": "Talent Level-Up material.\nContention is the principle by which all is weighed in the Nation of Pyro.\nIts purpose is to make yourself stronger. After the outcome of a competition has been decided, the victor gains the confidence to be sure of their direction, while the loser gains insights on how they must become stronger. Beyond winning or losing, this is the true meaning of contention.",
	"category": "AVATAR_MATERIAL",
	"typeText": "Character Talent Material",
	"dropDomainId": 4437,
	"dropDomainName": "Domain of Mastery: Sublime Turning",
	"daysOfWeek": [
		"Monday",
		"Thursday",
		"Sunday"
	],
	"sources": []
}