{
	"id": 104331,
	"name": "Philosophies of Admonition",
	"rarity": 4,
	"sortRank": 13110,
	"description": "Talent Level-Up material.\nAdmonition is the branches of the nation of wisdom.\nAdmonition is completed by good deeds. What is done confers real meaning upon what is said. When one's mind, words, and deeds are aligned, their nourishment shall guarantee the fruition of wisdom's tree.",
	"category": "AVATAR_MATERIAL",
	"typeText": "Character Talent Material",
	"dropDomainId": 4433,
	"dropDomainName": "Domain of Mastery: Full Moon",
	"daysOfWeek": [
		"Monday",
		"Thursday",
		"Sunday"
	],
	"sources": []
}