{
	"id": 104334,
	"name": "Philosophies of Ingenuity",
	"rarity": 4,
	"sortRank": 13111,
	"description": "Talent Level-Up material.\nIngenuity is the leaf-veins of the nation of wisdom.\nIngenuity is completed by harmonious conduct. What is done completes what is thought. Wisdom blooms where the mind, words, and practice converge.",
	"category": "AVATAR_MATERIAL",
	"typeText": "Character Talent Material",
	"dropDomainId": 4443,
	"dropDomainName": "Domain of Mastery: Witticism",
	"daysOfWeek": [
		"Tuesday",
		"Friday",
		"Sunday"
	],
	"sources": []
}