{
	"id": 104328,
	"name": "Philosophies of Light",
	"rarity": 4,
	"sortRank": 13109,
	"description": "Talent Level-Up material.\nLight is the yearning of the land of thunder.\nThough they must live forever on the earth, humanity will always reach for the light. Mortals will pursue and surpass, and they will never stop. A sealed eternity may, perhaps, look magnificent, but its essence is death.",
	"category": "AVATAR_MATERIAL",
	"typeText": "Character Talent Material",
	"dropDomainId": 4423,
	"dropDomainName": "Domain of Mastery: Vine-Infested Ruins",
	"daysOfWeek": [
		"Wednesday",
		"Saturday",
		"Sunday"
	],
	"sources": []
}