{
	"id": 104306,
	"name": "Philosophies of Resistance",
	"rarity": 4,
	"sortRank": 13102,
	"description": "Talent Level-Up material.\nResistance is the backbone of the land of the wind.\nThe history of Mondstadt is one of resistances. People rose up to allow the future Mondstadt's poetry to freely be that of the wind and be spread across the land.",
	"category": "AVATAR_MATERIAL",
	"typeText": "Character Talent Material",
	"dropDomainId": 4223,
	"dropDomainName": "Domain of Mastery: Frozen Abyss",
	"daysOfWeek": [
		"Tuesday",
		"Friday",
		"Sunday"
	],
	"sources": []
}