{
	"id": 104312,
	"name": "Philosophies of Prosperity",
	"rarity": 4,
	"sortRank": 13104,
	"description": "Talent Level-Up material.\nProsperity is the people's pursuit in the land of Geo.\nProsperity is Liyue's past, present, and future. This prosperity is unmatched and unobtainable by any other nations — it all belongs to Liyue and its inhabitants.",
	"category": "AVATAR_MATERIAL",
	"typeText": "Character Talent Material",
	"dropDomainId": 5257,
	"dropDomainName": "Domain of Mastery: Altar of Flames",
	"daysOfWeek": [
		"Monday",
		"Thursday",
		"Sunday"
	],
	"sources": []
}