{
	"id": 104325,
	"name": "Philosophies of Elegance",
	"rarity": 4,
	"sortRank": 13108,
	"description": "Talent Level-Up material.\nElegance is the form of the nation of thunder.\nElegance abhors vulgarity, and the elegant ever walk alone. Resisting base evils, unmoved by base loves, never taking refuge in base ignorance — that is how one perceives the chasm between the elegant and the contemptuous.",
	"category": "AVATAR_MATERIAL",
	"typeText": "Character Talent Material",
	"dropDomainId": 4413,
	"dropDomainName": "Domain of Mastery: Thundering Valley",
	"daysOfWeek": [
		"Tuesday",
		"Friday",
		"Sunday"
	],
	"sources": []
}