{
	"id": 104343,
	"name": "Philosophies of Justice",
	"rarity": 4,
	"sortRank": 13114,
	"description": "Talent Level-Up Material.\nThe sword of the Nation of Water is justice.\nThe law of Fontaine walks with the sword of justice in hand. Justice means judgment and reconciliation, the blade of judgment arrests the actions of evil, while reconciliation maintains order.",
	"category": "AVATAR_MATERIAL",
	"typeText": "Character Talent Material",
	"dropDomainId": 4493,
	"dropDomainName": "Domain of Mastery: Admonishing Engraving",
	"daysOfWeek": [
		"Tuesday",
		"Friday",
		"Sunday"
	],
	"sources": []
}