{
	"id": 104303,
	"name": "Philosophies of Freedom",
	"rarity": 4,
	"sortRank": 13101,
	"description": "Talent Level-Up material.\nFreedom is the spirit of the land of the wind.\nTo sing is one such freedom. To sing on the land created by the Anemo Archon is to send your heart away with the song on the wind.",
	"category": "AVATAR_MATERIAL",
	"typeText": "Character Talent Material",
	"dropDomainId": 4213,
	"dropDomainName": "Domain of Mastery: Frosted Altar",
	"daysOfWeek": [
		"Monday",
		"Thursday",
		"Sunday"
	],
	"sources": []
}