{
	"id": 104322,
	"name": "Philosophies of Transience",
	"rarity": 4,
	"sortRank": 13107,
	"description": "Talent Level-Up material.\nTransience is the dream of the nation of thunder.\nThe fleeting nature of this mortal world is the essence of beauty, for are our lives in this world not akin to the levin flash? Yet the might of the divine comes suddenly, and before the roar of eternity, who can stand?",
	"category": "AVATAR_MATERIAL",
	"typeText": "Character Talent Material",
	"dropDomainId": 4403,
	"dropDomainName": "Domain of Mastery: Reign of Violet",
	"daysOfWeek": [
		"Monday",
		"Thursday",
		"Sunday"
	],
	"sources": []
}