{
	"id": 104318,
	"name": "Philosophies of Gold",
	"rarity": 4,
	"sortRank": 13106,
	"description": "Talent Level-Up material.\nGold is the symbol of the land of Geo.\nGold is the wealth of Liyue, but Liyue's true wealth is the hearts of its people that shine like gold.",
	"category": "AVATAR_MATERIAL",
	"typeText": "Character Talent Material",
	"dropDomainId": 5265,
	"dropDomainName": "Domain of Mastery: Circle of Embers",
	"daysOfWeek": [
		"Wednesday",
		"Saturday",
		"Sunday"
	],
	"sources": []
}