{
	"id": 104355,
	"name": "Philosophies of Conflict",
	"rarity": 4,
	"sortRank": 13118,
	"description": "Talent Level-Up material.\nConflict is considered reason in the Nation of Pyro.\nThe premise of conflict is that all parties involved must confront their own desires with the utmost sincerity. Only then, amid the fight or debate, can they remain mindful of what they wish to achieve and stay true to their original objectives.",
	"category": "AVATAR_MATERIAL",
	"typeText": "Character Talent Material",
	"dropDomainId": 4457,
	"dropDomainName": "Domain of Mastery: Return",
	"daysOfWeek": [
		"Wednesday",
		"Saturday",
		"Sunday"
	],
	"sources": []
}