{
	"id": 114022,
	"name": "Piece of Aerosiderite",
	"rarity": 3,
	"sortRank": 15106,
	"description": "Weapon Ascension Material.\nRumors of sea monsters are commonplace in Liyue, since the other shore is an unknown region that lies outside of Teyvat. Without the protection of The Seven, all that lies beyond is unknown chaos. Only power beyond the order of Teyvat is able to stain the power of Rex Lapis black.",
	"category": "AVATAR_MATERIAL",
	"typeText": "Weapon Ascension Material",
	"dropDomainId": 5223,
	"dropDomainName": "Domain of Forgery: Trial Grounds of Thunder",
	"daysOfWeek": [
		"Wednesday",
		"Saturday",
		"Sunday"
	],
	"sources": []
}