{
	"id": 101303,
	"name": "Pine Wood",
	"rarity": 1,
	"sortRank": 330,
	"description": "Timber obtained from pines. Its color and grain are nothing to write home about, but its unpretentious nature is elegant in its own right. The wood is very sturdy as well. In able hands, its products should be able to resist moth and rot alike.\nCan be used to create furnishings.",
	"category": "WOOD",
	"typeText": "Material",
	"sources": [
		"Found in the wild",
		"Recommendation: Cut from Dragonspine",
		"Purchased from Realm Depot: Wood",
		"Convert Wood"
	]
}