{
	"id": 200003,
	"name": "Plaustrite Shard",
	"rarity": 3,
	"sortRank": 100,
	"description": "Used in Lantern Rite as material with which to construct Xiao Lanterns.\nA mysterious shard of elemental rock that can float by itself. It is the secret to the flying lanterns. It is also said to be the thing that powers the Jade Chamber's floating mechanism.",
	"category": "EXCHANGE",
	"typeText": "Lantern Rite Material",
	"sources": [
		"Obtained from harvestable ores",
		"Found on Geovishap Hatchlings and Geovishaps",
		"Produced by Stonehide Lawachurls"
	]
}