{
	"id": 104174,
	"name": "Prithiva Topaz Gemstone",
	"rarity": 5,
	"sortRank": 12108,
	"description": "Character Ascension material.\n\"The currencies that flow through this land are my flesh and blood.\nFor thus did I become the guarantor of the people's hard work, wisdom, and future.\nThis is the trust I have placed in them. Betray it, and you taint my blood.\"",
	"category": "AVATAR_MATERIAL",
	"typeText": "Character Ascension Material",
	"sources": [
		"Obtained from the Crafting Bench Conversion Tab",
		"Check the Enemies Tab in the Adventurer Handbook"
	]
}