{
	"id": 113044,
	"name": "Pseudo-Stamens",
	"rarity": 4,
	"sortRank": 11101,
	"description": "The pale wing-sheathes hiding in a Wenut's tail are as thin as the blooming stamens of a flower.\nIt is said that in the past, even before the beginning of time, they used to travel through the moist land under meadows and forests, similar to birds flying across the sky and fish swimming in the water. It is generally believed that their mimicry of flowers is to lure lost prey caught by sandstorms. There is also a theory, however, that their imitation of a blooming flower was inspired by the splendid blossoms countless epochs ago, which have long gone the way of the desert winds.",
	"category": "AVATAR_MATERIAL",
	"typeText": "Character Level-Up Material",
	"sources": [
		"Dropped by Lv. 30+ Setekh Wenut"
	]
}