{
	"id": 113041,
	"name": "Puppet Strings",
	"rarity": 5,
	"sortRank": 11101,
	"description": "Tubes that were inserted into the mechanical puppet's back. The colors that flow within them are sometimes dull, and at others, vibrant. The contrast is so great as to be fearful.\nThey provided power to the mechanical puppet, and at the same time served as its strings, controlling it and binding it.\nOnce the support of these tubes is lost, the puppet becomes as weak as a newborn infant, barely able to even move.",
	"category": "AVATAR_MATERIAL",
	"typeText": "Character Level-Up Material",
	"sources": [
		"Lv. 70+ Shouki no Kami, the Prodigal Challenge Reward"
	]
}