{
	"id": 10000005,
	"name": "Aether",
	"title": "",
	"description": "A traveler from another world who had their only kin taken away, forcing them to embark on a journey to find The Seven.",
	"weaponType": "WEAPON_SWORD_ONE_HAND",
	"weaponText": "Sword",
	"bodyType": "BODY_BOY",
	"gender": "Male",
	"qualityType": "QUALITY_ORANGE",
	"rarity": 5,
	"birthdaymmdd": "",
	"birthday": "",
	"elementType": "ELEMENT_NONE",
	"elementText": "None",
	"affiliation": "",
	"associationType": "ASSOC_MAINACTOR",
	"region": "",
	"substatType": "FIGHT_PROP_ATTACK_PERCENT",
	"substatText": "ATK",
	"constellation": "Viator",
	"cv": {
		"english": "Zach Aguilar & Corina Boettger",
		"chinese": "鹿喑 & 多多poi",
		"japanese": "堀江瞬 & 古賀葵",
		"korean": "Lee Kyeong-tae & Kim Ka-ryoung"
	},
	"costs": {
		"ascend1": [
			{
				"id": 202,
				"name": "Mora",
				"count": 20000
			},
			{
				"id": 104101,
				"name": "Brilliant Diamond Sliver",
				"count": 1
			},
			{
				"id": 100024,
				"name": "Windwheel Aster",
				"count": 3
			},
			{
				"id": 112005,
				"name": "Damaged Mask",
				"count": 3
			}
		],
		"ascend2": [
			{
				"id": 202,
				"name": "Mora",
				"count": 40000
			},
			{
				"id": 104102,
				"name": "Brilliant Diamond Fragment",
				"count": 3
			},
			{
				"id": 100024,
				"name": "Windwheel Aster",
				"count": 10
			},
			{
				"id": 112005,
				"name": "Damaged Mask",
				"count": 15
			}
		],
		"ascend3": [
			{
				"id": 202,
				"name": "Mora",
				"count": 60000
			},
			{
				"id": 104102,
				"name": "Brilliant Diamond Fragment",
				"count": 6
			},
			{
				"id": 100024,
				"name": "Windwheel Aster",
				"count": 20
			},
			{
				"id": 112006,
				"name": "Stained Mask",
				"count": 12
			}
		],
		"ascend4": [
			{
				"id": 202,
				"name": "Mora",
				"count": 80000
			},
			{
				"id": 104103,
				"name": "Brilliant Diamond Chunk",
				"count": 3
			},
			{
				"id": 100024,
				"name": "Windwheel Aster",
				"count": 30
			},
			{
				"id": 112006,
				"name": "Stained Mask",
				"count": 18
			}
		],
		"ascend5": [
			{
				"id": 202,
				"name": "Mora",
				"count": 100000
			},
			{
				"id": 104103,
				"name": "Brilliant Diamond Chunk",
				"count": 6
			},
			{
				"id": 100024,
				"name": "Windwheel Aster",
				"count": 45
			},
			{
				"id": 112007,
				"name": "Ominous Mask",
				"count": 12
			}
		],
		"ascend6": [
			{
				"id": 202,
				"name": "Mora",
				"count": 120000
			},
			{
				"id": 104104,
				"name": "Brilliant Diamond Gemstone",
				"count": 6
			},
			{
				"id": 100024,
				"name": "Windwheel Aster",
				"count": 60
			},
			{
				"id": 112007,
				"name": "Ominous Mask",
				"count": 24
			}
		]
	}
}