{
	"id": 10000038,
	"name": "Albedo",
	"title": "Kreideprinz",
	"description": "A genius known as the Kreideprinz, he is the Chief Alchemist and Captain of the Investigation Team of the Knights of Favonius.",
	"weaponType": "WEAPON_SWORD_ONE_HAND",
	"weaponText": "Sword",
	"bodyType": "BODY_BOY",
	"gender": "Male",
	"qualityType": "QUALITY_ORANGE",
	"rarity": 5,
	"birthdaymmdd": "9/13",
	"birthday": "September 13",
	"elementType": "ELEMENT_GEO",
	"elementText": "Geo",
	"affiliation": "Knights of Favonius",
	"associationType": "ASSOC_MONDSTADT",
	"region": "Mondstadt",
	"substatType": "FIGHT_PROP_ROCK_ADD_HURT",
	"substatText": "Geo DMG Bonus",
	"constellation": "Princeps Cretaceus",
	"cv": {
		"english": "Khoi Dao",
		"chinese": "Mace",
		"japanese": "野島健児",
		"korean": "Kim Myeong-joon"
	},
	"costs": {
		"ascend1": [
			{
				"id": 202,
				"name": "Mora",
				"count": 20000
			},
			{
				"id": 104171,
				"name": "Prithiva Topaz Sliver",
				"count": 1
			},
			{
				"id": 100023,
				"name": "Cecilia",
				"count": 3
			},
			{
				"id": 112008,
				"name": "Divining Scroll",
				"count": 3
			}
		],
		"ascend2": [
			{
				"id": 202,
				"name": "Mora",
				"count": 40000
			},
			{
				"id": 104172,
				"name": "Prithiva Topaz Fragment",
				"count": 3
			},
			{
				"id": 113009,
				"name": "Basalt Pillar",
				"count": 2
			},
			{
				"id": 100023,
				"name": "Cecilia",
				"count": 10
			},
			{
				"id": 112008,
				"name": "Divining Scroll",
				"count": 15
			}
		],
		"ascend3": [
			{
				"id": 202,
				"name": "Mora",
				"count": 60000
			},
			{
				"id": 104172,
				"name": "Prithiva Topaz Fragment",
				"count": 6
			},
			{
				"id": 113009,
				"name": "Basalt Pillar",
				"count": 4
			},
			{
				"id": 100023,
				"name": "Cecilia",
				"count": 20
			},
			{
				"id": 112009,
				"name": "Sealed Scroll",
				"count": 12
			}
		],
		"ascend4": [
			{
				"id": 202,
				"name": "Mora",
				"count": 80000
			},
			{
				"id": 104173,
				"name": "Prithiva Topaz Chunk",
				"count": 3
			},
			{
				"id": 113009,
				"name": "Basalt Pillar",
				"count": 8
			},
			{
				"id": 100023,
				"name": "Cecilia",
				"count": 30
			},
			{
				"id": 112009,
				"name": "Sealed Scroll",
				"count": 18
			}
		],
		"ascend5": [
			{
				"id": 202,
				"name": "Mora",
				"count": 100000
			},
			{
				"id": 104173,
				"name": "Prithiva Topaz Chunk",
				"count": 6
			},
			{
				"id": 113009,
				"name": "Basalt Pillar",
				"count": 12
			},
			{
				"id": 100023,
				"name": "Cecilia",
				"count": 45
			},
			{
				"id": 112010,
				"name": "Forbidden Curse Scroll",
				"count": 12
			}
		],
		"ascend6": [
			{
				"id": 202,
				"name": "Mora",
				"count": 120000
			},
			{
				"id": 104174,
				"name": "Prithiva Topaz Gemstone",
				"count": 6
			},
			{
				"id": 113009,
				"name": "Basalt Pillar",
				"count": 20
			},
			{
				"id": 100023,
				"name": "Cecilia",
				"count": 60
			},
			{
				"id": 112010,
				"name": "Forbidden Curse Scroll",
				"count": 24
			}
		]
	}
}