{
	"id": 10000078,
	"name": "Alhaitham",
	"title": "Admonishing Instruction",
	"description": "The current scribe of the Sumeru Akademiya, a man endowed with extraordinary intelligence and talent. He lives free — free from the searching eyes of ordinary people, anyway.",
	"weaponType": "WEAPON_SWORD_ONE_HAND",
	"weaponText": "Sword",
	"bodyType": "BODY_MALE",
	"gender": "Male",
	"qualityType": "QUALITY_ORANGE",
	"rarity": 5,
	"birthdaymmdd": "2/11",
	"birthday": "February 11",
	"elementType": "ELEMENT_DENDRO",
	"elementText": "Dendro",
	"affiliation": "Sumeru Akademiya",
	"associationType": "ASSOC_SUMERU",
	"region": "Sumeru",
	"substatType": "FIGHT_PROP_GRASS_ADD_HURT",
	"substatText": "Dendro DMG Bonus",
	"constellation": "Vultur Volans",
	"cv": {
		"english": "Nazeeh Tarsha",
		"chinese": "杨超然",
		"japanese": "梅原裕一郎",
		"korean": "Jun Seung-hwa"
	},
	"costs": {
		"ascend1": [
			{
				"id": 202,
				"name": "Mora",
				"count": 20000
			},
			{
				"id": 104131,
				"name": "Nagadus Emerald Sliver",
				"count": 1
			},
			{
				"id": 101222,
				"name": "Sand Grease Pupa",
				"count": 3
			},
			{
				"id": 112065,
				"name": "Faded Red Satin",
				"count": 3
			}
		],
		"ascend2": [
			{
				"id": 202,
				"name": "Mora",
				"count": 40000
			},
			{
				"id": 104132,
				"name": "Nagadus Emerald Fragment",
				"count": 3
			},
			{
				"id": 113044,
				"name": "Pseudo-Stamens",
				"count": 2
			},
			{
				"id": 101222,
				"name": "Sand Grease Pupa",
				"count": 10
			},
			{
				"id": 112065,
				"name": "Faded Red Satin",
				"count": 15
			}
		],
		"ascend3": [
			{
				"id": 202,
				"name": "Mora",
				"count": 60000
			},
			{
				"id": 104132,
				"name": "Nagadus Emerald Fragment",
				"count": 6
			},
			{
				"id": 113044,
				"name": "Pseudo-Stamens",
				"count": 4
			},
			{
				"id": 101222,
				"name": "Sand Grease Pupa",
				"count": 20
			},
			{
				"id": 112066,
				"name": "Trimmed Red Silk",
				"count": 12
			}
		],
		"ascend4": [
			{
				"id": 202,
				"name": "Mora",
				"count": 80000
			},
			{
				"id": 104133,
				"name": "Nagadus Emerald Chunk",
				"count": 3
			},
			{
				"id": 113044,
				"name": "Pseudo-Stamens",
				"count": 8
			},
			{
				"id": 101222,
				"name": "Sand Grease Pupa",
				"count": 30
			},
			{
				"id": 112066,
				"name": "Trimmed Red Silk",
				"count": 18
			}
		],
		"ascend5": [
			{
				"id": 202,
				"name": "Mora",
				"count": 100000
			},
			{
				"id": 104133,
				"name": "Nagadus Emerald Chunk",
				"count": 6
			},
			{
				"id": 113044,
				"name": "Pseudo-Stamens",
				"count": 12
			},
			{
				"id": 101222,
				"name": "Sand Grease Pupa",
				"count": 45
			},
			{
				"id": 112067,
				"name": "Rich Red Brocade",
				"count": 12
			}
		],
		"ascend6": [
			{
				"id": 202,
				"name": "Mora",
				"count": 120000
			},
			{
				"id": 104134,
				"name": "Nagadus Emerald Gemstone",
				"count": 6
			},
			{
				"id": 113044,
				"name": "Pseudo-Stamens",
				"count": 20
			},
			{
				"id": 101222,
				"name": "Sand Grease Pupa",
				"count": 60
			},
			{
				"id": 112067,
				"name": "Rich Red Brocade",
				"count": 24
			}
		]
	}
}