{
	"id": 10000062,
	"name": "Aloy",
	"title": "Savior From Another World",
	"description": "Formerly an outcast, now a hunter of unparalleled skill. Ready to do the right thing at any time.",
	"weaponType": "WEAPON_BOW",
	"weaponText": "Bow",
	"bodyType": "BODY_GIRL",
	"gender": "Female",
	"qualityType": "QUALITY_ORANGE_SP",
	"rarity": 5,
	"birthdaymmdd": "4/4",
	"birthday": "April 4",
	"elementType": "ELEMENT_CRYO",
	"elementText": "Cryo",
	"affiliation": "Wandering Heroine",
	"associationType": "ASSOC_RANGER",
	"region": "",
	"substatType": "FIGHT_PROP_ICE_ADD_HURT",
	"substatText": "Cryo DMG Bonus",
	"constellation": "Nora Fortis",
	"cv": {
		"english": "—",
		"chinese": "沐霏",
		"japanese": "高垣彩陽",
		"korean": "Jo Hyeon-jung"
	},
	"costs": {
		"ascend1": [
			{
				"id": 202,
				"name": "Mora",
				"count": 20000
			},
			{
				"id": 104161,
				"name": "Shivada Jade Sliver",
				"count": 1
			},
			{
				"id": 101203,
				"name": "Crystal Marrow",
				"count": 3
			},
			{
				"id": 112053,
				"name": "Spectral Husk",
				"count": 3
			}
		],
		"ascend2": [
			{
				"id": 202,
				"name": "Mora",
				"count": 40000
			},
			{
				"id": 104162,
				"name": "Shivada Jade Fragment",
				"count": 3
			},
			{
				"id": 113020,
				"name": "Crystalline Bloom",
				"count": 2
			},
			{
				"id": 101203,
				"name": "Crystal Marrow",
				"count": 10
			},
			{
				"id": 112053,
				"name": "Spectral Husk",
				"count": 15
			}
		],
		"ascend3": [
			{
				"id": 202,
				"name": "Mora",
				"count": 60000
			},
			{
				"id": 104162,
				"name": "Shivada Jade Fragment",
				"count": 6
			},
			{
				"id": 113020,
				"name": "Crystalline Bloom",
				"count": 4
			},
			{
				"id": 101203,
				"name": "Crystal Marrow",
				"count": 20
			},
			{
				"id": 112054,
				"name": "Spectral Heart",
				"count": 12
			}
		],
		"ascend4": [
			{
				"id": 202,
				"name": "Mora",
				"count": 80000
			},
			{
				"id": 104163,
				"name": "Shivada Jade Chunk",
				"count": 3
			},
			{
				"id": 113020,
				"name": "Crystalline Bloom",
				"count": 8
			},
			{
				"id": 101203,
				"name": "Crystal Marrow",
				"count": 30
			},
			{
				"id": 112054,
				"name": "Spectral Heart",
				"count": 18
			}
		],
		"ascend5": [
			{
				"id": 202,
				"name": "Mora",
				"count": 100000
			},
			{
				"id": 104163,
				"name": "Shivada Jade Chunk",
				"count": 6
			},
			{
				"id": 113020,
				"name": "Crystalline Bloom",
				"count": 12
			},
			{
				"id": 101203,
				"name": "Crystal Marrow",
				"count": 45
			},
			{
				"id": 112055,
				"name": "Spectral Nucleus",
				"count": 12
			}
		],
		"ascend6": [
			{
				"id": 202,
				"name": "Mora",
				"count": 120000
			},
			{
				"id": 104164,
				"name": "Shivada Jade Gemstone",
				"count": 6
			},
			{
				"id": 113020,
				"name": "Crystalline Bloom",
				"count": 20
			},
			{
				"id": 101203,
				"name": "Crystal Marrow",
				"count": 60
			},
			{
				"id": 112055,
				"name": "Spectral Nucleus",
				"count": 24
			}
		]
	}
}