{
	"id": 10000057,
	"name": "Arataki Itto",
	"title": "Hanamizaka Heroics",
	"description": "The first and greatest head of the Arataki Gang, famed throughout Inazuma City's Hanamizaka... Wait, what? You've never heard of them? Are you trying to be funny here?",
	"weaponType": "WEAPON_CLAYMORE",
	"weaponText": "Claymore",
	"bodyType": "BODY_MALE",
	"gender": "Male",
	"qualityType": "QUALITY_ORANGE",
	"rarity": 5,
	"birthdaymmdd": "6/1",
	"birthday": "June 1",
	"elementType": "ELEMENT_GEO",
	"elementText": "Geo",
	"affiliation": "Arataki Gang",
	"associationType": "ASSOC_INAZUMA",
	"region": "Inazuma",
	"substatType": "FIGHT_PROP_CRITICAL",
	"substatText": "CRIT Rate",
	"constellation": "Taurus Iracundus",
	"cv": {
		"english": "Max Mittelman",
		"chinese": "刘照坤",
		"japanese": "西川貴教",
		"korean": "Song Jun-seok"
	},
	"costs": {
		"ascend1": [
			{
				"id": 202,
				"name": "Mora",
				"count": 20000
			},
			{
				"id": 104171,
				"name": "Prithiva Topaz Sliver",
				"count": 1
			},
			{
				"id": 101201,
				"name": "Onikabuto",
				"count": 3
			},
			{
				"id": 112002,
				"name": "Slime Condensate",
				"count": 3
			}
		],
		"ascend2": [
			{
				"id": 202,
				"name": "Mora",
				"count": 40000
			},
			{
				"id": 104172,
				"name": "Prithiva Topaz Fragment",
				"count": 3
			},
			{
				"id": 113030,
				"name": "Riftborn Regalia",
				"count": 2
			},
			{
				"id": 101201,
				"name": "Onikabuto",
				"count": 10
			},
			{
				"id": 112002,
				"name": "Slime Condensate",
				"count": 15
			}
		],
		"ascend3": [
			{
				"id": 202,
				"name": "Mora",
				"count": 60000
			},
			{
				"id": 104172,
				"name": "Prithiva Topaz Fragment",
				"count": 6
			},
			{
				"id": 113030,
				"name": "Riftborn Regalia",
				"count": 4
			},
			{
				"id": 101201,
				"name": "Onikabuto",
				"count": 20
			},
			{
				"id": 112003,
				"name": "Slime Secretions",
				"count": 12
			}
		],
		"ascend4": [
			{
				"id": 202,
				"name": "Mora",
				"count": 80000
			},
			{
				"id": 104173,
				"name": "Prithiva Topaz Chunk",
				"count": 3
			},
			{
				"id": 113030,
				"name": "Riftborn Regalia",
				"count": 8
			},
			{
				"id": 101201,
				"name": "Onikabuto",
				"count": 30
			},
			{
				"id": 112003,
				"name": "Slime Secretions",
				"count": 18
			}
		],
		"ascend5": [
			{
				"id": 202,
				"name": "Mora",
				"count": 100000
			},
			{
				"id": 104173,
				"name": "Prithiva Topaz Chunk",
				"count": 6
			},
			{
				"id": 113030,
				"name": "Riftborn Regalia",
				"count": 12
			},
			{
				"id": 101201,
				"name": "Onikabuto",
				"count": 45
			},
			{
				"id": 112004,
				"name": "Slime Concentrate",
				"count": 12
			}
		],
		"ascend6": [
			{
				"id": 202,
				"name": "Mora",
				"count": 120000
			},
			{
				"id": 104174,
				"name": "Prithiva Topaz Gemstone",
				"count": 6
			},
			{
				"id": 113030,
				"name": "Riftborn Regalia",
				"count": 20
			},
			{
				"id": 101201,
				"name": "Onikabuto",
				"count": 60
			},
			{
				"id": 112004,
				"name": "Slime Concentrate",
				"count": 24
			}
		]
	}
}