{
	"id": 10000096,
	"name": "Arlecchino",
	"title": "Dire Balemoon",
	"description": "\"The Knave,\" Fourth of the Fatui Harbingers. A poised, ruthless diplomat. To the children in the House of the Hearth, she is their feared yet dependable \"Father.\"",
	"weaponType": "WEAPON_POLE",
	"weaponText": "Polearm",
	"bodyType": "BODY_LADY",
	"gender": "Female",
	"qualityType": "QUALITY_ORANGE",
	"rarity": 5,
	"birthdaymmdd": "8/22",
	"birthday": "August 22",
	"elementType": "ELEMENT_PYRO",
	"elementText": "Pyro",
	"affiliation": "Fatui",
	"associationType": "ASSOC_FATUI",
	"region": "Snezhnaya",
	"substatType": "FIGHT_PROP_CRITICAL_HURT",
	"substatText": "CRIT DMG",
	"constellation": "Ignis Purgatorius",
	"cv": {
		"english": "Erin Yvette",
		"chinese": "黄莺",
		"japanese": "森なな子",
		"korean": "Lee Myung-hi"
	},
	"costs": {
		"ascend1": [
			{
				"id": 202,
				"name": "Mora",
				"count": 20000
			},
			{
				"id": 104111,
				"name": "Agnidus Agate Sliver",
				"count": 1
			},
			{
				"id": 101236,
				"name": "Rainbow Rose",
				"count": 3
			},
			{
				"id": 112032,
				"name": "Recruit's Insignia",
				"count": 3
			}
		],
		"ascend2": [
			{
				"id": 202,
				"name": "Mora",
				"count": 40000
			},
			{
				"id": 104112,
				"name": "Agnidus Agate Fragment",
				"count": 3
			},
			{
				"id": 113059,
				"name": "Fragment of a Golden Melody",
				"count": 2
			},
			{
				"id": 101236,
				"name": "Rainbow Rose",
				"count": 10
			},
			{
				"id": 112032,
				"name": "Recruit's Insignia",
				"count": 15
			}
		],
		"ascend3": [
			{
				"id": 202,
				"name": "Mora",
				"count": 60000
			},
			{
				"id": 104112,
				"name": "Agnidus Agate Fragment",
				"count": 6
			},
			{
				"id": 113059,
				"name": "Fragment of a Golden Melody",
				"count": 4
			},
			{
				"id": 101236,
				"name": "Rainbow Rose",
				"count": 20
			},
			{
				"id": 112033,
				"name": "Sergeant's Insignia",
				"count": 12
			}
		],
		"ascend4": [
			{
				"id": 202,
				"name": "Mora",
				"count": 80000
			},
			{
				"id": 104113,
				"name": "Agnidus Agate Chunk",
				"count": 3
			},
			{
				"id": 113059,
				"name": "Fragment of a Golden Melody",
				"count": 8
			},
			{
				"id": 101236,
				"name": "Rainbow Rose",
				"count": 30
			},
			{
				"id": 112033,
				"name": "Sergeant's Insignia",
				"count": 18
			}
		],
		"ascend5": [
			{
				"id": 202,
				"name": "Mora",
				"count": 100000
			},
			{
				"id": 104113,
				"name": "Agnidus Agate Chunk",
				"count": 6
			},
			{
				"id": 113059,
				"name": "Fragment of a Golden Melody",
				"count": 12
			},
			{
				"id": 101236,
				"name": "Rainbow Rose",
				"count": 45
			},
			{
				"id": 112034,
				"name": "Lieutenant's Insignia",
				"count": 12
			}
		],
		"ascend6": [
			{
				"id": 202,
				"name": "Mora",
				"count": 120000
			},
			{
				"id": 104114,
				"name": "Agnidus Agate Gemstone",
				"count": 6
			},
			{
				"id": 113059,
				"name": "Fragment of a Golden Melody",
				"count": 20
			},
			{
				"id": 101236,
				"name": "Rainbow Rose",
				"count": 60
			},
			{
				"id": 112034,
				"name": "Lieutenant's Insignia",
				"count": 24
			}
		]
	}
}