{
	"id": 10000082,
	"name": "Baizhu",
	"title": "Beyond Mortality",
	"description": "The owner of Bubu Pharmacy, who is rarely seen without the white snake named Changsheng. His medicinal knowledge is encyclopedic, and his personal intrigues subtle.",
	"weaponType": "WEAPON_CATALYST",
	"weaponText": "Catalyst",
	"bodyType": "BODY_MALE",
	"gender": "Male",
	"qualityType": "QUALITY_ORANGE",
	"rarity": 5,
	"birthdaymmdd": "4/25",
	"birthday": "April 25",
	"elementType": "ELEMENT_DENDRO",
	"elementText": "Dendro",
	"affiliation": "Bubu Pharmacy",
	"associationType": "ASSOC_LIYUE",
	"region": "Liyue",
	"substatType": "FIGHT_PROP_HP_PERCENT",
	"substatText": "HP",
	"constellation": "Lagenaria",
	"cv": {
		"english": "Sean Durrie & Xanthe Huynh",
		"chinese": "秦且歌 & 王晓彤",
		"japanese": "遊佐浩二 & 庄子裕衣",
		"korean": "Yi Ho-san & Jang Mi"
	},
	"costs": {
		"ascend1": [
			{
				"id": 202,
				"name": "Mora",
				"count": 20000
			},
			{
				"id": 104131,
				"name": "Nagadus Emerald Sliver",
				"count": 1
			},
			{
				"id": 100034,
				"name": "Violetgrass",
				"count": 3
			},
			{
				"id": 112059,
				"name": "Fungal Spores",
				"count": 3
			}
		],
		"ascend2": [
			{
				"id": 202,
				"name": "Mora",
				"count": 40000
			},
			{
				"id": 104132,
				"name": "Nagadus Emerald Fragment",
				"count": 3
			},
			{
				"id": 113045,
				"name": "Evergloom Ring",
				"count": 2
			},
			{
				"id": 100034,
				"name": "Violetgrass",
				"count": 10
			},
			{
				"id": 112059,
				"name": "Fungal Spores",
				"count": 15
			}
		],
		"ascend3": [
			{
				"id": 202,
				"name": "Mora",
				"count": 60000
			},
			{
				"id": 104132,
				"name": "Nagadus Emerald Fragment",
				"count": 6
			},
			{
				"id": 113045,
				"name": "Evergloom Ring",
				"count": 4
			},
			{
				"id": 100034,
				"name": "Violetgrass",
				"count": 20
			},
			{
				"id": 112060,
				"name": "Luminescent Pollen",
				"count": 12
			}
		],
		"ascend4": [
			{
				"id": 202,
				"name": "Mora",
				"count": 80000
			},
			{
				"id": 104133,
				"name": "Nagadus Emerald Chunk",
				"count": 3
			},
			{
				"id": 113045,
				"name": "Evergloom Ring",
				"count": 8
			},
			{
				"id": 100034,
				"name": "Violetgrass",
				"count": 30
			},
			{
				"id": 112060,
				"name": "Luminescent Pollen",
				"count": 18
			}
		],
		"ascend5": [
			{
				"id": 202,
				"name": "Mora",
				"count": 100000
			},
			{
				"id": 104133,
				"name": "Nagadus Emerald Chunk",
				"count": 6
			},
			{
				"id": 113045,
				"name": "Evergloom Ring",
				"count": 12
			},
			{
				"id": 100034,
				"name": "Violetgrass",
				"count": 45
			},
			{
				"id": 112061,
				"name": "Crystalline Cyst Dust",
				"count": 12
			}
		],
		"ascend6": [
			{
				"id": 202,
				"name": "Mora",
				"count": 120000
			},
			{
				"id": 104134,
				"name": "Nagadus Emerald Gemstone",
				"count": 6
			},
			{
				"id": 113045,
				"name": "Evergloom Ring",
				"count": 20
			},
			{
				"id": 100034,
				"name": "Violetgrass",
				"count": 60
			},
			{
				"id": 112061,
				"name": "Crystalline Cyst Dust",
				"count": 24
			}
		]
	}
}