{
	"id": 10000014,
	"name": "Barbara",
	"title": "Shining Idol",
	"description": "Every citizen of Mondstadt adores Barbara. She learned the word \"idol\" from a magazine.",
	"weaponType": "WEAPON_CATALYST",
	"weaponText": "Catalyst",
	"bodyType": "BODY_GIRL",
	"gender": "Female",
	"qualityType": "QUALITY_PURPLE",
	"rarity": 4,
	"birthdaymmdd": "7/5",
	"birthday": "July 5",
	"elementType": "ELEMENT_HYDRO",
	"elementText": "Hydro",
	"affiliation": "Church of Favonius",
	"associationType": "ASSOC_MONDSTADT",
	"region": "Mondstadt",
	"substatType": "FIGHT_PROP_HP_PERCENT",
	"substatText": "HP",
	"constellation": "Crater",
	"cv": {
		"english": "Laura Stahl",
		"chinese": "宋媛媛",
		"japanese": "鬼頭明里",
		"korean": "Yoon Ah-young"
	},
	"costs": {
		"ascend1": [
			{
				"id": 202,
				"name": "Mora",
				"count": 20000
			},
			{
				"id": 104121,
				"name": "Varunada Lazurite Sliver",
				"count": 1
			},
			{
				"id": 100025,
				"name": "Philanemo Mushroom",
				"count": 3
			},
			{
				"id": 112008,
				"name": "Divining Scroll",
				"count": 3
			}
		],
		"ascend2": [
			{
				"id": 202,
				"name": "Mora",
				"count": 40000
			},
			{
				"id": 104122,
				"name": "Varunada Lazurite Fragment",
				"count": 3
			},
			{
				"id": 113012,
				"name": "Cleansing Heart",
				"count": 2
			},
			{
				"id": 100025,
				"name": "Philanemo Mushroom",
				"count": 10
			},
			{
				"id": 112008,
				"name": "Divining Scroll",
				"count": 15
			}
		],
		"ascend3": [
			{
				"id": 202,
				"name": "Mora",
				"count": 60000
			},
			{
				"id": 104122,
				"name": "Varunada Lazurite Fragment",
				"count": 6
			},
			{
				"id": 113012,
				"name": "Cleansing Heart",
				"count": 4
			},
			{
				"id": 100025,
				"name": "Philanemo Mushroom",
				"count": 20
			},
			{
				"id": 112009,
				"name": "Sealed Scroll",
				"count": 12
			}
		],
		"ascend4": [
			{
				"id": 202,
				"name": "Mora",
				"count": 80000
			},
			{
				"id": 104123,
				"name": "Varunada Lazurite Chunk",
				"count": 3
			},
			{
				"id": 113012,
				"name": "Cleansing Heart",
				"count": 8
			},
			{
				"id": 100025,
				"name": "Philanemo Mushroom",
				"count": 30
			},
			{
				"id": 112009,
				"name": "Sealed Scroll",
				"count": 18
			}
		],
		"ascend5": [
			{
				"id": 202,
				"name": "Mora",
				"count": 100000
			},
			{
				"id": 104123,
				"name": "Varunada Lazurite Chunk",
				"count": 6
			},
			{
				"id": 113012,
				"name": "Cleansing Heart",
				"count": 12
			},
			{
				"id": 100025,
				"name": "Philanemo Mushroom",
				"count": 45
			},
			{
				"id": 112010,
				"name": "Forbidden Curse Scroll",
				"count": 12
			}
		],
		"ascend6": [
			{
				"id": 202,
				"name": "Mora",
				"count": 120000
			},
			{
				"id": 104124,
				"name": "Varunada Lazurite Gemstone",
				"count": 6
			},
			{
				"id": 113012,
				"name": "Cleansing Heart",
				"count": 20
			},
			{
				"id": 100025,
				"name": "Philanemo Mushroom",
				"count": 60
			},
			{
				"id": 112010,
				"name": "Forbidden Curse Scroll",
				"count": 24
			}
		]
	}
}