{
	"id": 10000024,
	"name": "Beidou",
	"title": "Uncrowned Lord of the Ocean",
	"description": "Captain of her crew, The Crux. She's quite an unbound and forthright woman.",
	"weaponType": "WEAPON_CLAYMORE",
	"weaponText": "Claymore",
	"bodyType": "BODY_LADY",
	"gender": "Female",
	"qualityType": "QUALITY_PURPLE",
	"rarity": 4,
	"birthdaymmdd": "2/14",
	"birthday": "February 14",
	"elementType": "ELEMENT_ELECTRO",
	"elementText": "Electro",
	"affiliation": "The Crux",
	"associationType": "ASSOC_LIYUE",
	"region": "Liyue",
	"substatType": "FIGHT_PROP_ELEC_ADD_HURT",
	"substatText": "Electro DMG Bonus",
	"constellation": "Victor Mare",
	"cv": {
		"english": "Allegra Clark",
		"chinese": "唐雅菁",
		"japanese": "小清水亜美",
		"korean": "Jung Yoo-mi"
	},
	"costs": {
		"ascend1": [
			{
				"id": 202,
				"name": "Mora",
				"count": 20000
			},
			{
				"id": 104141,
				"name": "Vajrada Amethyst Sliver",
				"count": 1
			},
			{
				"id": 100028,
				"name": "Noctilucous Jade",
				"count": 3
			},
			{
				"id": 112035,
				"name": "Treasure Hoarder Insignia",
				"count": 3
			}
		],
		"ascend2": [
			{
				"id": 202,
				"name": "Mora",
				"count": 40000
			},
			{
				"id": 104142,
				"name": "Vajrada Amethyst Fragment",
				"count": 3
			},
			{
				"id": 113002,
				"name": "Lightning Prism",
				"count": 2
			},
			{
				"id": 100028,
				"name": "Noctilucous Jade",
				"count": 10
			},
			{
				"id": 112035,
				"name": "Treasure Hoarder Insignia",
				"count": 15
			}
		],
		"ascend3": [
			{
				"id": 202,
				"name": "Mora",
				"count": 60000
			},
			{
				"id": 104142,
				"name": "Vajrada Amethyst Fragment",
				"count": 6
			},
			{
				"id": 113002,
				"name": "Lightning Prism",
				"count": 4
			},
			{
				"id": 100028,
				"name": "Noctilucous Jade",
				"count": 20
			},
			{
				"id": 112036,
				"name": "Silver Raven Insignia",
				"count": 12
			}
		],
		"ascend4": [
			{
				"id": 202,
				"name": "Mora",
				"count": 80000
			},
			{
				"id": 104143,
				"name": "Vajrada Amethyst Chunk",
				"count": 3
			},
			{
				"id": 113002,
				"name": "Lightning Prism",
				"count": 8
			},
			{
				"id": 100028,
				"name": "Noctilucous Jade",
				"count": 30
			},
			{
				"id": 112036,
				"name": "Silver Raven Insignia",
				"count": 18
			}
		],
		"ascend5": [
			{
				"id": 202,
				"name": "Mora",
				"count": 100000
			},
			{
				"id": 104143,
				"name": "Vajrada Amethyst Chunk",
				"count": 6
			},
			{
				"id": 113002,
				"name": "Lightning Prism",
				"count": 12
			},
			{
				"id": 100028,
				"name": "Noctilucous Jade",
				"count": 45
			},
			{
				"id": 112037,
				"name": "Golden Raven Insignia",
				"count": 12
			}
		],
		"ascend6": [
			{
				"id": 202,
				"name": "Mora",
				"count": 120000
			},
			{
				"id": 104144,
				"name": "Vajrada Amethyst Gemstone",
				"count": 6
			},
			{
				"id": 113002,
				"name": "Lightning Prism",
				"count": 20
			},
			{
				"id": 100028,
				"name": "Noctilucous Jade",
				"count": 60
			},
			{
				"id": 112037,
				"name": "Golden Raven Insignia",
				"count": 24
			}
		]
	}
}