{
	"id": 10000032,
	"name": "Bennett",
	"title": "Trial by Fire",
	"description": "A good-natured adventurer from Mondstadt who's unfortunately extremely unlucky.",
	"weaponType": "WEAPON_SWORD_ONE_HAND",
	"weaponText": "Sword",
	"bodyType": "BODY_BOY",
	"gender": "Male",
	"qualityType": "QUALITY_PURPLE",
	"rarity": 4,
	"birthdaymmdd": "2/29",
	"birthday": "February 29",
	"elementType": "ELEMENT_PYRO",
	"elementText": "Pyro",
	"affiliation": "Adventurers' Guild",
	"associationType": "ASSOC_MONDSTADT",
	"region": "Mondstadt",
	"substatType": "FIGHT_PROP_CHARGE_EFFICIENCY",
	"substatText": "Energy Recharge",
	"constellation": "Rota Calamitas",
	"cv": {
		"english": "Cristina Vee Valenzuela",
		"chinese": "穆雪婷",
		"japanese": "逢坂良太",
		"korean": "Song Ha-rim"
	},
	"costs": {
		"ascend1": [
			{
				"id": 202,
				"name": "Mora",
				"count": 20000
			},
			{
				"id": 104111,
				"name": "Agnidus Agate Sliver",
				"count": 1
			},
			{
				"id": 100024,
				"name": "Windwheel Aster",
				"count": 3
			},
			{
				"id": 112035,
				"name": "Treasure Hoarder Insignia",
				"count": 3
			}
		],
		"ascend2": [
			{
				"id": 202,
				"name": "Mora",
				"count": 40000
			},
			{
				"id": 104112,
				"name": "Agnidus Agate Fragment",
				"count": 3
			},
			{
				"id": 113011,
				"name": "Everflame Seed",
				"count": 2
			},
			{
				"id": 100024,
				"name": "Windwheel Aster",
				"count": 10
			},
			{
				"id": 112035,
				"name": "Treasure Hoarder Insignia",
				"count": 15
			}
		],
		"ascend3": [
			{
				"id": 202,
				"name": "Mora",
				"count": 60000
			},
			{
				"id": 104112,
				"name": "Agnidus Agate Fragment",
				"count": 6
			},
			{
				"id": 113011,
				"name": "Everflame Seed",
				"count": 4
			},
			{
				"id": 100024,
				"name": "Windwheel Aster",
				"count": 20
			},
			{
				"id": 112036,
				"name": "Silver Raven Insignia",
				"count": 12
			}
		],
		"ascend4": [
			{
				"id": 202,
				"name": "Mora",
				"count": 80000
			},
			{
				"id": 104113,
				"name": "Agnidus Agate Chunk",
				"count": 3
			},
			{
				"id": 113011,
				"name": "Everflame Seed",
				"count": 8
			},
			{
				"id": 100024,
				"name": "Windwheel Aster",
				"count": 30
			},
			{
				"id": 112036,
				"name": "Silver Raven Insignia",
				"count": 18
			}
		],
		"ascend5": [
			{
				"id": 202,
				"name": "Mora",
				"count": 100000
			},
			{
				"id": 104113,
				"name": "Agnidus Agate Chunk",
				"count": 6
			},
			{
				"id": 113011,
				"name": "Everflame Seed",
				"count": 12
			},
			{
				"id": 100024,
				"name": "Windwheel Aster",
				"count": 45
			},
			{
				"id": 112037,
				"name": "Golden Raven Insignia",
				"count": 12
			}
		],
		"ascend6": [
			{
				"id": 202,
				"name": "Mora",
				"count": 120000
			},
			{
				"id": 104114,
				"name": "Agnidus Agate Gemstone",
				"count": 6
			},
			{
				"id": 113011,
				"name": "Everflame Seed",
				"count": 20
			},
			{
				"id": 100024,
				"name": "Windwheel Aster",
				"count": 60
			},
			{
				"id": 112037,
				"name": "Golden Raven Insignia",
				"count": 24
			}
		]
	}
}