{
	"id": 10000072,
	"name": "Candace",
	"title": "Golden Vow",
	"description": "A descendant of King Deshret with an amber left eye. The defender of Aaru Village.",
	"weaponType": "WEAPON_POLE",
	"weaponText": "Polearm",
	"bodyType": "BODY_LADY",
	"gender": "Female",
	"qualityType": "QUALITY_PURPLE",
	"rarity": 4,
	"birthdaymmdd": "5/3",
	"birthday": "May 3",
	"elementType": "ELEMENT_HYDRO",
	"elementText": "Hydro",
	"affiliation": "Aaru Village",
	"associationType": "ASSOC_SUMERU",
	"region": "Sumeru",
	"substatType": "FIGHT_PROP_HP_PERCENT",
	"substatText": "HP",
	"constellation": "Sagitta Scutum",
	"cv": {
		"english": "Shara Kirby",
		"chinese": "张琦",
		"japanese": "柚木涼香",
		"korean": "Jun Young-soo"
	},
	"costs": {
		"ascend1": [
			{
				"id": 202,
				"name": "Mora",
				"count": 20000
			},
			{
				"id": 104121,
				"name": "Varunada Lazurite Sliver",
				"count": 1
			},
			{
				"id": 101220,
				"name": "Henna Berry",
				"count": 3
			},
			{
				"id": 112065,
				"name": "Faded Red Satin",
				"count": 3
			}
		],
		"ascend2": [
			{
				"id": 202,
				"name": "Mora",
				"count": 40000
			},
			{
				"id": 104122,
				"name": "Varunada Lazurite Fragment",
				"count": 3
			},
			{
				"id": 113039,
				"name": "Light Guiding Tetrahedron",
				"count": 2
			},
			{
				"id": 101220,
				"name": "Henna Berry",
				"count": 10
			},
			{
				"id": 112065,
				"name": "Faded Red Satin",
				"count": 15
			}
		],
		"ascend3": [
			{
				"id": 202,
				"name": "Mora",
				"count": 60000
			},
			{
				"id": 104122,
				"name": "Varunada Lazurite Fragment",
				"count": 6
			},
			{
				"id": 113039,
				"name": "Light Guiding Tetrahedron",
				"count": 4
			},
			{
				"id": 101220,
				"name": "Henna Berry",
				"count": 20
			},
			{
				"id": 112066,
				"name": "Trimmed Red Silk",
				"count": 12
			}
		],
		"ascend4": [
			{
				"id": 202,
				"name": "Mora",
				"count": 80000
			},
			{
				"id": 104123,
				"name": "Varunada Lazurite Chunk",
				"count": 3
			},
			{
				"id": 113039,
				"name": "Light Guiding Tetrahedron",
				"count": 8
			},
			{
				"id": 101220,
				"name": "Henna Berry",
				"count": 30
			},
			{
				"id": 112066,
				"name": "Trimmed Red Silk",
				"count": 18
			}
		],
		"ascend5": [
			{
				"id": 202,
				"name": "Mora",
				"count": 100000
			},
			{
				"id": 104123,
				"name": "Varunada Lazurite Chunk",
				"count": 6
			},
			{
				"id": 113039,
				"name": "Light Guiding Tetrahedron",
				"count": 12
			},
			{
				"id": 101220,
				"name": "Henna Berry",
				"count": 45
			},
			{
				"id": 112067,
				"name": "Rich Red Brocade",
				"count": 12
			}
		],
		"ascend6": [
			{
				"id": 202,
				"name": "Mora",
				"count": 120000
			},
			{
				"id": 104124,
				"name": "Varunada Lazurite Gemstone",
				"count": 6
			},
			{
				"id": 113039,
				"name": "Light Guiding Tetrahedron",
				"count": 20
			},
			{
				"id": 101220,
				"name": "Henna Berry",
				"count": 60
			},
			{
				"id": 112067,
				"name": "Rich Red Brocade",
				"count": 24
			}
		]
	}
}