{
	"id": 10000088,
	"name": "Charlotte",
	"title": "Lens of Verity",
	"description": "Indefatigable reporter of The Steambird, constantly on the hunt for the \"truth.\"",
	"weaponType": "WEAPON_CATALYST",
	"weaponText": "Catalyst",
	"bodyType": "BODY_GIRL",
	"gender": "Female",
	"qualityType": "QUALITY_PURPLE",
	"rarity": 4,
	"birthdaymmdd": "4/10",
	"birthday": "April 10",
	"elementType": "ELEMENT_CRYO",
	"elementText": "Cryo",
	"affiliation": "The Steambird",
	"associationType": "ASSOC_FONTAINE",
	"region": "Fontaine",
	"substatType": "FIGHT_PROP_ATTACK_PERCENT",
	"substatText": "ATK",
	"constellation": "Hualina Veritas",
	"cv": {
		"english": "Maya Aoki Tuttle",
		"chinese": "阮从青",
		"japanese": "和氣あず未",
		"korean": "Shin On-yu"
	},
	"costs": {
		"ascend1": [
			{
				"id": 202,
				"name": "Mora",
				"count": 20000
			},
			{
				"id": 104161,
				"name": "Shivada Jade Sliver",
				"count": 1
			},
			{
				"id": 101232,
				"name": "Beryl Conch",
				"count": 3
			},
			{
				"id": 112083,
				"name": "Meshing Gear",
				"count": 3
			}
		],
		"ascend2": [
			{
				"id": 202,
				"name": "Mora",
				"count": 40000
			},
			{
				"id": 104162,
				"name": "Shivada Jade Fragment",
				"count": 3
			},
			{
				"id": 113052,
				"name": "\"Tourbillon Device\"",
				"count": 2
			},
			{
				"id": 101232,
				"name": "Beryl Conch",
				"count": 10
			},
			{
				"id": 112083,
				"name": "Meshing Gear",
				"count": 15
			}
		],
		"ascend3": [
			{
				"id": 202,
				"name": "Mora",
				"count": 60000
			},
			{
				"id": 104162,
				"name": "Shivada Jade Fragment",
				"count": 6
			},
			{
				"id": 113052,
				"name": "\"Tourbillon Device\"",
				"count": 4
			},
			{
				"id": 101232,
				"name": "Beryl Conch",
				"count": 20
			},
			{
				"id": 112084,
				"name": "Mechanical Spur Gear",
				"count": 12
			}
		],
		"ascend4": [
			{
				"id": 202,
				"name": "Mora",
				"count": 80000
			},
			{
				"id": 104163,
				"name": "Shivada Jade Chunk",
				"count": 3
			},
			{
				"id": 113052,
				"name": "\"Tourbillon Device\"",
				"count": 8
			},
			{
				"id": 101232,
				"name": "Beryl Conch",
				"count": 30
			},
			{
				"id": 112084,
				"name": "Mechanical Spur Gear",
				"count": 18
			}
		],
		"ascend5": [
			{
				"id": 202,
				"name": "Mora",
				"count": 100000
			},
			{
				"id": 104163,
				"name": "Shivada Jade Chunk",
				"count": 6
			},
			{
				"id": 113052,
				"name": "\"Tourbillon Device\"",
				"count": 12
			},
			{
				"id": 101232,
				"name": "Beryl Conch",
				"count": 45
			},
			{
				"id": 112085,
				"name": "Artificed Dynamic Gear",
				"count": 12
			}
		],
		"ascend6": [
			{
				"id": 202,
				"name": "Mora",
				"count": 120000
			},
			{
				"id": 104164,
				"name": "Shivada Jade Gemstone",
				"count": 6
			},
			{
				"id": 113052,
				"name": "\"Tourbillon Device\"",
				"count": 20
			},
			{
				"id": 101232,
				"name": "Beryl Conch",
				"count": 60
			},
			{
				"id": 112085,
				"name": "Artificed Dynamic Gear",
				"count": 24
			}
		]
	}
}