{
	"id": 10000104,
	"name": "Chasca",
	"title": "Skyborne Arbiter",
	"description": "The Peacemaker of the Tlalocan, the ender of all disputes.",
	"weaponType": "WEAPON_BOW",
	"weaponText": "Bow",
	"bodyType": "BODY_LADY",
	"gender": "Female",
	"qualityType": "QUALITY_ORANGE",
	"rarity": 5,
	"birthdaymmdd": "12/10",
	"birthday": "December 10",
	"elementType": "ELEMENT_ANEMO",
	"elementText": "Anemo",
	"affiliation": "Tlalocan",
	"associationType": "ASSOC_NATLAN",
	"region": "Natlan",
	"substatType": "FIGHT_PROP_CRITICAL",
	"substatText": "CRIT Rate",
	"constellation": "Vultur Gryphus",
	"cv": {
		"english": "Lauren Amante",
		"chinese": "张若瑜",
		"japanese": "甲斐田裕子",
		"korean": "Soo-hyun"
	},
	"costs": {
		"ascend1": [
			{
				"id": 202,
				"name": "Mora",
				"count": 20000
			},
			{
				"id": 104151,
				"name": "Vayuda Turquoise Sliver",
				"count": 1
			},
			{
				"id": 101253,
				"name": "Withering Purpurbloom",
				"count": 3
			},
			{
				"id": 112101,
				"name": "Juvenile Fang",
				"count": 3
			}
		],
		"ascend2": [
			{
				"id": 202,
				"name": "Mora",
				"count": 40000
			},
			{
				"id": 104152,
				"name": "Vayuda Turquoise Fragment",
				"count": 3
			},
			{
				"id": 113067,
				"name": "Ensnaring Gaze",
				"count": 2
			},
			{
				"id": 101253,
				"name": "Withering Purpurbloom",
				"count": 10
			},
			{
				"id": 112101,
				"name": "Juvenile Fang",
				"count": 15
			}
		],
		"ascend3": [
			{
				"id": 202,
				"name": "Mora",
				"count": 60000
			},
			{
				"id": 104152,
				"name": "Vayuda Turquoise Fragment",
				"count": 6
			},
			{
				"id": 113067,
				"name": "Ensnaring Gaze",
				"count": 4
			},
			{
				"id": 101253,
				"name": "Withering Purpurbloom",
				"count": 20
			},
			{
				"id": 112102,
				"name": "Seasoned Fang",
				"count": 12
			}
		],
		"ascend4": [
			{
				"id": 202,
				"name": "Mora",
				"count": 80000
			},
			{
				"id": 104153,
				"name": "Vayuda Turquoise Chunk",
				"count": 3
			},
			{
				"id": 113067,
				"name": "Ensnaring Gaze",
				"count": 8
			},
			{
				"id": 101253,
				"name": "Withering Purpurbloom",
				"count": 30
			},
			{
				"id": 112102,
				"name": "Seasoned Fang",
				"count": 18
			}
		],
		"ascend5": [
			{
				"id": 202,
				"name": "Mora",
				"count": 100000
			},
			{
				"id": 104153,
				"name": "Vayuda Turquoise Chunk",
				"count": 6
			},
			{
				"id": 113067,
				"name": "Ensnaring Gaze",
				"count": 12
			},
			{
				"id": 101253,
				"name": "Withering Purpurbloom",
				"count": 45
			},
			{
				"id": 112103,
				"name": "Tyrant's Fang",
				"count": 12
			}
		],
		"ascend6": [
			{
				"id": 202,
				"name": "Mora",
				"count": 120000
			},
			{
				"id": 104154,
				"name": "Vayuda Turquoise Gemstone",
				"count": 6
			},
			{
				"id": 113067,
				"name": "Ensnaring Gaze",
				"count": 20
			},
			{
				"id": 101253,
				"name": "Withering Purpurbloom",
				"count": 60
			},
			{
				"id": 112103,
				"name": "Tyrant's Fang",
				"count": 24
			}
		]
	}
}