{
	"id": 10000090,
	"name": "Chevreuse",
	"title": "Executor of Justice",
	"description": "The captain of the Special Security and Surveillance Patrol, who wears justice as an ever-present seal upon her heart. Her musket shall only ever point at the guilty.",
	"weaponType": "WEAPON_POLE",
	"weaponText": "Polearm",
	"bodyType": "BODY_GIRL",
	"gender": "Female",
	"qualityType": "QUALITY_PURPLE",
	"rarity": 4,
	"birthdaymmdd": "1/10",
	"birthday": "January 10",
	"elementType": "ELEMENT_PYRO",
	"elementText": "Pyro",
	"affiliation": "Special Security and Surveillance Patrol",
	"associationType": "ASSOC_FONTAINE",
	"region": "Fontaine",
	"substatType": "FIGHT_PROP_HP_PERCENT",
	"substatText": "HP",
	"constellation": "Sclopetum Ensiferum",
	"cv": {
		"english": "Erica Lindbeck",
		"chinese": "潘丹妮",
		"japanese": "下地紫野",
		"korean": "Chae Min-ji"
	},
	"costs": {
		"ascend1": [
			{
				"id": 202,
				"name": "Mora",
				"count": 20000
			},
			{
				"id": 104111,
				"name": "Agnidus Agate Sliver",
				"count": 1
			},
			{
				"id": 101235,
				"name": "Lumidouce Bell",
				"count": 3
			},
			{
				"id": 112083,
				"name": "Meshing Gear",
				"count": 3
			}
		],
		"ascend2": [
			{
				"id": 202,
				"name": "Mora",
				"count": 40000
			},
			{
				"id": 104112,
				"name": "Agnidus Agate Fragment",
				"count": 3
			},
			{
				"id": 113053,
				"name": "Fontemer Unihorn",
				"count": 2
			},
			{
				"id": 101235,
				"name": "Lumidouce Bell",
				"count": 10
			},
			{
				"id": 112083,
				"name": "Meshing Gear",
				"count": 15
			}
		],
		"ascend3": [
			{
				"id": 202,
				"name": "Mora",
				"count": 60000
			},
			{
				"id": 104112,
				"name": "Agnidus Agate Fragment",
				"count": 6
			},
			{
				"id": 113053,
				"name": "Fontemer Unihorn",
				"count": 4
			},
			{
				"id": 101235,
				"name": "Lumidouce Bell",
				"count": 20
			},
			{
				"id": 112084,
				"name": "Mechanical Spur Gear",
				"count": 12
			}
		],
		"ascend4": [
			{
				"id": 202,
				"name": "Mora",
				"count": 80000
			},
			{
				"id": 104113,
				"name": "Agnidus Agate Chunk",
				"count": 3
			},
			{
				"id": 113053,
				"name": "Fontemer Unihorn",
				"count": 8
			},
			{
				"id": 101235,
				"name": "Lumidouce Bell",
				"count": 30
			},
			{
				"id": 112084,
				"name": "Mechanical Spur Gear",
				"count": 18
			}
		],
		"ascend5": [
			{
				"id": 202,
				"name": "Mora",
				"count": 100000
			},
			{
				"id": 104113,
				"name": "Agnidus Agate Chunk",
				"count": 6
			},
			{
				"id": 113053,
				"name": "Fontemer Unihorn",
				"count": 12
			},
			{
				"id": 101235,
				"name": "Lumidouce Bell",
				"count": 45
			},
			{
				"id": 112085,
				"name": "Artificed Dynamic Gear",
				"count": 12
			}
		],
		"ascend6": [
			{
				"id": 202,
				"name": "Mora",
				"count": 120000
			},
			{
				"id": 104114,
				"name": "Agnidus Agate Gemstone",
				"count": 6
			},
			{
				"id": 113053,
				"name": "Fontemer Unihorn",
				"count": 20
			},
			{
				"id": 101235,
				"name": "Lumidouce Bell",
				"count": 60
			},
			{
				"id": 112085,
				"name": "Artificed Dynamic Gear",
				"count": 24
			}
		]
	}
}