{
	"id": 10000094,
	"name": "Chiori",
	"title": "The Thundering Seamstress",
	"description": "The owner of Chioriya Boutique. A tailor renowned throughout Fontaine.",
	"weaponType": "WEAPON_SWORD_ONE_HAND",
	"weaponText": "Sword",
	"bodyType": "BODY_GIRL",
	"gender": "Female",
	"qualityType": "QUALITY_ORANGE",
	"rarity": 5,
	"birthdaymmdd": "8/17",
	"birthday": "August 17",
	"elementType": "ELEMENT_GEO",
	"elementText": "Geo",
	"affiliation": "Court of Fontaine",
	"associationType": "ASSOC_INAZUMA",
	"region": "Inazuma",
	"substatType": "FIGHT_PROP_CRITICAL",
	"substatText": "CRIT Rate",
	"constellation": "Cisoria",
	"cv": {
		"english": "Brittany Lauda",
		"chinese": "陈阳",
		"japanese": "竹達彩奈",
		"korean": "Lee Da-eun"
	},
	"costs": {
		"ascend1": [
			{
				"id": 202,
				"name": "Mora",
				"count": 20000
			},
			{
				"id": 104171,
				"name": "Prithiva Topaz Sliver",
				"count": 1
			},
			{
				"id": 101204,
				"name": "Dendrobium",
				"count": 3
			},
			{
				"id": 112053,
				"name": "Spectral Husk",
				"count": 3
			}
		],
		"ascend2": [
			{
				"id": 202,
				"name": "Mora",
				"count": 40000
			},
			{
				"id": 104172,
				"name": "Prithiva Topaz Fragment",
				"count": 3
			},
			{
				"id": 113049,
				"name": "Artificed Spare Clockwork Component — Coppelia",
				"count": 2
			},
			{
				"id": 101204,
				"name": "Dendrobium",
				"count": 10
			},
			{
				"id": 112053,
				"name": "Spectral Husk",
				"count": 15
			}
		],
		"ascend3": [
			{
				"id": 202,
				"name": "Mora",
				"count": 60000
			},
			{
				"id": 104172,
				"name": "Prithiva Topaz Fragment",
				"count": 6
			},
			{
				"id": 113049,
				"name": "Artificed Spare Clockwork Component — Coppelia",
				"count": 4
			},
			{
				"id": 101204,
				"name": "Dendrobium",
				"count": 20
			},
			{
				"id": 112054,
				"name": "Spectral Heart",
				"count": 12
			}
		],
		"ascend4": [
			{
				"id": 202,
				"name": "Mora",
				"count": 80000
			},
			{
				"id": 104173,
				"name": "Prithiva Topaz Chunk",
				"count": 3
			},
			{
				"id": 113049,
				"name": "Artificed Spare Clockwork Component — Coppelia",
				"count": 8
			},
			{
				"id": 101204,
				"name": "Dendrobium",
				"count": 30
			},
			{
				"id": 112054,
				"name": "Spectral Heart",
				"count": 18
			}
		],
		"ascend5": [
			{
				"id": 202,
				"name": "Mora",
				"count": 100000
			},
			{
				"id": 104173,
				"name": "Prithiva Topaz Chunk",
				"count": 6
			},
			{
				"id": 113049,
				"name": "Artificed Spare Clockwork Component — Coppelia",
				"count": 12
			},
			{
				"id": 101204,
				"name": "Dendrobium",
				"count": 45
			},
			{
				"id": 112055,
				"name": "Spectral Nucleus",
				"count": 12
			}
		],
		"ascend6": [
			{
				"id": 202,
				"name": "Mora",
				"count": 120000
			},
			{
				"id": 104174,
				"name": "Prithiva Topaz Gemstone",
				"count": 6
			},
			{
				"id": 113049,
				"name": "Artificed Spare Clockwork Component — Coppelia",
				"count": 20
			},
			{
				"id": 101204,
				"name": "Dendrobium",
				"count": 60
			},
			{
				"id": 112055,
				"name": "Spectral Nucleus",
				"count": 24
			}
		]
	}
}