{
	"id": 10000036,
	"name": "Chongyun",
	"title": "Frozen Ardor",
	"description": "A young exorcist from a family of exorcists. He does everything he can to suppress his abundance of yang energy.",
	"weaponType": "WEAPON_CLAYMORE",
	"weaponText": "Claymore",
	"bodyType": "BODY_BOY",
	"gender": "Male",
	"qualityType": "QUALITY_PURPLE",
	"rarity": 4,
	"birthdaymmdd": "9/7",
	"birthday": "September 7",
	"elementType": "ELEMENT_CRYO",
	"elementText": "Cryo",
	"affiliation": "Tianheng Thaumaturges",
	"associationType": "ASSOC_LIYUE",
	"region": "Liyue",
	"substatType": "FIGHT_PROP_ATTACK_PERCENT",
	"substatText": "ATK",
	"constellation": "Nubis Caesor",
	"cv": {
		"english": "Beau Bridgland",
		"chinese": "kinsen",
		"japanese": "斉藤壮馬",
		"korean": "Yang Jeong-hwa"
	},
	"costs": {
		"ascend1": [
			{
				"id": 202,
				"name": "Mora",
				"count": 20000
			},
			{
				"id": 104161,
				"name": "Shivada Jade Sliver",
				"count": 1
			},
			{
				"id": 100058,
				"name": "Cor Lapis",
				"count": 3
			},
			{
				"id": 112005,
				"name": "Damaged Mask",
				"count": 3
			}
		],
		"ascend2": [
			{
				"id": 202,
				"name": "Mora",
				"count": 40000
			},
			{
				"id": 104162,
				"name": "Shivada Jade Fragment",
				"count": 3
			},
			{
				"id": 113010,
				"name": "Hoarfrost Core",
				"count": 2
			},
			{
				"id": 100058,
				"name": "Cor Lapis",
				"count": 10
			},
			{
				"id": 112005,
				"name": "Damaged Mask",
				"count": 15
			}
		],
		"ascend3": [
			{
				"id": 202,
				"name": "Mora",
				"count": 60000
			},
			{
				"id": 104162,
				"name": "Shivada Jade Fragment",
				"count": 6
			},
			{
				"id": 113010,
				"name": "Hoarfrost Core",
				"count": 4
			},
			{
				"id": 100058,
				"name": "Cor Lapis",
				"count": 20
			},
			{
				"id": 112006,
				"name": "Stained Mask",
				"count": 12
			}
		],
		"ascend4": [
			{
				"id": 202,
				"name": "Mora",
				"count": 80000
			},
			{
				"id": 104163,
				"name": "Shivada Jade Chunk",
				"count": 3
			},
			{
				"id": 113010,
				"name": "Hoarfrost Core",
				"count": 8
			},
			{
				"id": 100058,
				"name": "Cor Lapis",
				"count": 30
			},
			{
				"id": 112006,
				"name": "Stained Mask",
				"count": 18
			}
		],
		"ascend5": [
			{
				"id": 202,
				"name": "Mora",
				"count": 100000
			},
			{
				"id": 104163,
				"name": "Shivada Jade Chunk",
				"count": 6
			},
			{
				"id": 113010,
				"name": "Hoarfrost Core",
				"count": 12
			},
			{
				"id": 100058,
				"name": "Cor Lapis",
				"count": 45
			},
			{
				"id": 112007,
				"name": "Ominous Mask",
				"count": 12
			}
		],
		"ascend6": [
			{
				"id": 202,
				"name": "Mora",
				"count": 120000
			},
			{
				"id": 104164,
				"name": "Shivada Jade Gemstone",
				"count": 6
			},
			{
				"id": 113010,
				"name": "Hoarfrost Core",
				"count": 20
			},
			{
				"id": 100058,
				"name": "Cor Lapis",
				"count": 60
			},
			{
				"id": 112007,
				"name": "Ominous Mask",
				"count": 24
			}
		]
	}
}