{
	"id": 10000107,
	"name": "Citlali",
	"title": "Obsidian Opalstar",
	"description": "The great shaman from the Masters of the Night-Wind, the universally-revered Granny Itztli.",
	"weaponType": "WEAPON_CATALYST",
	"weaponText": "Catalyst",
	"bodyType": "BODY_GIRL",
	"gender": "Female",
	"qualityType": "QUALITY_ORANGE",
	"rarity": 5,
	"birthdaymmdd": "1/20",
	"birthday": "January 20",
	"elementType": "ELEMENT_CRYO",
	"elementText": "Cryo",
	"affiliation": "Mictlan",
	"associationType": "ASSOC_NATLAN",
	"region": "Natlan",
	"substatType": "FIGHT_PROP_ELEMENT_MASTERY",
	"substatText": "Elemental Mastery",
	"constellation": "Patina Anavatlaca",
	"cv": {
		"english": "Skyler Davenport",
		"chinese": "柳知萧",
		"japanese": "田野アサミ",
		"korean": "Lee Eun-jo"
	},
	"costs": {
		"ascend1": [
			{
				"id": 202,
				"name": "Mora",
				"count": 20000
			},
			{
				"id": 104161,
				"name": "Shivada Jade Sliver",
				"count": 1
			},
			{
				"id": 101249,
				"name": "Quenepa Berry",
				"count": 3
			},
			{
				"id": 112101,
				"name": "Juvenile Fang",
				"count": 3
			}
		],
		"ascend2": [
			{
				"id": 202,
				"name": "Mora",
				"count": 40000
			},
			{
				"id": 104162,
				"name": "Shivada Jade Fragment",
				"count": 3
			},
			{
				"id": 113071,
				"name": "Talisman of the Enigmatic Land",
				"count": 2
			},
			{
				"id": 101249,
				"name": "Quenepa Berry",
				"count": 10
			},
			{
				"id": 112101,
				"name": "Juvenile Fang",
				"count": 15
			}
		],
		"ascend3": [
			{
				"id": 202,
				"name": "Mora",
				"count": 60000
			},
			{
				"id": 104162,
				"name": "Shivada Jade Fragment",
				"count": 6
			},
			{
				"id": 113071,
				"name": "Talisman of the Enigmatic Land",
				"count": 4
			},
			{
				"id": 101249,
				"name": "Quenepa Berry",
				"count": 20
			},
			{
				"id": 112102,
				"name": "Seasoned Fang",
				"count": 12
			}
		],
		"ascend4": [
			{
				"id": 202,
				"name": "Mora",
				"count": 80000
			},
			{
				"id": 104163,
				"name": "Shivada Jade Chunk",
				"count": 3
			},
			{
				"id": 113071,
				"name": "Talisman of the Enigmatic Land",
				"count": 8
			},
			{
				"id": 101249,
				"name": "Quenepa Berry",
				"count": 30
			},
			{
				"id": 112102,
				"name": "Seasoned Fang",
				"count": 18
			}
		],
		"ascend5": [
			{
				"id": 202,
				"name": "Mora",
				"count": 100000
			},
			{
				"id": 104163,
				"name": "Shivada Jade Chunk",
				"count": 6
			},
			{
				"id": 113071,
				"name": "Talisman of the Enigmatic Land",
				"count": 12
			},
			{
				"id": 101249,
				"name": "Quenepa Berry",
				"count": 45
			},
			{
				"id": 112103,
				"name": "Tyrant's Fang",
				"count": 12
			}
		],
		"ascend6": [
			{
				"id": 202,
				"name": "Mora",
				"count": 120000
			},
			{
				"id": 104164,
				"name": "Shivada Jade Gemstone",
				"count": 6
			},
			{
				"id": 113071,
				"name": "Talisman of the Enigmatic Land",
				"count": 20
			},
			{
				"id": 101249,
				"name": "Quenepa Berry",
				"count": 60
			},
			{
				"id": 112103,
				"name": "Tyrant's Fang",
				"count": 24
			}
		]
	}
}