{
	"id": 10000098,
	"name": "Clorinde",
	"title": "Candlebearer, Shadowhunter",
	"description": "An undefeated Champion Duelist. Sword in hand, she defends justice in the Court of Fontaine.",
	"weaponType": "WEAPON_SWORD_ONE_HAND",
	"weaponText": "Sword",
	"bodyType": "BODY_LADY",
	"gender": "Female",
	"qualityType": "QUALITY_ORANGE",
	"rarity": 5,
	"birthdaymmdd": "9/20",
	"birthday": "September 20",
	"elementType": "ELEMENT_ELECTRO",
	"elementText": "Electro",
	"affiliation": "Trial Court",
	"associationType": "ASSOC_FONTAINE",
	"region": "Fontaine",
	"substatType": "FIGHT_PROP_CRITICAL",
	"substatText": "CRIT Rate",
	"constellation": "Rapperia",
	"cv": {
		"english": "Crystal Lee",
		"chinese": "赵涵雨",
		"japanese": "石川由依",
		"korean": "Shin Na-ri"
	},
	"costs": {
		"ascend1": [
			{
				"id": 202,
				"name": "Mora",
				"count": 20000
			},
			{
				"id": 104141,
				"name": "Vajrada Amethyst Sliver",
				"count": 1
			},
			{
				"id": 101237,
				"name": "Lumitoile",
				"count": 3
			},
			{
				"id": 112080,
				"name": "Transoceanic Pearl",
				"count": 3
			}
		],
		"ascend2": [
			{
				"id": 202,
				"name": "Mora",
				"count": 40000
			},
			{
				"id": 104142,
				"name": "Vajrada Amethyst Fragment",
				"count": 3
			},
			{
				"id": 113053,
				"name": "Fontemer Unihorn",
				"count": 2
			},
			{
				"id": 101237,
				"name": "Lumitoile",
				"count": 10
			},
			{
				"id": 112080,
				"name": "Transoceanic Pearl",
				"count": 15
			}
		],
		"ascend3": [
			{
				"id": 202,
				"name": "Mora",
				"count": 60000
			},
			{
				"id": 104142,
				"name": "Vajrada Amethyst Fragment",
				"count": 6
			},
			{
				"id": 113053,
				"name": "Fontemer Unihorn",
				"count": 4
			},
			{
				"id": 101237,
				"name": "Lumitoile",
				"count": 20
			},
			{
				"id": 112081,
				"name": "Transoceanic Chunk",
				"count": 12
			}
		],
		"ascend4": [
			{
				"id": 202,
				"name": "Mora",
				"count": 80000
			},
			{
				"id": 104143,
				"name": "Vajrada Amethyst Chunk",
				"count": 3
			},
			{
				"id": 113053,
				"name": "Fontemer Unihorn",
				"count": 8
			},
			{
				"id": 101237,
				"name": "Lumitoile",
				"count": 30
			},
			{
				"id": 112081,
				"name": "Transoceanic Chunk",
				"count": 18
			}
		],
		"ascend5": [
			{
				"id": 202,
				"name": "Mora",
				"count": 100000
			},
			{
				"id": 104143,
				"name": "Vajrada Amethyst Chunk",
				"count": 6
			},
			{
				"id": 113053,
				"name": "Fontemer Unihorn",
				"count": 12
			},
			{
				"id": 101237,
				"name": "Lumitoile",
				"count": 45
			},
			{
				"id": 112082,
				"name": "Xenochromatic Crystal",
				"count": 12
			}
		],
		"ascend6": [
			{
				"id": 202,
				"name": "Mora",
				"count": 120000
			},
			{
				"id": 104144,
				"name": "Vajrada Amethyst Gemstone",
				"count": 6
			},
			{
				"id": 113053,
				"name": "Fontemer Unihorn",
				"count": 20
			},
			{
				"id": 101237,
				"name": "Lumitoile",
				"count": 60
			},
			{
				"id": 112082,
				"name": "Xenochromatic Crystal",
				"count": 24
			}
		]
	}
}