{
	"id": 10000067,
	"name": "Collei",
	"title": "Sprout of Rebirth",
	"description": "A trainee ranger active in Avidya Forest. Behind her enthusiastic words and actions hides a slightly introverted personality.",
	"weaponType": "WEAPON_BOW",
	"weaponText": "Bow",
	"bodyType": "BODY_GIRL",
	"gender": "Female",
	"qualityType": "QUALITY_PURPLE",
	"rarity": 4,
	"birthdaymmdd": "5/8",
	"birthday": "May 8",
	"elementType": "ELEMENT_DENDRO",
	"elementText": "Dendro",
	"affiliation": "Gandharva Ville",
	"associationType": "ASSOC_SUMERU",
	"region": "Sumeru",
	"substatType": "FIGHT_PROP_ATTACK_PERCENT",
	"substatText": "ATK",
	"constellation": "Leptailurus Cervarius",
	"cv": {
		"english": "Christina Costello",
		"chinese": "秦文静",
		"japanese": "前川涼子",
		"korean": "Bang Siu"
	},
	"costs": {
		"ascend1": [
			{
				"id": 202,
				"name": "Mora",
				"count": 20000
			},
			{
				"id": 104131,
				"name": "Nagadus Emerald Sliver",
				"count": 1
			},
			{
				"id": 101213,
				"name": "Rukkhashava Mushrooms",
				"count": 3
			},
			{
				"id": 112011,
				"name": "Firm Arrowhead",
				"count": 3
			}
		],
		"ascend2": [
			{
				"id": 202,
				"name": "Mora",
				"count": 40000
			},
			{
				"id": 104132,
				"name": "Nagadus Emerald Fragment",
				"count": 3
			},
			{
				"id": 113036,
				"name": "Majestic Hooked Beak",
				"count": 2
			},
			{
				"id": 101213,
				"name": "Rukkhashava Mushrooms",
				"count": 10
			},
			{
				"id": 112011,
				"name": "Firm Arrowhead",
				"count": 15
			}
		],
		"ascend3": [
			{
				"id": 202,
				"name": "Mora",
				"count": 60000
			},
			{
				"id": 104132,
				"name": "Nagadus Emerald Fragment",
				"count": 6
			},
			{
				"id": 113036,
				"name": "Majestic Hooked Beak",
				"count": 4
			},
			{
				"id": 101213,
				"name": "Rukkhashava Mushrooms",
				"count": 20
			},
			{
				"id": 112012,
				"name": "Sharp Arrowhead",
				"count": 12
			}
		],
		"ascend4": [
			{
				"id": 202,
				"name": "Mora",
				"count": 80000
			},
			{
				"id": 104133,
				"name": "Nagadus Emerald Chunk",
				"count": 3
			},
			{
				"id": 113036,
				"name": "Majestic Hooked Beak",
				"count": 8
			},
			{
				"id": 101213,
				"name": "Rukkhashava Mushrooms",
				"count": 30
			},
			{
				"id": 112012,
				"name": "Sharp Arrowhead",
				"count": 18
			}
		],
		"ascend5": [
			{
				"id": 202,
				"name": "Mora",
				"count": 100000
			},
			{
				"id": 104133,
				"name": "Nagadus Emerald Chunk",
				"count": 6
			},
			{
				"id": 113036,
				"name": "Majestic Hooked Beak",
				"count": 12
			},
			{
				"id": 101213,
				"name": "Rukkhashava Mushrooms",
				"count": 45
			},
			{
				"id": 112013,
				"name": "Weathered Arrowhead",
				"count": 12
			}
		],
		"ascend6": [
			{
				"id": 202,
				"name": "Mora",
				"count": 120000
			},
			{
				"id": 104134,
				"name": "Nagadus Emerald Gemstone",
				"count": 6
			},
			{
				"id": 113036,
				"name": "Majestic Hooked Beak",
				"count": 20
			},
			{
				"id": 101213,
				"name": "Rukkhashava Mushrooms",
				"count": 60
			},
			{
				"id": 112013,
				"name": "Weathered Arrowhead",
				"count": 24
			}
		]
	}
}