{
	"id": 10000071,
	"name": "Cyno",
	"title": "Judicator of Secrets",
	"description": "The General Mahamatra in charge of supervising the researchers of the Akademiya. It is said that when he gets down to work, the General Mahamatra is even more efficient than the \"Great Vayuvyastra\" made by the Kshahrewar.",
	"weaponType": "WEAPON_POLE",
	"weaponText": "Polearm",
	"bodyType": "BODY_BOY",
	"gender": "Male",
	"qualityType": "QUALITY_ORANGE",
	"rarity": 5,
	"birthdaymmdd": "6/23",
	"birthday": "June 23",
	"elementType": "ELEMENT_ELECTRO",
	"elementText": "Electro",
	"affiliation": "Temple of Silence",
	"associationType": "ASSOC_SUMERU",
	"region": "Sumeru",
	"substatType": "FIGHT_PROP_CRITICAL_HURT",
	"substatText": "CRIT DMG",
	"constellation": "Lupus Aureus",
	"cv": {
		"english": "Alejandro Saab",
		"chinese": "李轻扬",
		"japanese": "入野自由",
		"korean": "Jung Eui-jin & Lee Woo-ri"
	},
	"costs": {
		"ascend1": [
			{
				"id": 202,
				"name": "Mora",
				"count": 20000
			},
			{
				"id": 104141,
				"name": "Vajrada Amethyst Sliver",
				"count": 1
			},
			{
				"id": 101225,
				"name": "Scarab",
				"count": 3
			},
			{
				"id": 112008,
				"name": "Divining Scroll",
				"count": 3
			}
		],
		"ascend2": [
			{
				"id": 202,
				"name": "Mora",
				"count": 40000
			},
			{
				"id": 104142,
				"name": "Vajrada Amethyst Fragment",
				"count": 3
			},
			{
				"id": 113037,
				"name": "Thunderclap Fruitcore",
				"count": 2
			},
			{
				"id": 101225,
				"name": "Scarab",
				"count": 10
			},
			{
				"id": 112008,
				"name": "Divining Scroll",
				"count": 15
			}
		],
		"ascend3": [
			{
				"id": 202,
				"name": "Mora",
				"count": 60000
			},
			{
				"id": 104142,
				"name": "Vajrada Amethyst Fragment",
				"count": 6
			},
			{
				"id": 113037,
				"name": "Thunderclap Fruitcore",
				"count": 4
			},
			{
				"id": 101225,
				"name": "Scarab",
				"count": 20
			},
			{
				"id": 112009,
				"name": "Sealed Scroll",
				"count": 12
			}
		],
		"ascend4": [
			{
				"id": 202,
				"name": "Mora",
				"count": 80000
			},
			{
				"id": 104143,
				"name": "Vajrada Amethyst Chunk",
				"count": 3
			},
			{
				"id": 113037,
				"name": "Thunderclap Fruitcore",
				"count": 8
			},
			{
				"id": 101225,
				"name": "Scarab",
				"count": 30
			},
			{
				"id": 112009,
				"name": "Sealed Scroll",
				"count": 18
			}
		],
		"ascend5": [
			{
				"id": 202,
				"name": "Mora",
				"count": 100000
			},
			{
				"id": 104143,
				"name": "Vajrada Amethyst Chunk",
				"count": 6
			},
			{
				"id": 113037,
				"name": "Thunderclap Fruitcore",
				"count": 12
			},
			{
				"id": 101225,
				"name": "Scarab",
				"count": 45
			},
			{
				"id": 112010,
				"name": "Forbidden Curse Scroll",
				"count": 12
			}
		],
		"ascend6": [
			{
				"id": 202,
				"name": "Mora",
				"count": 120000
			},
			{
				"id": 104144,
				"name": "Vajrada Amethyst Gemstone",
				"count": 6
			},
			{
				"id": 113037,
				"name": "Thunderclap Fruitcore",
				"count": 20
			},
			{
				"id": 101225,
				"name": "Scarab",
				"count": 60
			},
			{
				"id": 112010,
				"name": "Forbidden Curse Scroll",
				"count": 24
			}
		]
	}
}