{
	"id": 10000079,
	"name": "Dehya",
	"title": "Flame-Mane",
	"description": "A member of the Eremites, a mercenary organization that roams the sands of Sumeru. Valiant and powerful, she enjoys great fame amongst her fellow Eremites.",
	"weaponType": "WEAPON_CLAYMORE",
	"weaponText": "Claymore",
	"bodyType": "BODY_LADY",
	"gender": "Female",
	"qualityType": "QUALITY_ORANGE",
	"rarity": 5,
	"birthdaymmdd": "4/7",
	"birthday": "April 7",
	"elementType": "ELEMENT_PYRO",
	"elementText": "Pyro",
	"affiliation": "The Eremites",
	"associationType": "ASSOC_SUMERU",
	"region": "Sumeru",
	"substatType": "FIGHT_PROP_HP_PERCENT",
	"substatText": "HP",
	"constellation": "Mantichora",
	"cv": {
		"english": "Amber May",
		"chinese": "陈雨",
		"japanese": "福原綾香",
		"korean": "Kim Hyeon-sim"
	},
	"costs": {
		"ascend1": [
			{
				"id": 202,
				"name": "Mora",
				"count": 20000
			},
			{
				"id": 104111,
				"name": "Agnidus Agate Sliver",
				"count": 1
			},
			{
				"id": 101222,
				"name": "Sand Grease Pupa",
				"count": 3
			},
			{
				"id": 112065,
				"name": "Faded Red Satin",
				"count": 3
			}
		],
		"ascend2": [
			{
				"id": 202,
				"name": "Mora",
				"count": 40000
			},
			{
				"id": 104112,
				"name": "Agnidus Agate Fragment",
				"count": 3
			},
			{
				"id": 113039,
				"name": "Light Guiding Tetrahedron",
				"count": 2
			},
			{
				"id": 101222,
				"name": "Sand Grease Pupa",
				"count": 10
			},
			{
				"id": 112065,
				"name": "Faded Red Satin",
				"count": 15
			}
		],
		"ascend3": [
			{
				"id": 202,
				"name": "Mora",
				"count": 60000
			},
			{
				"id": 104112,
				"name": "Agnidus Agate Fragment",
				"count": 6
			},
			{
				"id": 113039,
				"name": "Light Guiding Tetrahedron",
				"count": 4
			},
			{
				"id": 101222,
				"name": "Sand Grease Pupa",
				"count": 20
			},
			{
				"id": 112066,
				"name": "Trimmed Red Silk",
				"count": 12
			}
		],
		"ascend4": [
			{
				"id": 202,
				"name": "Mora",
				"count": 80000
			},
			{
				"id": 104113,
				"name": "Agnidus Agate Chunk",
				"count": 3
			},
			{
				"id": 113039,
				"name": "Light Guiding Tetrahedron",
				"count": 8
			},
			{
				"id": 101222,
				"name": "Sand Grease Pupa",
				"count": 30
			},
			{
				"id": 112066,
				"name": "Trimmed Red Silk",
				"count": 18
			}
		],
		"ascend5": [
			{
				"id": 202,
				"name": "Mora",
				"count": 100000
			},
			{
				"id": 104113,
				"name": "Agnidus Agate Chunk",
				"count": 6
			},
			{
				"id": 113039,
				"name": "Light Guiding Tetrahedron",
				"count": 12
			},
			{
				"id": 101222,
				"name": "Sand Grease Pupa",
				"count": 45
			},
			{
				"id": 112067,
				"name": "Rich Red Brocade",
				"count": 12
			}
		],
		"ascend6": [
			{
				"id": 202,
				"name": "Mora",
				"count": 120000
			},
			{
				"id": 104114,
				"name": "Agnidus Agate Gemstone",
				"count": 6
			},
			{
				"id": 113039,
				"name": "Light Guiding Tetrahedron",
				"count": 20
			},
			{
				"id": 101222,
				"name": "Sand Grease Pupa",
				"count": 60
			},
			{
				"id": 112067,
				"name": "Rich Red Brocade",
				"count": 24
			}
		]
	}
}