{
	"id": 10000039,
	"name": "Diona",
	"title": "Kätzlein Cocktail",
	"description": "A young lady who has inherited trace amounts of non-human blood. She is the incredibly popular bartender of the Cat's Tail tavern.",
	"weaponType": "WEAPON_BOW",
	"weaponText": "Bow",
	"bodyType": "BODY_LOLI",
	"gender": "Female",
	"qualityType": "QUALITY_PURPLE",
	"rarity": 4,
	"birthdaymmdd": "1/18",
	"birthday": "January 18",
	"elementType": "ELEMENT_CRYO",
	"elementText": "Cryo",
	"affiliation": "The Cat's Tail",
	"associationType": "ASSOC_MONDSTADT",
	"region": "Mondstadt",
	"substatType": "FIGHT_PROP_ICE_ADD_HURT",
	"substatText": "Cryo DMG Bonus",
	"constellation": "Feles",
	"cv": {
		"english": "Dina Sherman",
		"chinese": "诺亚",
		"japanese": "井澤詩織",
		"korean": "Woo Jeong-shin"
	},
	"costs": {
		"ascend1": [
			{
				"id": 202,
				"name": "Mora",
				"count": 20000
			},
			{
				"id": 104161,
				"name": "Shivada Jade Sliver",
				"count": 1
			},
			{
				"id": 100056,
				"name": "Calla Lily",
				"count": 3
			},
			{
				"id": 112011,
				"name": "Firm Arrowhead",
				"count": 3
			}
		],
		"ascend2": [
			{
				"id": 202,
				"name": "Mora",
				"count": 40000
			},
			{
				"id": 104162,
				"name": "Shivada Jade Fragment",
				"count": 3
			},
			{
				"id": 113010,
				"name": "Hoarfrost Core",
				"count": 2
			},
			{
				"id": 100056,
				"name": "Calla Lily",
				"count": 10
			},
			{
				"id": 112011,
				"name": "Firm Arrowhead",
				"count": 15
			}
		],
		"ascend3": [
			{
				"id": 202,
				"name": "Mora",
				"count": 60000
			},
			{
				"id": 104162,
				"name": "Shivada Jade Fragment",
				"count": 6
			},
			{
				"id": 113010,
				"name": "Hoarfrost Core",
				"count": 4
			},
			{
				"id": 100056,
				"name": "Calla Lily",
				"count": 20
			},
			{
				"id": 112012,
				"name": "Sharp Arrowhead",
				"count": 12
			}
		],
		"ascend4": [
			{
				"id": 202,
				"name": "Mora",
				"count": 80000
			},
			{
				"id": 104163,
				"name": "Shivada Jade Chunk",
				"count": 3
			},
			{
				"id": 113010,
				"name": "Hoarfrost Core",
				"count": 8
			},
			{
				"id": 100056,
				"name": "Calla Lily",
				"count": 30
			},
			{
				"id": 112012,
				"name": "Sharp Arrowhead",
				"count": 18
			}
		],
		"ascend5": [
			{
				"id": 202,
				"name": "Mora",
				"count": 100000
			},
			{
				"id": 104163,
				"name": "Shivada Jade Chunk",
				"count": 6
			},
			{
				"id": 113010,
				"name": "Hoarfrost Core",
				"count": 12
			},
			{
				"id": 100056,
				"name": "Calla Lily",
				"count": 45
			},
			{
				"id": 112013,
				"name": "Weathered Arrowhead",
				"count": 12
			}
		],
		"ascend6": [
			{
				"id": 202,
				"name": "Mora",
				"count": 120000
			},
			{
				"id": 104164,
				"name": "Shivada Jade Gemstone",
				"count": 6
			},
			{
				"id": 113010,
				"name": "Hoarfrost Core",
				"count": 20
			},
			{
				"id": 100056,
				"name": "Calla Lily",
				"count": 60
			},
			{
				"id": 112013,
				"name": "Weathered Arrowhead",
				"count": 24
			}
		]
	}
}