{
	"id": 10000068,
	"name": "Dori",
	"title": "Treasure of Dream Garden",
	"description": "An elusive merchant who has a fondness for glittering Mora.",
	"weaponType": "WEAPON_CLAYMORE",
	"weaponText": "Claymore",
	"bodyType": "BODY_LOLI",
	"gender": "Female",
	"qualityType": "QUALITY_PURPLE",
	"rarity": 4,
	"birthdaymmdd": "12/21",
	"birthday": "December 21",
	"elementType": "ELEMENT_ELECTRO",
	"elementText": "Electro",
	"affiliation": "The Palace of Alcazarzaray",
	"associationType": "ASSOC_SUMERU",
	"region": "Sumeru",
	"substatType": "FIGHT_PROP_HP_PERCENT",
	"substatText": "HP",
	"constellation": "Magicae Lucerna",
	"cv": {
		"english": "Anjali Kunapaneni",
		"chinese": "王晓彤",
		"japanese": "金田朋子",
		"korean": "Lee Myeong-ho"
	},
	"costs": {
		"ascend1": [
			{
				"id": 202,
				"name": "Mora",
				"count": 20000
			},
			{
				"id": 104141,
				"name": "Vajrada Amethyst Sliver",
				"count": 1
			},
			{
				"id": 101217,
				"name": "Kalpalata Lotus",
				"count": 3
			},
			{
				"id": 112065,
				"name": "Faded Red Satin",
				"count": 3
			}
		],
		"ascend2": [
			{
				"id": 202,
				"name": "Mora",
				"count": 40000
			},
			{
				"id": 104142,
				"name": "Vajrada Amethyst Fragment",
				"count": 3
			},
			{
				"id": 113037,
				"name": "Thunderclap Fruitcore",
				"count": 2
			},
			{
				"id": 101217,
				"name": "Kalpalata Lotus",
				"count": 10
			},
			{
				"id": 112065,
				"name": "Faded Red Satin",
				"count": 15
			}
		],
		"ascend3": [
			{
				"id": 202,
				"name": "Mora",
				"count": 60000
			},
			{
				"id": 104142,
				"name": "Vajrada Amethyst Fragment",
				"count": 6
			},
			{
				"id": 113037,
				"name": "Thunderclap Fruitcore",
				"count": 4
			},
			{
				"id": 101217,
				"name": "Kalpalata Lotus",
				"count": 20
			},
			{
				"id": 112066,
				"name": "Trimmed Red Silk",
				"count": 12
			}
		],
		"ascend4": [
			{
				"id": 202,
				"name": "Mora",
				"count": 80000
			},
			{
				"id": 104143,
				"name": "Vajrada Amethyst Chunk",
				"count": 3
			},
			{
				"id": 113037,
				"name": "Thunderclap Fruitcore",
				"count": 8
			},
			{
				"id": 101217,
				"name": "Kalpalata Lotus",
				"count": 30
			},
			{
				"id": 112066,
				"name": "Trimmed Red Silk",
				"count": 18
			}
		],
		"ascend5": [
			{
				"id": 202,
				"name": "Mora",
				"count": 100000
			},
			{
				"id": 104143,
				"name": "Vajrada Amethyst Chunk",
				"count": 6
			},
			{
				"id": 113037,
				"name": "Thunderclap Fruitcore",
				"count": 12
			},
			{
				"id": 101217,
				"name": "Kalpalata Lotus",
				"count": 45
			},
			{
				"id": 112067,
				"name": "Rich Red Brocade",
				"count": 12
			}
		],
		"ascend6": [
			{
				"id": 202,
				"name": "Mora",
				"count": 120000
			},
			{
				"id": 104144,
				"name": "Vajrada Amethyst Gemstone",
				"count": 6
			},
			{
				"id": 113037,
				"name": "Thunderclap Fruitcore",
				"count": 20
			},
			{
				"id": 101217,
				"name": "Kalpalata Lotus",
				"count": 60
			},
			{
				"id": 112067,
				"name": "Rich Red Brocade",
				"count": 24
			}
		]
	}
}