{
	"id": 10000099,
	"name": "Emilie",
	"title": "A Thousand Scents Traced",
	"description": "A Fontainian perfumer, one who bottles secrets.",
	"weaponType": "WEAPON_POLE",
	"weaponText": "Polearm",
	"bodyType": "BODY_GIRL",
	"gender": "Female",
	"qualityType": "QUALITY_ORANGE",
	"rarity": 5,
	"birthdaymmdd": "9/22",
	"birthday": "September 22",
	"elementType": "ELEMENT_DENDRO",
	"elementText": "Dendro",
	"affiliation": "Court of Fontaine",
	"associationType": "ASSOC_FONTAINE",
	"region": "Fontaine",
	"substatType": "FIGHT_PROP_CRITICAL_HURT",
	"substatText": "CRIT DMG",
	"constellation": "Pomum de Ambra",
	"cv": {
		"english": "Amber Aviles",
		"chinese": "木子橙",
		"japanese": "日笠陽子",
		"korean": "Kwon Da-ye"
	},
	"costs": {
		"ascend1": [
			{
				"id": 202,
				"name": "Mora",
				"count": 20000
			},
			{
				"id": 104131,
				"name": "Nagadus Emerald Sliver",
				"count": 1
			},
			{
				"id": 101238,
				"name": "Lakelight Lily",
				"count": 3
			},
			{
				"id": 112083,
				"name": "Meshing Gear",
				"count": 3
			}
		],
		"ascend2": [
			{
				"id": 202,
				"name": "Mora",
				"count": 40000
			},
			{
				"id": 104132,
				"name": "Nagadus Emerald Fragment",
				"count": 3
			},
			{
				"id": 113059,
				"name": "Fragment of a Golden Melody",
				"count": 2
			},
			{
				"id": 101238,
				"name": "Lakelight Lily",
				"count": 10
			},
			{
				"id": 112083,
				"name": "Meshing Gear",
				"count": 15
			}
		],
		"ascend3": [
			{
				"id": 202,
				"name": "Mora",
				"count": 60000
			},
			{
				"id": 104132,
				"name": "Nagadus Emerald Fragment",
				"count": 6
			},
			{
				"id": 113059,
				"name": "Fragment of a Golden Melody",
				"count": 4
			},
			{
				"id": 101238,
				"name": "Lakelight Lily",
				"count": 20
			},
			{
				"id": 112084,
				"name": "Mechanical Spur Gear",
				"count": 12
			}
		],
		"ascend4": [
			{
				"id": 202,
				"name": "Mora",
				"count": 80000
			},
			{
				"id": 104133,
				"name": "Nagadus Emerald Chunk",
				"count": 3
			},
			{
				"id": 113059,
				"name": "Fragment of a Golden Melody",
				"count": 8
			},
			{
				"id": 101238,
				"name": "Lakelight Lily",
				"count": 30
			},
			{
				"id": 112084,
				"name": "Mechanical Spur Gear",
				"count": 18
			}
		],
		"ascend5": [
			{
				"id": 202,
				"name": "Mora",
				"count": 100000
			},
			{
				"id": 104133,
				"name": "Nagadus Emerald Chunk",
				"count": 6
			},
			{
				"id": 113059,
				"name": "Fragment of a Golden Melody",
				"count": 12
			},
			{
				"id": 101238,
				"name": "Lakelight Lily",
				"count": 45
			},
			{
				"id": 112085,
				"name": "Artificed Dynamic Gear",
				"count": 12
			}
		],
		"ascend6": [
			{
				"id": 202,
				"name": "Mora",
				"count": 120000
			},
			{
				"id": 104134,
				"name": "Nagadus Emerald Gemstone",
				"count": 6
			},
			{
				"id": 113059,
				"name": "Fragment of a Golden Melody",
				"count": 20
			},
			{
				"id": 101238,
				"name": "Lakelight Lily",
				"count": 60
			},
			{
				"id": 112085,
				"name": "Artificed Dynamic Gear",
				"count": 24
			}
		]
	}
}