{
	"id": 10000076,
	"name": "Faruzan",
	"title": "Enigmatic Machinist",
	"description": "A researcher from \"one hundred years ago.\" She enjoys self-identifying as everyone's senior, and has significant knowledge of ancient scripts and machines of all kinds.",
	"weaponType": "WEAPON_BOW",
	"weaponText": "Bow",
	"bodyType": "BODY_GIRL",
	"gender": "Female",
	"qualityType": "QUALITY_PURPLE",
	"rarity": 4,
	"birthdaymmdd": "8/20",
	"birthday": "August 20",
	"elementType": "ELEMENT_ANEMO",
	"elementText": "Anemo",
	"affiliation": "Haravatat",
	"associationType": "ASSOC_SUMERU",
	"region": "Sumeru",
	"substatType": "FIGHT_PROP_ATTACK_PERCENT",
	"substatText": "ATK",
	"constellation": "Flosculi Implexi",
	"cv": {
		"english": "Chandni Parekh",
		"chinese": "阎萌萌",
		"japanese": "堀江由衣",
		"korean": "Kim Yu-rim"
	},
	"costs": {
		"ascend1": [
			{
				"id": 202,
				"name": "Mora",
				"count": 20000
			},
			{
				"id": 104151,
				"name": "Vayuda Turquoise Sliver",
				"count": 1
			},
			{
				"id": 101220,
				"name": "Henna Berry",
				"count": 3
			},
			{
				"id": 112065,
				"name": "Faded Red Satin",
				"count": 3
			}
		],
		"ascend2": [
			{
				"id": 202,
				"name": "Mora",
				"count": 40000
			},
			{
				"id": 104152,
				"name": "Vayuda Turquoise Fragment",
				"count": 3
			},
			{
				"id": 113039,
				"name": "Light Guiding Tetrahedron",
				"count": 2
			},
			{
				"id": 101220,
				"name": "Henna Berry",
				"count": 10
			},
			{
				"id": 112065,
				"name": "Faded Red Satin",
				"count": 15
			}
		],
		"ascend3": [
			{
				"id": 202,
				"name": "Mora",
				"count": 60000
			},
			{
				"id": 104152,
				"name": "Vayuda Turquoise Fragment",
				"count": 6
			},
			{
				"id": 113039,
				"name": "Light Guiding Tetrahedron",
				"count": 4
			},
			{
				"id": 101220,
				"name": "Henna Berry",
				"count": 20
			},
			{
				"id": 112066,
				"name": "Trimmed Red Silk",
				"count": 12
			}
		],
		"ascend4": [
			{
				"id": 202,
				"name": "Mora",
				"count": 80000
			},
			{
				"id": 104153,
				"name": "Vayuda Turquoise Chunk",
				"count": 3
			},
			{
				"id": 113039,
				"name": "Light Guiding Tetrahedron",
				"count": 8
			},
			{
				"id": 101220,
				"name": "Henna Berry",
				"count": 30
			},
			{
				"id": 112066,
				"name": "Trimmed Red Silk",
				"count": 18
			}
		],
		"ascend5": [
			{
				"id": 202,
				"name": "Mora",
				"count": 100000
			},
			{
				"id": 104153,
				"name": "Vayuda Turquoise Chunk",
				"count": 6
			},
			{
				"id": 113039,
				"name": "Light Guiding Tetrahedron",
				"count": 12
			},
			{
				"id": 101220,
				"name": "Henna Berry",
				"count": 45
			},
			{
				"id": 112067,
				"name": "Rich Red Brocade",
				"count": 12
			}
		],
		"ascend6": [
			{
				"id": 202,
				"name": "Mora",
				"count": 120000
			},
			{
				"id": 104154,
				"name": "Vayuda Turquoise Gemstone",
				"count": 6
			},
			{
				"id": 113039,
				"name": "Light Guiding Tetrahedron",
				"count": 20
			},
			{
				"id": 101220,
				"name": "Henna Berry",
				"count": 60
			},
			{
				"id": 112067,
				"name": "Rich Red Brocade",
				"count": 24
			}
		]
	}
}