{
	"id": 10000031,
	"name": "Fischl",
	"title": "Prinzessin der Verurteilung!",
	"description": "A mysterious girl who calls herself \"Prinzessin der Verurteilung\" and travels with a night raven named Oz.",
	"weaponType": "WEAPON_BOW",
	"weaponText": "Bow",
	"bodyType": "BODY_GIRL",
	"gender": "Female",
	"qualityType": "QUALITY_PURPLE",
	"rarity": 4,
	"birthdaymmdd": "5/27",
	"birthday": "May 27",
	"elementType": "ELEMENT_ELECTRO",
	"elementText": "Electro",
	"affiliation": "Adventurers' Guild",
	"associationType": "ASSOC_MONDSTADT",
	"region": "Mondstadt",
	"substatType": "FIGHT_PROP_ATTACK_PERCENT",
	"substatText": "ATK",
	"constellation": "Corvus",
	"cv": {
		"english": "Brittany Cox & Ben Pronsky",
		"chinese": "Mace & 赵悦程",
		"japanese": "内田真礼 & 増谷康紀",
		"korean": "Park Go-woon & Lee Hyeon"
	},
	"costs": {
		"ascend1": [
			{
				"id": 202,
				"name": "Mora",
				"count": 20000
			},
			{
				"id": 104141,
				"name": "Vajrada Amethyst Sliver",
				"count": 1
			},
			{
				"id": 100055,
				"name": "Small Lamp Grass",
				"count": 3
			},
			{
				"id": 112011,
				"name": "Firm Arrowhead",
				"count": 3
			}
		],
		"ascend2": [
			{
				"id": 202,
				"name": "Mora",
				"count": 40000
			},
			{
				"id": 104142,
				"name": "Vajrada Amethyst Fragment",
				"count": 3
			},
			{
				"id": 113002,
				"name": "Lightning Prism",
				"count": 2
			},
			{
				"id": 100055,
				"name": "Small Lamp Grass",
				"count": 10
			},
			{
				"id": 112011,
				"name": "Firm Arrowhead",
				"count": 15
			}
		],
		"ascend3": [
			{
				"id": 202,
				"name": "Mora",
				"count": 60000
			},
			{
				"id": 104142,
				"name": "Vajrada Amethyst Fragment",
				"count": 6
			},
			{
				"id": 113002,
				"name": "Lightning Prism",
				"count": 4
			},
			{
				"id": 100055,
				"name": "Small Lamp Grass",
				"count": 20
			},
			{
				"id": 112012,
				"name": "Sharp Arrowhead",
				"count": 12
			}
		],
		"ascend4": [
			{
				"id": 202,
				"name": "Mora",
				"count": 80000
			},
			{
				"id": 104143,
				"name": "Vajrada Amethyst Chunk",
				"count": 3
			},
			{
				"id": 113002,
				"name": "Lightning Prism",
				"count": 8
			},
			{
				"id": 100055,
				"name": "Small Lamp Grass",
				"count": 30
			},
			{
				"id": 112012,
				"name": "Sharp Arrowhead",
				"count": 18
			}
		],
		"ascend5": [
			{
				"id": 202,
				"name": "Mora",
				"count": 100000
			},
			{
				"id": 104143,
				"name": "Vajrada Amethyst Chunk",
				"count": 6
			},
			{
				"id": 113002,
				"name": "Lightning Prism",
				"count": 12
			},
			{
				"id": 100055,
				"name": "Small Lamp Grass",
				"count": 45
			},
			{
				"id": 112013,
				"name": "Weathered Arrowhead",
				"count": 12
			}
		],
		"ascend6": [
			{
				"id": 202,
				"name": "Mora",
				"count": 120000
			},
			{
				"id": 104144,
				"name": "Vajrada Amethyst Gemstone",
				"count": 6
			},
			{
				"id": 113002,
				"name": "Lightning Prism",
				"count": 20
			},
			{
				"id": 100055,
				"name": "Small Lamp Grass",
				"count": 60
			},
			{
				"id": 112013,
				"name": "Weathered Arrowhead",
				"count": 24
			}
		]
	}
}