{
	"id": 10000085,
	"name": "Freminet",
	"title": "Yearning for Unseen Depths",
	"description": "A reserved young man who is well-versed in diving. Beneath his distant, icy demeanor lies a pure heart bereft of all flaws.",
	"weaponType": "WEAPON_CLAYMORE",
	"weaponText": "Claymore",
	"bodyType": "BODY_BOY",
	"gender": "Male",
	"qualityType": "QUALITY_PURPLE",
	"rarity": 4,
	"birthdaymmdd": "9/24",
	"birthday": "September 24",
	"elementType": "ELEMENT_CRYO",
	"elementText": "Cryo",
	"affiliation": "Hotel Bouffes d'ete",
	"associationType": "ASSOC_FONTAINE",
	"region": "Fontaine",
	"substatType": "FIGHT_PROP_ATTACK_PERCENT",
	"substatText": "ATK",
	"constellation": "Automaton",
	"cv": {
		"english": "Paul Castro Jr.",
		"chinese": "锦鲤",
		"japanese": "土岐隼一",
		"korean": "Lee Ju-seung"
	},
	"costs": {
		"ascend1": [
			{
				"id": 202,
				"name": "Mora",
				"count": 20000
			},
			{
				"id": 104161,
				"name": "Shivada Jade Sliver",
				"count": 1
			},
			{
				"id": 101233,
				"name": "Romaritime Flower",
				"count": 3
			},
			{
				"id": 112080,
				"name": "Transoceanic Pearl",
				"count": 3
			}
		],
		"ascend2": [
			{
				"id": 202,
				"name": "Mora",
				"count": 40000
			},
			{
				"id": 104162,
				"name": "Shivada Jade Fragment",
				"count": 3
			},
			{
				"id": 113050,
				"name": "Artificed Spare Clockwork Component — Coppelius",
				"count": 2
			},
			{
				"id": 101233,
				"name": "Romaritime Flower",
				"count": 10
			},
			{
				"id": 112080,
				"name": "Transoceanic Pearl",
				"count": 15
			}
		],
		"ascend3": [
			{
				"id": 202,
				"name": "Mora",
				"count": 60000
			},
			{
				"id": 104162,
				"name": "Shivada Jade Fragment",
				"count": 6
			},
			{
				"id": 113050,
				"name": "Artificed Spare Clockwork Component — Coppelius",
				"count": 4
			},
			{
				"id": 101233,
				"name": "Romaritime Flower",
				"count": 20
			},
			{
				"id": 112081,
				"name": "Transoceanic Chunk",
				"count": 12
			}
		],
		"ascend4": [
			{
				"id": 202,
				"name": "Mora",
				"count": 80000
			},
			{
				"id": 104163,
				"name": "Shivada Jade Chunk",
				"count": 3
			},
			{
				"id": 113050,
				"name": "Artificed Spare Clockwork Component — Coppelius",
				"count": 8
			},
			{
				"id": 101233,
				"name": "Romaritime Flower",
				"count": 30
			},
			{
				"id": 112081,
				"name": "Transoceanic Chunk",
				"count": 18
			}
		],
		"ascend5": [
			{
				"id": 202,
				"name": "Mora",
				"count": 100000
			},
			{
				"id": 104163,
				"name": "Shivada Jade Chunk",
				"count": 6
			},
			{
				"id": 113050,
				"name": "Artificed Spare Clockwork Component — Coppelius",
				"count": 12
			},
			{
				"id": 101233,
				"name": "Romaritime Flower",
				"count": 45
			},
			{
				"id": 112082,
				"name": "Xenochromatic Crystal",
				"count": 12
			}
		],
		"ascend6": [
			{
				"id": 202,
				"name": "Mora",
				"count": 120000
			},
			{
				"id": 104164,
				"name": "Shivada Jade Gemstone",
				"count": 6
			},
			{
				"id": 113050,
				"name": "Artificed Spare Clockwork Component — Coppelius",
				"count": 20
			},
			{
				"id": 101233,
				"name": "Romaritime Flower",
				"count": 60
			},
			{
				"id": 112082,
				"name": "Xenochromatic Crystal",
				"count": 24
			}
		]
	}
}