{
	"id": 10000092,
	"name": "Gaming",
	"title": "Leonine Vanguard",
	"description": "Guard of the Sword and Strongbox Secure Transport Agency, and the head of the \"Mighty Mythical Beasts\" Wushou troupe.",
	"weaponType": "WEAPON_CLAYMORE",
	"weaponText": "Claymore",
	"bodyType": "BODY_BOY",
	"gender": "Male",
	"qualityType": "QUALITY_PURPLE",
	"rarity": 4,
	"birthdaymmdd": "12/22",
	"birthday": "December 22",
	"elementType": "ELEMENT_PYRO",
	"elementText": "Pyro",
	"affiliation": "Sword and Strongbox Secure Transport Agency",
	"associationType": "ASSOC_LIYUE",
	"region": "Liyue",
	"substatType": "FIGHT_PROP_ATTACK_PERCENT",
	"substatText": "ATK",
	"constellation": "Leo Expergiscens",
	"cv": {
		"english": "Caleb Yen",
		"chinese": "谢莹",
		"japanese": "小松昌平",
		"korean": "Kim Yoon-gi"
	},
	"costs": {
		"ascend1": [
			{
				"id": 202,
				"name": "Mora",
				"count": 20000
			},
			{
				"id": 104111,
				"name": "Agnidus Agate Sliver",
				"count": 1
			},
			{
				"id": 100033,
				"name": "Starconch",
				"count": 3
			},
			{
				"id": 112002,
				"name": "Slime Condensate",
				"count": 3
			}
		],
		"ascend2": [
			{
				"id": 202,
				"name": "Mora",
				"count": 40000
			},
			{
				"id": 104112,
				"name": "Agnidus Agate Fragment",
				"count": 3
			},
			{
				"id": 113051,
				"name": "Emperor's Resolution",
				"count": 2
			},
			{
				"id": 100033,
				"name": "Starconch",
				"count": 10
			},
			{
				"id": 112002,
				"name": "Slime Condensate",
				"count": 15
			}
		],
		"ascend3": [
			{
				"id": 202,
				"name": "Mora",
				"count": 60000
			},
			{
				"id": 104112,
				"name": "Agnidus Agate Fragment",
				"count": 6
			},
			{
				"id": 113051,
				"name": "Emperor's Resolution",
				"count": 4
			},
			{
				"id": 100033,
				"name": "Starconch",
				"count": 20
			},
			{
				"id": 112003,
				"name": "Slime Secretions",
				"count": 12
			}
		],
		"ascend4": [
			{
				"id": 202,
				"name": "Mora",
				"count": 80000
			},
			{
				"id": 104113,
				"name": "Agnidus Agate Chunk",
				"count": 3
			},
			{
				"id": 113051,
				"name": "Emperor's Resolution",
				"count": 8
			},
			{
				"id": 100033,
				"name": "Starconch",
				"count": 30
			},
			{
				"id": 112003,
				"name": "Slime Secretions",
				"count": 18
			}
		],
		"ascend5": [
			{
				"id": 202,
				"name": "Mora",
				"count": 100000
			},
			{
				"id": 104113,
				"name": "Agnidus Agate Chunk",
				"count": 6
			},
			{
				"id": 113051,
				"name": "Emperor's Resolution",
				"count": 12
			},
			{
				"id": 100033,
				"name": "Starconch",
				"count": 45
			},
			{
				"id": 112004,
				"name": "Slime Concentrate",
				"count": 12
			}
		],
		"ascend6": [
			{
				"id": 202,
				"name": "Mora",
				"count": 120000
			},
			{
				"id": 104114,
				"name": "Agnidus Agate Gemstone",
				"count": 6
			},
			{
				"id": 113051,
				"name": "Emperor's Resolution",
				"count": 20
			},
			{
				"id": 100033,
				"name": "Starconch",
				"count": 60
			},
			{
				"id": 112004,
				"name": "Slime Concentrate",
				"count": 24
			}
		]
	}
}