{
	"id": 10000037,
	"name": "Ganyu",
	"title": "Plenilune Gaze",
	"description": "The secretary at Yuehai Pavilion. The blood of the qilin, an illuminated beast, flows within her veins.",
	"weaponType": "WEAPON_BOW",
	"weaponText": "Bow",
	"bodyType": "BODY_GIRL",
	"gender": "Female",
	"qualityType": "QUALITY_ORANGE",
	"rarity": 5,
	"birthdaymmdd": "12/2",
	"birthday": "December 2",
	"elementType": "ELEMENT_CRYO",
	"elementText": "Cryo",
	"affiliation": "Yuehai Pavilion",
	"associationType": "ASSOC_LIYUE",
	"region": "Liyue",
	"substatType": "FIGHT_PROP_CRITICAL_HURT",
	"substatText": "CRIT DMG",
	"constellation": "Sinae Unicornis",
	"cv": {
		"english": "Jennifer Losi",
		"chinese": "林簌",
		"japanese": "上田麗奈",
		"korean": "Kim Seon-hye"
	},
	"costs": {
		"ascend1": [
			{
				"id": 202,
				"name": "Mora",
				"count": 20000
			},
			{
				"id": 104161,
				"name": "Shivada Jade Sliver",
				"count": 1
			},
			{
				"id": 100031,
				"name": "Qingxin",
				"count": 3
			},
			{
				"id": 112038,
				"name": "Whopperflower Nectar",
				"count": 3
			}
		],
		"ascend2": [
			{
				"id": 202,
				"name": "Mora",
				"count": 40000
			},
			{
				"id": 104162,
				"name": "Shivada Jade Fragment",
				"count": 3
			},
			{
				"id": 113010,
				"name": "Hoarfrost Core",
				"count": 2
			},
			{
				"id": 100031,
				"name": "Qingxin",
				"count": 10
			},
			{
				"id": 112038,
				"name": "Whopperflower Nectar",
				"count": 15
			}
		],
		"ascend3": [
			{
				"id": 202,
				"name": "Mora",
				"count": 60000
			},
			{
				"id": 104162,
				"name": "Shivada Jade Fragment",
				"count": 6
			},
			{
				"id": 113010,
				"name": "Hoarfrost Core",
				"count": 4
			},
			{
				"id": 100031,
				"name": "Qingxin",
				"count": 20
			},
			{
				"id": 112039,
				"name": "Shimmering Nectar",
				"count": 12
			}
		],
		"ascend4": [
			{
				"id": 202,
				"name": "Mora",
				"count": 80000
			},
			{
				"id": 104163,
				"name": "Shivada Jade Chunk",
				"count": 3
			},
			{
				"id": 113010,
				"name": "Hoarfrost Core",
				"count": 8
			},
			{
				"id": 100031,
				"name": "Qingxin",
				"count": 30
			},
			{
				"id": 112039,
				"name": "Shimmering Nectar",
				"count": 18
			}
		],
		"ascend5": [
			{
				"id": 202,
				"name": "Mora",
				"count": 100000
			},
			{
				"id": 104163,
				"name": "Shivada Jade Chunk",
				"count": 6
			},
			{
				"id": 113010,
				"name": "Hoarfrost Core",
				"count": 12
			},
			{
				"id": 100031,
				"name": "Qingxin",
				"count": 45
			},
			{
				"id": 112040,
				"name": "Energy Nectar",
				"count": 12
			}
		],
		"ascend6": [
			{
				"id": 202,
				"name": "Mora",
				"count": 120000
			},
			{
				"id": 104164,
				"name": "Shivada Jade Gemstone",
				"count": 6
			},
			{
				"id": 113010,
				"name": "Hoarfrost Core",
				"count": 20
			},
			{
				"id": 100031,
				"name": "Qingxin",
				"count": 60
			},
			{
				"id": 112040,
				"name": "Energy Nectar",
				"count": 24
			}
		]
	}
}