{
	"id": 10000055,
	"name": "Gorou",
	"title": "Canine Warrior",
	"description": "The great general of Watatsumi Island's forces. He is deeply trusted by his subordinates.",
	"weaponType": "WEAPON_BOW",
	"weaponText": "Bow",
	"bodyType": "BODY_BOY",
	"gender": "Male",
	"qualityType": "QUALITY_PURPLE",
	"rarity": 4,
	"birthdaymmdd": "5/18",
	"birthday": "May 18",
	"elementType": "ELEMENT_GEO",
	"elementText": "Geo",
	"affiliation": "Watatsumi Island",
	"associationType": "ASSOC_INAZUMA",
	"region": "Inazuma",
	"substatType": "FIGHT_PROP_ROCK_ADD_HURT",
	"substatText": "Geo DMG Bonus",
	"constellation": "Canis Bellatoris",
	"cv": {
		"english": "Cory Yee",
		"chinese": "杨昕燃",
		"japanese": "畠中祐",
		"korean": "Lee Sae-byeok"
	},
	"costs": {
		"ascend1": [
			{
				"id": 202,
				"name": "Mora",
				"count": 20000
			},
			{
				"id": 104171,
				"name": "Prithiva Topaz Sliver",
				"count": 1
			},
			{
				"id": 101207,
				"name": "Sango Pearl",
				"count": 3
			},
			{
				"id": 112053,
				"name": "Spectral Husk",
				"count": 3
			}
		],
		"ascend2": [
			{
				"id": 202,
				"name": "Mora",
				"count": 40000
			},
			{
				"id": 104172,
				"name": "Prithiva Topaz Fragment",
				"count": 3
			},
			{
				"id": 113023,
				"name": "Perpetual Heart",
				"count": 2
			},
			{
				"id": 101207,
				"name": "Sango Pearl",
				"count": 10
			},
			{
				"id": 112053,
				"name": "Spectral Husk",
				"count": 15
			}
		],
		"ascend3": [
			{
				"id": 202,
				"name": "Mora",
				"count": 60000
			},
			{
				"id": 104172,
				"name": "Prithiva Topaz Fragment",
				"count": 6
			},
			{
				"id": 113023,
				"name": "Perpetual Heart",
				"count": 4
			},
			{
				"id": 101207,
				"name": "Sango Pearl",
				"count": 20
			},
			{
				"id": 112054,
				"name": "Spectral Heart",
				"count": 12
			}
		],
		"ascend4": [
			{
				"id": 202,
				"name": "Mora",
				"count": 80000
			},
			{
				"id": 104173,
				"name": "Prithiva Topaz Chunk",
				"count": 3
			},
			{
				"id": 113023,
				"name": "Perpetual Heart",
				"count": 8
			},
			{
				"id": 101207,
				"name": "Sango Pearl",
				"count": 30
			},
			{
				"id": 112054,
				"name": "Spectral Heart",
				"count": 18
			}
		],
		"ascend5": [
			{
				"id": 202,
				"name": "Mora",
				"count": 100000
			},
			{
				"id": 104173,
				"name": "Prithiva Topaz Chunk",
				"count": 6
			},
			{
				"id": 113023,
				"name": "Perpetual Heart",
				"count": 12
			},
			{
				"id": 101207,
				"name": "Sango Pearl",
				"count": 45
			},
			{
				"id": 112055,
				"name": "Spectral Nucleus",
				"count": 12
			}
		],
		"ascend6": [
			{
				"id": 202,
				"name": "Mora",
				"count": 120000
			},
			{
				"id": 104174,
				"name": "Prithiva Topaz Gemstone",
				"count": 6
			},
			{
				"id": 113023,
				"name": "Perpetual Heart",
				"count": 20
			},
			{
				"id": 101207,
				"name": "Sango Pearl",
				"count": 60
			},
			{
				"id": 112055,
				"name": "Spectral Nucleus",
				"count": 24
			}
		]
	}
}