{
	"id": 10000046,
	"name": "Hu Tao",
	"title": "Fragrance in Thaw",
	"description": "The 77th Director of the Wangsheng Funeral Parlor. She took over the business at a rather young age.",
	"weaponType": "WEAPON_POLE",
	"weaponText": "Polearm",
	"bodyType": "BODY_GIRL",
	"gender": "Female",
	"qualityType": "QUALITY_ORANGE",
	"rarity": 5,
	"birthdaymmdd": "7/15",
	"birthday": "July 15",
	"elementType": "ELEMENT_PYRO",
	"elementText": "Pyro",
	"affiliation": "Wangsheng Funeral Parlor",
	"associationType": "ASSOC_LIYUE",
	"region": "Liyue",
	"substatType": "FIGHT_PROP_CRITICAL_HURT",
	"substatText": "CRIT DMG",
	"constellation": "Papilio Charontis",
	"cv": {
		"english": "Brianna Knickerbocker",
		"chinese": "陶典",
		"japanese": "高橋李依",
		"korean": "Kim Ha-ru"
	},
	"costs": {
		"ascend1": [
			{
				"id": 202,
				"name": "Mora",
				"count": 20000
			},
			{
				"id": 104111,
				"name": "Agnidus Agate Sliver",
				"count": 1
			},
			{
				"id": 100029,
				"name": "Silk Flower",
				"count": 3
			},
			{
				"id": 112038,
				"name": "Whopperflower Nectar",
				"count": 3
			}
		],
		"ascend2": [
			{
				"id": 202,
				"name": "Mora",
				"count": 40000
			},
			{
				"id": 104112,
				"name": "Agnidus Agate Fragment",
				"count": 3
			},
			{
				"id": 113016,
				"name": "Juvenile Jade",
				"count": 2
			},
			{
				"id": 100029,
				"name": "Silk Flower",
				"count": 10
			},
			{
				"id": 112038,
				"name": "Whopperflower Nectar",
				"count": 15
			}
		],
		"ascend3": [
			{
				"id": 202,
				"name": "Mora",
				"count": 60000
			},
			{
				"id": 104112,
				"name": "Agnidus Agate Fragment",
				"count": 6
			},
			{
				"id": 113016,
				"name": "Juvenile Jade",
				"count": 4
			},
			{
				"id": 100029,
				"name": "Silk Flower",
				"count": 20
			},
			{
				"id": 112039,
				"name": "Shimmering Nectar",
				"count": 12
			}
		],
		"ascend4": [
			{
				"id": 202,
				"name": "Mora",
				"count": 80000
			},
			{
				"id": 104113,
				"name": "Agnidus Agate Chunk",
				"count": 3
			},
			{
				"id": 113016,
				"name": "Juvenile Jade",
				"count": 8
			},
			{
				"id": 100029,
				"name": "Silk Flower",
				"count": 30
			},
			{
				"id": 112039,
				"name": "Shimmering Nectar",
				"count": 18
			}
		],
		"ascend5": [
			{
				"id": 202,
				"name": "Mora",
				"count": 100000
			},
			{
				"id": 104113,
				"name": "Agnidus Agate Chunk",
				"count": 6
			},
			{
				"id": 113016,
				"name": "Juvenile Jade",
				"count": 12
			},
			{
				"id": 100029,
				"name": "Silk Flower",
				"count": 45
			},
			{
				"id": 112040,
				"name": "Energy Nectar",
				"count": 12
			}
		],
		"ascend6": [
			{
				"id": 202,
				"name": "Mora",
				"count": 120000
			},
			{
				"id": 104114,
				"name": "Agnidus Agate Gemstone",
				"count": 6
			},
			{
				"id": 113016,
				"name": "Juvenile Jade",
				"count": 20
			},
			{
				"id": 100029,
				"name": "Silk Flower",
				"count": 60
			},
			{
				"id": 112040,
				"name": "Energy Nectar",
				"count": 24
			}
		]
	}
}