{
	"id": 10000110,
	"name": "Iansan",
	"title": "Tempered in Molten Stone",
	"description": "Head coach of the fitness club at the Collective of Plenty, and a renowned Natlanese nutritionist.",
	"weaponType": "WEAPON_POLE",
	"weaponText": "Polearm",
	"bodyType": "BODY_LOLI",
	"gender": "Female",
	"qualityType": "QUALITY_PURPLE",
	"rarity": 4,
	"birthdaymmdd": "8/8",
	"birthday": "August 8",
	"elementType": "ELEMENT_ELECTRO",
	"elementText": "Electro",
	"affiliation": "Teteocan",
	"associationType": "ASSOC_NATLAN",
	"region": "Natlan",
	"substatType": "FIGHT_PROP_ATTACK_PERCENT",
	"substatText": "ATK",
	"constellation": "Carnotaurus",
	"cv": {
		"english": "Katrina Salisbury",
		"chinese": "真理",
		"japanese": "大橋彩香",
		"korean": "Lee Jae-hyun"
	},
	"costs": {
		"ascend1": [
			{
				"id": 202,
				"name": "Mora",
				"count": 20000
			},
			{
				"id": 104141,
				"name": "Vajrada Amethyst Sliver",
				"count": 1
			},
			{
				"id": 101255,
				"name": "Dracolite",
				"count": 3
			},
			{
				"id": 112104,
				"name": "Sentry's Wooden Whistle",
				"count": 3
			}
		],
		"ascend2": [
			{
				"id": 202,
				"name": "Mora",
				"count": 40000
			},
			{
				"id": 104142,
				"name": "Vajrada Amethyst Fragment",
				"count": 3
			},
			{
				"id": 113067,
				"name": "Ensnaring Gaze",
				"count": 2
			},
			{
				"id": 101255,
				"name": "Dracolite",
				"count": 10
			},
			{
				"id": 112104,
				"name": "Sentry's Wooden Whistle",
				"count": 15
			}
		],
		"ascend3": [
			{
				"id": 202,
				"name": "Mora",
				"count": 60000
			},
			{
				"id": 104142,
				"name": "Vajrada Amethyst Fragment",
				"count": 6
			},
			{
				"id": 113067,
				"name": "Ensnaring Gaze",
				"count": 4
			},
			{
				"id": 101255,
				"name": "Dracolite",
				"count": 20
			},
			{
				"id": 112105,
				"name": "Warrior's Metal Whistle",
				"count": 12
			}
		],
		"ascend4": [
			{
				"id": 202,
				"name": "Mora",
				"count": 80000
			},
			{
				"id": 104143,
				"name": "Vajrada Amethyst Chunk",
				"count": 3
			},
			{
				"id": 113067,
				"name": "Ensnaring Gaze",
				"count": 8
			},
			{
				"id": 101255,
				"name": "Dracolite",
				"count": 30
			},
			{
				"id": 112105,
				"name": "Warrior's Metal Whistle",
				"count": 18
			}
		],
		"ascend5": [
			{
				"id": 202,
				"name": "Mora",
				"count": 100000
			},
			{
				"id": 104143,
				"name": "Vajrada Amethyst Chunk",
				"count": 6
			},
			{
				"id": 113067,
				"name": "Ensnaring Gaze",
				"count": 12
			},
			{
				"id": 101255,
				"name": "Dracolite",
				"count": 45
			},
			{
				"id": 112106,
				"name": "Saurian-Crowned Warrior's Golden Whistle",
				"count": 12
			}
		],
		"ascend6": [
			{
				"id": 202,
				"name": "Mora",
				"count": 120000
			},
			{
				"id": 104144,
				"name": "Vajrada Amethyst Gemstone",
				"count": 6
			},
			{
				"id": 113067,
				"name": "Ensnaring Gaze",
				"count": 20
			},
			{
				"id": 101255,
				"name": "Dracolite",
				"count": 60
			},
			{
				"id": 112106,
				"name": "Saurian-Crowned Warrior's Golden Whistle",
				"count": 24
			}
		]
	}
}