{
	"id": 10000003,
	"name": "Jean",
	"title": "Dandelion Knight",
	"description": "The righteous and rigorous Dandelion Knight, and Acting Grand Master of Mondstadt's Knights of Favonius.",
	"weaponType": "WEAPON_SWORD_ONE_HAND",
	"weaponText": "Sword",
	"bodyType": "BODY_LADY",
	"gender": "Female",
	"qualityType": "QUALITY_ORANGE",
	"rarity": 5,
	"birthdaymmdd": "3/14",
	"birthday": "March 14",
	"elementType": "ELEMENT_ANEMO",
	"elementText": "Anemo",
	"affiliation": "Knights of Favonius",
	"associationType": "ASSOC_MONDSTADT",
	"region": "Mondstadt",
	"substatType": "FIGHT_PROP_HEAL_ADD",
	"substatText": "Healing Bonus",
	"constellation": "Leo Minor",
	"cv": {
		"english": "Stephanie Southerland",
		"chinese": "林簌",
		"japanese": "斎藤千和",
		"korean": "Ahn Young-mi"
	},
	"costs": {
		"ascend1": [
			{
				"id": 202,
				"name": "Mora",
				"count": 20000
			},
			{
				"id": 104151,
				"name": "Vayuda Turquoise Sliver",
				"count": 1
			},
			{
				"id": 100057,
				"name": "Dandelion Seed",
				"count": 3
			},
			{
				"id": 112005,
				"name": "Damaged Mask",
				"count": 3
			}
		],
		"ascend2": [
			{
				"id": 202,
				"name": "Mora",
				"count": 40000
			},
			{
				"id": 104152,
				"name": "Vayuda Turquoise Fragment",
				"count": 3
			},
			{
				"id": 113001,
				"name": "Hurricane Seed",
				"count": 2
			},
			{
				"id": 100057,
				"name": "Dandelion Seed",
				"count": 10
			},
			{
				"id": 112005,
				"name": "Damaged Mask",
				"count": 15
			}
		],
		"ascend3": [
			{
				"id": 202,
				"name": "Mora",
				"count": 60000
			},
			{
				"id": 104152,
				"name": "Vayuda Turquoise Fragment",
				"count": 6
			},
			{
				"id": 113001,
				"name": "Hurricane Seed",
				"count": 4
			},
			{
				"id": 100057,
				"name": "Dandelion Seed",
				"count": 20
			},
			{
				"id": 112006,
				"name": "Stained Mask",
				"count": 12
			}
		],
		"ascend4": [
			{
				"id": 202,
				"name": "Mora",
				"count": 80000
			},
			{
				"id": 104153,
				"name": "Vayuda Turquoise Chunk",
				"count": 3
			},
			{
				"id": 113001,
				"name": "Hurricane Seed",
				"count": 8
			},
			{
				"id": 100057,
				"name": "Dandelion Seed",
				"count": 30
			},
			{
				"id": 112006,
				"name": "Stained Mask",
				"count": 18
			}
		],
		"ascend5": [
			{
				"id": 202,
				"name": "Mora",
				"count": 100000
			},
			{
				"id": 104153,
				"name": "Vayuda Turquoise Chunk",
				"count": 6
			},
			{
				"id": 113001,
				"name": "Hurricane Seed",
				"count": 12
			},
			{
				"id": 100057,
				"name": "Dandelion Seed",
				"count": 45
			},
			{
				"id": 112007,
				"name": "Ominous Mask",
				"count": 12
			}
		],
		"ascend6": [
			{
				"id": 202,
				"name": "Mora",
				"count": 120000
			},
			{
				"id": 104154,
				"name": "Vayuda Turquoise Gemstone",
				"count": 6
			},
			{
				"id": 113001,
				"name": "Hurricane Seed",
				"count": 20
			},
			{
				"id": 100057,
				"name": "Dandelion Seed",
				"count": 60
			},
			{
				"id": 112007,
				"name": "Ominous Mask",
				"count": 24
			}
		]
	}
}