{
	"id": 10000100,
	"name": "Kachina",
	"title": "Mottled Gold Yet Unsmelted",
	"description": "A young warrior of the Nanatzcayan, given the Ancient Name of \"Uthabiti.\" Kind-hearted and insatiably persistent, she grows stronger and more capable with each setback she faces.",
	"weaponType": "WEAPON_POLE",
	"weaponText": "Polearm",
	"bodyType": "BODY_LOLI",
	"gender": "Female",
	"qualityType": "QUALITY_PURPLE",
	"rarity": 4,
	"birthdaymmdd": "4/22",
	"birthday": "April 22",
	"elementType": "ELEMENT_GEO",
	"elementText": "Geo",
	"affiliation": "Nanatzcayan",
	"associationType": "ASSOC_NATLAN",
	"region": "Natlan",
	"substatType": "FIGHT_PROP_ROCK_ADD_HURT",
	"substatText": "Geo DMG Bonus",
	"constellation": "Ochotona Princeps",
	"cv": {
		"english": "Kristen McGuire",
		"chinese": "静宸",
		"japanese": "久保ユリカ",
		"korean": "Son Sun-young"
	},
	"costs": {
		"ascend1": [
			{
				"id": 202,
				"name": "Mora",
				"count": 20000
			},
			{
				"id": 104171,
				"name": "Prithiva Topaz Sliver",
				"count": 1
			},
			{
				"id": 101249,
				"name": "Quenepa Berry",
				"count": 3
			},
			{
				"id": 112104,
				"name": "Sentry's Wooden Whistle",
				"count": 3
			}
		],
		"ascend2": [
			{
				"id": 202,
				"name": "Mora",
				"count": 40000
			},
			{
				"id": 104172,
				"name": "Prithiva Topaz Fragment",
				"count": 3
			},
			{
				"id": 113065,
				"name": "Overripe Flamegranate",
				"count": 2
			},
			{
				"id": 101249,
				"name": "Quenepa Berry",
				"count": 10
			},
			{
				"id": 112104,
				"name": "Sentry's Wooden Whistle",
				"count": 15
			}
		],
		"ascend3": [
			{
				"id": 202,
				"name": "Mora",
				"count": 60000
			},
			{
				"id": 104172,
				"name": "Prithiva Topaz Fragment",
				"count": 6
			},
			{
				"id": 113065,
				"name": "Overripe Flamegranate",
				"count": 4
			},
			{
				"id": 101249,
				"name": "Quenepa Berry",
				"count": 20
			},
			{
				"id": 112105,
				"name": "Warrior's Metal Whistle",
				"count": 12
			}
		],
		"ascend4": [
			{
				"id": 202,
				"name": "Mora",
				"count": 80000
			},
			{
				"id": 104173,
				"name": "Prithiva Topaz Chunk",
				"count": 3
			},
			{
				"id": 113065,
				"name": "Overripe Flamegranate",
				"count": 8
			},
			{
				"id": 101249,
				"name": "Quenepa Berry",
				"count": 30
			},
			{
				"id": 112105,
				"name": "Warrior's Metal Whistle",
				"count": 18
			}
		],
		"ascend5": [
			{
				"id": 202,
				"name": "Mora",
				"count": 100000
			},
			{
				"id": 104173,
				"name": "Prithiva Topaz Chunk",
				"count": 6
			},
			{
				"id": 113065,
				"name": "Overripe Flamegranate",
				"count": 12
			},
			{
				"id": 101249,
				"name": "Quenepa Berry",
				"count": 45
			},
			{
				"id": 112106,
				"name": "Saurian-Crowned Warrior's Golden Whistle",
				"count": 12
			}
		],
		"ascend6": [
			{
				"id": 202,
				"name": "Mora",
				"count": 120000
			},
			{
				"id": 104174,
				"name": "Prithiva Topaz Gemstone",
				"count": 6
			},
			{
				"id": 113065,
				"name": "Overripe Flamegranate",
				"count": 20
			},
			{
				"id": 101249,
				"name": "Quenepa Berry",
				"count": 60
			},
			{
				"id": 112106,
				"name": "Saurian-Crowned Warrior's Golden Whistle",
				"count": 24
			}
		]
	}
}