{
	"id": 10000002,
	"name": "Kamisato Ayaka",
	"title": "Frostflake Heron",
	"description": "Daughter of the Yashiro Commission's Kamisato Clan. Dignified and elegant, as well as wise and strong.",
	"weaponType": "WEAPON_SWORD_ONE_HAND",
	"weaponText": "Sword",
	"bodyType": "BODY_GIRL",
	"gender": "Female",
	"qualityType": "QUALITY_ORANGE",
	"rarity": 5,
	"birthdaymmdd": "9/28",
	"birthday": "September 28",
	"elementType": "ELEMENT_CRYO",
	"elementText": "Cryo",
	"affiliation": "Yashiro Commission",
	"associationType": "ASSOC_INAZUMA",
	"region": "Inazuma",
	"substatType": "FIGHT_PROP_CRITICAL_HURT",
	"substatText": "CRIT DMG",
	"constellation": "Grus Nivis",
	"cv": {
		"english": "Erica Mendez",
		"chinese": "小N",
		"japanese": "早見沙織",
		"korean": "Lee Yoo-ri"
	},
	"costs": {
		"ascend1": [
			{
				"id": 202,
				"name": "Mora",
				"count": 20000
			},
			{
				"id": 104161,
				"name": "Shivada Jade Sliver",
				"count": 1
			},
			{
				"id": 101202,
				"name": "Sakura Bloom",
				"count": 3
			},
			{
				"id": 112044,
				"name": "Old Handguard",
				"count": 3
			}
		],
		"ascend2": [
			{
				"id": 202,
				"name": "Mora",
				"count": 40000
			},
			{
				"id": 104162,
				"name": "Shivada Jade Fragment",
				"count": 3
			},
			{
				"id": 113023,
				"name": "Perpetual Heart",
				"count": 2
			},
			{
				"id": 101202,
				"name": "Sakura Bloom",
				"count": 10
			},
			{
				"id": 112044,
				"name": "Old Handguard",
				"count": 15
			}
		],
		"ascend3": [
			{
				"id": 202,
				"name": "Mora",
				"count": 60000
			},
			{
				"id": 104162,
				"name": "Shivada Jade Fragment",
				"count": 6
			},
			{
				"id": 113023,
				"name": "Perpetual Heart",
				"count": 4
			},
			{
				"id": 101202,
				"name": "Sakura Bloom",
				"count": 20
			},
			{
				"id": 112045,
				"name": "Kageuchi Handguard",
				"count": 12
			}
		],
		"ascend4": [
			{
				"id": 202,
				"name": "Mora",
				"count": 80000
			},
			{
				"id": 104163,
				"name": "Shivada Jade Chunk",
				"count": 3
			},
			{
				"id": 113023,
				"name": "Perpetual Heart",
				"count": 8
			},
			{
				"id": 101202,
				"name": "Sakura Bloom",
				"count": 30
			},
			{
				"id": 112045,
				"name": "Kageuchi Handguard",
				"count": 18
			}
		],
		"ascend5": [
			{
				"id": 202,
				"name": "Mora",
				"count": 100000
			},
			{
				"id": 104163,
				"name": "Shivada Jade Chunk",
				"count": 6
			},
			{
				"id": 113023,
				"name": "Perpetual Heart",
				"count": 12
			},
			{
				"id": 101202,
				"name": "Sakura Bloom",
				"count": 45
			},
			{
				"id": 112046,
				"name": "Famed Handguard",
				"count": 12
			}
		],
		"ascend6": [
			{
				"id": 202,
				"name": "Mora",
				"count": 120000
			},
			{
				"id": 104164,
				"name": "Shivada Jade Gemstone",
				"count": 6
			},
			{
				"id": 113023,
				"name": "Perpetual Heart",
				"count": 20
			},
			{
				"id": 101202,
				"name": "Sakura Bloom",
				"count": 60
			},
			{
				"id": 112046,
				"name": "Famed Handguard",
				"count": 24
			}
		]
	}
}