{
	"id": 10000081,
	"name": "Kaveh",
	"title": "Empyrean Reflection",
	"description": "A renowned architect from Sumeru who perhaps cares a bit too much about too many things. He is an aesthete troubled by reality.",
	"weaponType": "WEAPON_CLAYMORE",
	"weaponText": "Claymore",
	"bodyType": "BODY_MALE",
	"gender": "Male",
	"qualityType": "QUALITY_PURPLE",
	"rarity": 4,
	"birthdaymmdd": "7/9",
	"birthday": "July 9",
	"elementType": "ELEMENT_DENDRO",
	"elementText": "Dendro",
	"affiliation": "Independent Design Studio",
	"associationType": "ASSOC_SUMERU",
	"region": "Sumeru",
	"substatType": "FIGHT_PROP_ELEMENT_MASTERY",
	"substatText": "Elemental Mastery",
	"constellation": "Paradisaea",
	"cv": {
		"english": "Ben Balmaceda",
		"chinese": "刘三木",
		"japanese": "内田雄馬",
		"korean": "Lee Jeong-min"
	},
	"costs": {
		"ascend1": [
			{
				"id": 202,
				"name": "Mora",
				"count": 20000
			},
			{
				"id": 104131,
				"name": "Nagadus Emerald Sliver",
				"count": 1
			},
			{
				"id": 101223,
				"name": "Mourning Flower",
				"count": 3
			},
			{
				"id": 112059,
				"name": "Fungal Spores",
				"count": 3
			}
		],
		"ascend2": [
			{
				"id": 202,
				"name": "Mora",
				"count": 40000
			},
			{
				"id": 104132,
				"name": "Nagadus Emerald Fragment",
				"count": 3
			},
			{
				"id": 113040,
				"name": "Quelled Creeper",
				"count": 2
			},
			{
				"id": 101223,
				"name": "Mourning Flower",
				"count": 10
			},
			{
				"id": 112059,
				"name": "Fungal Spores",
				"count": 15
			}
		],
		"ascend3": [
			{
				"id": 202,
				"name": "Mora",
				"count": 60000
			},
			{
				"id": 104132,
				"name": "Nagadus Emerald Fragment",
				"count": 6
			},
			{
				"id": 113040,
				"name": "Quelled Creeper",
				"count": 4
			},
			{
				"id": 101223,
				"name": "Mourning Flower",
				"count": 20
			},
			{
				"id": 112060,
				"name": "Luminescent Pollen",
				"count": 12
			}
		],
		"ascend4": [
			{
				"id": 202,
				"name": "Mora",
				"count": 80000
			},
			{
				"id": 104133,
				"name": "Nagadus Emerald Chunk",
				"count": 3
			},
			{
				"id": 113040,
				"name": "Quelled Creeper",
				"count": 8
			},
			{
				"id": 101223,
				"name": "Mourning Flower",
				"count": 30
			},
			{
				"id": 112060,
				"name": "Luminescent Pollen",
				"count": 18
			}
		],
		"ascend5": [
			{
				"id": 202,
				"name": "Mora",
				"count": 100000
			},
			{
				"id": 104133,
				"name": "Nagadus Emerald Chunk",
				"count": 6
			},
			{
				"id": 113040,
				"name": "Quelled Creeper",
				"count": 12
			},
			{
				"id": 101223,
				"name": "Mourning Flower",
				"count": 45
			},
			{
				"id": 112061,
				"name": "Crystalline Cyst Dust",
				"count": 12
			}
		],
		"ascend6": [
			{
				"id": 202,
				"name": "Mora",
				"count": 120000
			},
			{
				"id": 104134,
				"name": "Nagadus Emerald Gemstone",
				"count": 6
			},
			{
				"id": 113040,
				"name": "Quelled Creeper",
				"count": 20
			},
			{
				"id": 101223,
				"name": "Mourning Flower",
				"count": 60
			},
			{
				"id": 112061,
				"name": "Crystalline Cyst Dust",
				"count": 24
			}
		]
	}
}