{
	"id": 10000101,
	"name": "Kinich",
	"title": "Turnfire Hunt",
	"description": "A Huitztlan Saurian Hunter skilled at counting costs.",
	"weaponType": "WEAPON_CLAYMORE",
	"weaponText": "Claymore",
	"bodyType": "BODY_BOY",
	"gender": "Male",
	"qualityType": "QUALITY_ORANGE",
	"rarity": 5,
	"birthdaymmdd": "11/11",
	"birthday": "November 11",
	"elementType": "ELEMENT_DENDRO",
	"elementText": "Dendro",
	"affiliation": "Huitztlan",
	"associationType": "ASSOC_NATLAN",
	"region": "Natlan",
	"substatType": "FIGHT_PROP_CRITICAL_HURT",
	"substatText": "CRIT DMG",
	"constellation": "Chimaera Alebriius",
	"cv": {
		"english": "Jacob Takanashi & John Patneaude & Abby Espiritu",
		"chinese": "斑马 & 弭洋",
		"japanese": "杉山紀彰 & 竹内順子",
		"korean": "Kang Seong-woo & Park Li-na"
	},
	"costs": {
		"ascend1": [
			{
				"id": 202,
				"name": "Mora",
				"count": 20000
			},
			{
				"id": 104131,
				"name": "Nagadus Emerald Sliver",
				"count": 1
			},
			{
				"id": 101250,
				"name": "Saurian Claw Succulent",
				"count": 3
			},
			{
				"id": 112101,
				"name": "Juvenile Fang",
				"count": 3
			}
		],
		"ascend2": [
			{
				"id": 202,
				"name": "Mora",
				"count": 40000
			},
			{
				"id": 104132,
				"name": "Nagadus Emerald Fragment",
				"count": 3
			},
			{
				"id": 113065,
				"name": "Overripe Flamegranate",
				"count": 2
			},
			{
				"id": 101250,
				"name": "Saurian Claw Succulent",
				"count": 10
			},
			{
				"id": 112101,
				"name": "Juvenile Fang",
				"count": 15
			}
		],
		"ascend3": [
			{
				"id": 202,
				"name": "Mora",
				"count": 60000
			},
			{
				"id": 104132,
				"name": "Nagadus Emerald Fragment",
				"count": 6
			},
			{
				"id": 113065,
				"name": "Overripe Flamegranate",
				"count": 4
			},
			{
				"id": 101250,
				"name": "Saurian Claw Succulent",
				"count": 20
			},
			{
				"id": 112102,
				"name": "Seasoned Fang",
				"count": 12
			}
		],
		"ascend4": [
			{
				"id": 202,
				"name": "Mora",
				"count": 80000
			},
			{
				"id": 104133,
				"name": "Nagadus Emerald Chunk",
				"count": 3
			},
			{
				"id": 113065,
				"name": "Overripe Flamegranate",
				"count": 8
			},
			{
				"id": 101250,
				"name": "Saurian Claw Succulent",
				"count": 30
			},
			{
				"id": 112102,
				"name": "Seasoned Fang",
				"count": 18
			}
		],
		"ascend5": [
			{
				"id": 202,
				"name": "Mora",
				"count": 100000
			},
			{
				"id": 104133,
				"name": "Nagadus Emerald Chunk",
				"count": 6
			},
			{
				"id": 113065,
				"name": "Overripe Flamegranate",
				"count": 12
			},
			{
				"id": 101250,
				"name": "Saurian Claw Succulent",
				"count": 45
			},
			{
				"id": 112103,
				"name": "Tyrant's Fang",
				"count": 12
			}
		],
		"ascend6": [
			{
				"id": 202,
				"name": "Mora",
				"count": 120000
			},
			{
				"id": 104134,
				"name": "Nagadus Emerald Gemstone",
				"count": 6
			},
			{
				"id": 113065,
				"name": "Overripe Flamegranate",
				"count": 20
			},
			{
				"id": 101250,
				"name": "Saurian Claw Succulent",
				"count": 60
			},
			{
				"id": 112103,
				"name": "Tyrant's Fang",
				"count": 24
			}
		]
	}
}