{
	"id": 10000029,
	"name": "Klee",
	"title": "Fleeing Sunlight",
	"description": "An explosives expert and a regular at the Knights of Favonius's confinement room. Also known as Fleeing Sunlight.",
	"weaponType": "WEAPON_CATALYST",
	"weaponText": "Catalyst",
	"bodyType": "BODY_LOLI",
	"gender": "Female",
	"qualityType": "QUALITY_ORANGE",
	"rarity": 5,
	"birthdaymmdd": "7/27",
	"birthday": "July 27",
	"elementType": "ELEMENT_PYRO",
	"elementText": "Pyro",
	"affiliation": "Knights of Favonius",
	"associationType": "ASSOC_MONDSTADT",
	"region": "Mondstadt",
	"substatType": "FIGHT_PROP_FIRE_ADD_HURT",
	"substatText": "Pyro DMG Bonus",
	"constellation": "Trifolium",
	"cv": {
		"english": "Poonam Basu",
		"chinese": "花玲",
		"japanese": "久野美咲",
		"korean": "Bang Yeon-ji"
	},
	"costs": {
		"ascend1": [
			{
				"id": 202,
				"name": "Mora",
				"count": 20000
			},
			{
				"id": 104111,
				"name": "Agnidus Agate Sliver",
				"count": 1
			},
			{
				"id": 100025,
				"name": "Philanemo Mushroom",
				"count": 3
			},
			{
				"id": 112008,
				"name": "Divining Scroll",
				"count": 3
			}
		],
		"ascend2": [
			{
				"id": 202,
				"name": "Mora",
				"count": 40000
			},
			{
				"id": 104112,
				"name": "Agnidus Agate Fragment",
				"count": 3
			},
			{
				"id": 113011,
				"name": "Everflame Seed",
				"count": 2
			},
			{
				"id": 100025,
				"name": "Philanemo Mushroom",
				"count": 10
			},
			{
				"id": 112008,
				"name": "Divining Scroll",
				"count": 15
			}
		],
		"ascend3": [
			{
				"id": 202,
				"name": "Mora",
				"count": 60000
			},
			{
				"id": 104112,
				"name": "Agnidus Agate Fragment",
				"count": 6
			},
			{
				"id": 113011,
				"name": "Everflame Seed",
				"count": 4
			},
			{
				"id": 100025,
				"name": "Philanemo Mushroom",
				"count": 20
			},
			{
				"id": 112009,
				"name": "Sealed Scroll",
				"count": 12
			}
		],
		"ascend4": [
			{
				"id": 202,
				"name": "Mora",
				"count": 80000
			},
			{
				"id": 104113,
				"name": "Agnidus Agate Chunk",
				"count": 3
			},
			{
				"id": 113011,
				"name": "Everflame Seed",
				"count": 8
			},
			{
				"id": 100025,
				"name": "Philanemo Mushroom",
				"count": 30
			},
			{
				"id": 112009,
				"name": "Sealed Scroll",
				"count": 18
			}
		],
		"ascend5": [
			{
				"id": 202,
				"name": "Mora",
				"count": 100000
			},
			{
				"id": 104113,
				"name": "Agnidus Agate Chunk",
				"count": 6
			},
			{
				"id": 113011,
				"name": "Everflame Seed",
				"count": 12
			},
			{
				"id": 100025,
				"name": "Philanemo Mushroom",
				"count": 45
			},
			{
				"id": 112010,
				"name": "Forbidden Curse Scroll",
				"count": 12
			}
		],
		"ascend6": [
			{
				"id": 202,
				"name": "Mora",
				"count": 120000
			},
			{
				"id": 104114,
				"name": "Agnidus Agate Gemstone",
				"count": 6
			},
			{
				"id": 113011,
				"name": "Everflame Seed",
				"count": 20
			},
			{
				"id": 100025,
				"name": "Philanemo Mushroom",
				"count": 60
			},
			{
				"id": 112010,
				"name": "Forbidden Curse Scroll",
				"count": 24
			}
		]
	}
}