{
	"id": 10000056,
	"name": "Kujou Sara",
	"title": "Crowfeather Kaburaya",
	"description": "A general of the Tenryou Commission. Bold, decisive, and skilled in battle.",
	"weaponType": "WEAPON_BOW",
	"weaponText": "Bow",
	"bodyType": "BODY_LADY",
	"gender": "Female",
	"qualityType": "QUALITY_PURPLE",
	"rarity": 4,
	"birthdaymmdd": "7/14",
	"birthday": "July 14",
	"elementType": "ELEMENT_ELECTRO",
	"elementText": "Electro",
	"affiliation": "Tenryou Commission",
	"associationType": "ASSOC_INAZUMA",
	"region": "Inazuma",
	"substatType": "FIGHT_PROP_ATTACK_PERCENT",
	"substatText": "ATK",
	"constellation": "Flabellum",
	"cv": {
		"english": "Jeannie Tirado",
		"chinese": "杨梦露",
		"japanese": "瀬戸麻沙美",
		"korean": "Moon Ji-young"
	},
	"costs": {
		"ascend1": [
			{
				"id": 202,
				"name": "Mora",
				"count": 20000
			},
			{
				"id": 104141,
				"name": "Vajrada Amethyst Sliver",
				"count": 1
			},
			{
				"id": 101204,
				"name": "Dendrobium",
				"count": 3
			},
			{
				"id": 112005,
				"name": "Damaged Mask",
				"count": 3
			}
		],
		"ascend2": [
			{
				"id": 202,
				"name": "Mora",
				"count": 40000
			},
			{
				"id": 104142,
				"name": "Vajrada Amethyst Fragment",
				"count": 3
			},
			{
				"id": 113029,
				"name": "Storm Beads",
				"count": 2
			},
			{
				"id": 101204,
				"name": "Dendrobium",
				"count": 10
			},
			{
				"id": 112005,
				"name": "Damaged Mask",
				"count": 15
			}
		],
		"ascend3": [
			{
				"id": 202,
				"name": "Mora",
				"count": 60000
			},
			{
				"id": 104142,
				"name": "Vajrada Amethyst Fragment",
				"count": 6
			},
			{
				"id": 113029,
				"name": "Storm Beads",
				"count": 4
			},
			{
				"id": 101204,
				"name": "Dendrobium",
				"count": 20
			},
			{
				"id": 112006,
				"name": "Stained Mask",
				"count": 12
			}
		],
		"ascend4": [
			{
				"id": 202,
				"name": "Mora",
				"count": 80000
			},
			{
				"id": 104143,
				"name": "Vajrada Amethyst Chunk",
				"count": 3
			},
			{
				"id": 113029,
				"name": "Storm Beads",
				"count": 8
			},
			{
				"id": 101204,
				"name": "Dendrobium",
				"count": 30
			},
			{
				"id": 112006,
				"name": "Stained Mask",
				"count": 18
			}
		],
		"ascend5": [
			{
				"id": 202,
				"name": "Mora",
				"count": 100000
			},
			{
				"id": 104143,
				"name": "Vajrada Amethyst Chunk",
				"count": 6
			},
			{
				"id": 113029,
				"name": "Storm Beads",
				"count": 12
			},
			{
				"id": 101204,
				"name": "Dendrobium",
				"count": 45
			},
			{
				"id": 112007,
				"name": "Ominous Mask",
				"count": 12
			}
		],
		"ascend6": [
			{
				"id": 202,
				"name": "Mora",
				"count": 120000
			},
			{
				"id": 104144,
				"name": "Vajrada Amethyst Gemstone",
				"count": 6
			},
			{
				"id": 113029,
				"name": "Storm Beads",
				"count": 20
			},
			{
				"id": 101204,
				"name": "Dendrobium",
				"count": 60
			},
			{
				"id": 112007,
				"name": "Ominous Mask",
				"count": 24
			}
		]
	}
}