{
	"id": 10000065,
	"name": "Kuki Shinobu",
	"title": "Mender of Tribulations",
	"description": "The capable and reliable Arataki Gang deputy leader. Please note: capable and reliable are not appellations for the \"Arataki Gang,\" but for their deputy leader in specific.",
	"weaponType": "WEAPON_SWORD_ONE_HAND",
	"weaponText": "Sword",
	"bodyType": "BODY_GIRL",
	"gender": "Female",
	"qualityType": "QUALITY_PURPLE",
	"rarity": 4,
	"birthdaymmdd": "7/27",
	"birthday": "July 27",
	"elementType": "ELEMENT_ELECTRO",
	"elementText": "Electro",
	"affiliation": "Arataki Gang",
	"associationType": "ASSOC_INAZUMA",
	"region": "Inazuma",
	"substatType": "FIGHT_PROP_HP_PERCENT",
	"substatText": "HP",
	"constellation": "Tribulatio Demptio",
	"cv": {
		"english": "Kira Buckland",
		"chinese": "杨凝",
		"japanese": "水橋かおり",
		"korean": "Kim Yool"
	},
	"costs": {
		"ascend1": [
			{
				"id": 202,
				"name": "Mora",
				"count": 20000
			},
			{
				"id": 104141,
				"name": "Vajrada Amethyst Sliver",
				"count": 1
			},
			{
				"id": 101205,
				"name": "Naku Weed",
				"count": 3
			},
			{
				"id": 112053,
				"name": "Spectral Husk",
				"count": 3
			}
		],
		"ascend2": [
			{
				"id": 202,
				"name": "Mora",
				"count": 40000
			},
			{
				"id": 104142,
				"name": "Vajrada Amethyst Fragment",
				"count": 3
			},
			{
				"id": 113035,
				"name": "Runic Fang",
				"count": 2
			},
			{
				"id": 101205,
				"name": "Naku Weed",
				"count": 10
			},
			{
				"id": 112053,
				"name": "Spectral Husk",
				"count": 15
			}
		],
		"ascend3": [
			{
				"id": 202,
				"name": "Mora",
				"count": 60000
			},
			{
				"id": 104142,
				"name": "Vajrada Amethyst Fragment",
				"count": 6
			},
			{
				"id": 113035,
				"name": "Runic Fang",
				"count": 4
			},
			{
				"id": 101205,
				"name": "Naku Weed",
				"count": 20
			},
			{
				"id": 112054,
				"name": "Spectral Heart",
				"count": 12
			}
		],
		"ascend4": [
			{
				"id": 202,
				"name": "Mora",
				"count": 80000
			},
			{
				"id": 104143,
				"name": "Vajrada Amethyst Chunk",
				"count": 3
			},
			{
				"id": 113035,
				"name": "Runic Fang",
				"count": 8
			},
			{
				"id": 101205,
				"name": "Naku Weed",
				"count": 30
			},
			{
				"id": 112054,
				"name": "Spectral Heart",
				"count": 18
			}
		],
		"ascend5": [
			{
				"id": 202,
				"name": "Mora",
				"count": 100000
			},
			{
				"id": 104143,
				"name": "Vajrada Amethyst Chunk",
				"count": 6
			},
			{
				"id": 113035,
				"name": "Runic Fang",
				"count": 12
			},
			{
				"id": 101205,
				"name": "Naku Weed",
				"count": 45
			},
			{
				"id": 112055,
				"name": "Spectral Nucleus",
				"count": 12
			}
		],
		"ascend6": [
			{
				"id": 202,
				"name": "Mora",
				"count": 120000
			},
			{
				"id": 104144,
				"name": "Vajrada Amethyst Gemstone",
				"count": 6
			},
			{
				"id": 113035,
				"name": "Runic Fang",
				"count": 20
			},
			{
				"id": 101205,
				"name": "Naku Weed",
				"count": 60
			},
			{
				"id": 112055,
				"name": "Spectral Nucleus",
				"count": 24
			}
		]
	}
}