{
	"id": 10000108,
	"name": "Lan Yan",
	"title": "Spring Woven From Jade",
	"description": "A rattan weaver from Chenyu Vale. Clear-minded and well-tempered, she is as lively as a mountain spring.",
	"weaponType": "WEAPON_CATALYST",
	"weaponText": "Catalyst",
	"bodyType": "BODY_GIRL",
	"gender": "Female",
	"qualityType": "QUALITY_PURPLE",
	"rarity": 4,
	"birthdaymmdd": "1/6",
	"birthday": "January 6",
	"elementType": "ELEMENT_ANEMO",
	"elementText": "Anemo",
	"affiliation": "Chenyu Vale",
	"associationType": "ASSOC_LIYUE",
	"region": "Liyue",
	"substatType": "FIGHT_PROP_ATTACK_PERCENT",
	"substatText": "ATK",
	"constellation": "Hirundo Lazuli",
	"cv": {
		"english": "Anna Devlin",
		"chinese": "刘十四",
		"japanese": "若山詩音",
		"korean": "Kim Soon-mi"
	},
	"costs": {
		"ascend1": [
			{
				"id": 202,
				"name": "Mora",
				"count": 20000
			},
			{
				"id": 104151,
				"name": "Vayuda Turquoise Sliver",
				"count": 1
			},
			{
				"id": 101241,
				"name": "Clearwater Jade",
				"count": 3
			},
			{
				"id": 112038,
				"name": "Whopperflower Nectar",
				"count": 3
			}
		],
		"ascend2": [
			{
				"id": 202,
				"name": "Mora",
				"count": 40000
			},
			{
				"id": 104152,
				"name": "Vayuda Turquoise Fragment",
				"count": 3
			},
			{
				"id": 113066,
				"name": "Gold-Inscribed Secret Source Core",
				"count": 2
			},
			{
				"id": 101241,
				"name": "Clearwater Jade",
				"count": 10
			},
			{
				"id": 112038,
				"name": "Whopperflower Nectar",
				"count": 15
			}
		],
		"ascend3": [
			{
				"id": 202,
				"name": "Mora",
				"count": 60000
			},
			{
				"id": 104152,
				"name": "Vayuda Turquoise Fragment",
				"count": 6
			},
			{
				"id": 113066,
				"name": "Gold-Inscribed Secret Source Core",
				"count": 4
			},
			{
				"id": 101241,
				"name": "Clearwater Jade",
				"count": 20
			},
			{
				"id": 112039,
				"name": "Shimmering Nectar",
				"count": 12
			}
		],
		"ascend4": [
			{
				"id": 202,
				"name": "Mora",
				"count": 80000
			},
			{
				"id": 104153,
				"name": "Vayuda Turquoise Chunk",
				"count": 3
			},
			{
				"id": 113066,
				"name": "Gold-Inscribed Secret Source Core",
				"count": 8
			},
			{
				"id": 101241,
				"name": "Clearwater Jade",
				"count": 30
			},
			{
				"id": 112039,
				"name": "Shimmering Nectar",
				"count": 18
			}
		],
		"ascend5": [
			{
				"id": 202,
				"name": "Mora",
				"count": 100000
			},
			{
				"id": 104153,
				"name": "Vayuda Turquoise Chunk",
				"count": 6
			},
			{
				"id": 113066,
				"name": "Gold-Inscribed Secret Source Core",
				"count": 12
			},
			{
				"id": 101241,
				"name": "Clearwater Jade",
				"count": 45
			},
			{
				"id": 112040,
				"name": "Energy Nectar",
				"count": 12
			}
		],
		"ascend6": [
			{
				"id": 202,
				"name": "Mora",
				"count": 120000
			},
			{
				"id": 104154,
				"name": "Vayuda Turquoise Gemstone",
				"count": 6
			},
			{
				"id": 113066,
				"name": "Gold-Inscribed Secret Source Core",
				"count": 20
			},
			{
				"id": 101241,
				"name": "Clearwater Jade",
				"count": 60
			},
			{
				"id": 112040,
				"name": "Energy Nectar",
				"count": 24
			}
		]
	}
}