{
	"id": 10000074,
	"name": "Layla",
	"title": "Fantastical Evening Star",
	"description": "A Rtawahist student who specializes in Theoretical Astrology. Heavily prone to somnambulism and locked in a grinding war with sleep deprivation, the problem of restful slumber is a most troubling one to her.",
	"weaponType": "WEAPON_SWORD_ONE_HAND",
	"weaponText": "Sword",
	"bodyType": "BODY_GIRL",
	"gender": "Female",
	"qualityType": "QUALITY_PURPLE",
	"rarity": 4,
	"birthdaymmdd": "12/19",
	"birthday": "December 19",
	"elementType": "ELEMENT_CRYO",
	"elementText": "Cryo",
	"affiliation": "Rtawahist",
	"associationType": "ASSOC_SUMERU",
	"region": "Sumeru",
	"substatType": "FIGHT_PROP_HP_PERCENT",
	"substatText": "HP",
	"constellation": "Luscinia",
	"cv": {
		"english": "Ashely Biski",
		"chinese": "侯小菲",
		"japanese": "富田美憂",
		"korean": "Kang Sae-bom"
	},
	"costs": {
		"ascend1": [
			{
				"id": 202,
				"name": "Mora",
				"count": 20000
			},
			{
				"id": 104161,
				"name": "Shivada Jade Sliver",
				"count": 1
			},
			{
				"id": 101215,
				"name": "Nilotpala Lotus",
				"count": 3
			},
			{
				"id": 112008,
				"name": "Divining Scroll",
				"count": 3
			}
		],
		"ascend2": [
			{
				"id": 202,
				"name": "Mora",
				"count": 40000
			},
			{
				"id": 104162,
				"name": "Shivada Jade Fragment",
				"count": 3
			},
			{
				"id": 113038,
				"name": "Perpetual Caliber",
				"count": 2
			},
			{
				"id": 101215,
				"name": "Nilotpala Lotus",
				"count": 10
			},
			{
				"id": 112008,
				"name": "Divining Scroll",
				"count": 15
			}
		],
		"ascend3": [
			{
				"id": 202,
				"name": "Mora",
				"count": 60000
			},
			{
				"id": 104162,
				"name": "Shivada Jade Fragment",
				"count": 6
			},
			{
				"id": 113038,
				"name": "Perpetual Caliber",
				"count": 4
			},
			{
				"id": 101215,
				"name": "Nilotpala Lotus",
				"count": 20
			},
			{
				"id": 112009,
				"name": "Sealed Scroll",
				"count": 12
			}
		],
		"ascend4": [
			{
				"id": 202,
				"name": "Mora",
				"count": 80000
			},
			{
				"id": 104163,
				"name": "Shivada Jade Chunk",
				"count": 3
			},
			{
				"id": 113038,
				"name": "Perpetual Caliber",
				"count": 8
			},
			{
				"id": 101215,
				"name": "Nilotpala Lotus",
				"count": 30
			},
			{
				"id": 112009,
				"name": "Sealed Scroll",
				"count": 18
			}
		],
		"ascend5": [
			{
				"id": 202,
				"name": "Mora",
				"count": 100000
			},
			{
				"id": 104163,
				"name": "Shivada Jade Chunk",
				"count": 6
			},
			{
				"id": 113038,
				"name": "Perpetual Caliber",
				"count": 12
			},
			{
				"id": 101215,
				"name": "Nilotpala Lotus",
				"count": 45
			},
			{
				"id": 112010,
				"name": "Forbidden Curse Scroll",
				"count": 12
			}
		],
		"ascend6": [
			{
				"id": 202,
				"name": "Mora",
				"count": 120000
			},
			{
				"id": 104164,
				"name": "Shivada Jade Gemstone",
				"count": 6
			},
			{
				"id": 113038,
				"name": "Perpetual Caliber",
				"count": 20
			},
			{
				"id": 101215,
				"name": "Nilotpala Lotus",
				"count": 60
			},
			{
				"id": 112010,
				"name": "Forbidden Curse Scroll",
				"count": 24
			}
		]
	}
}