{
	"id": 10000006,
	"name": "Lisa",
	"title": "Witch of Purple Rose",
	"description": "The languid but knowledgeable Librarian of the Knights of Favonius, deemed by Sumeru Akademiya to be their most distinguished graduate in the past two centuries.",
	"weaponType": "WEAPON_CATALYST",
	"weaponText": "Catalyst",
	"bodyType": "BODY_LADY",
	"gender": "Female",
	"qualityType": "QUALITY_PURPLE",
	"rarity": 4,
	"birthdaymmdd": "6/9",
	"birthday": "June 9",
	"elementType": "ELEMENT_ELECTRO",
	"elementText": "Electro",
	"affiliation": "Knights of Favonius",
	"associationType": "ASSOC_MONDSTADT",
	"region": "Mondstadt",
	"substatType": "FIGHT_PROP_ELEMENT_MASTERY",
	"substatText": "Elemental Mastery",
	"constellation": "Tempus Fugit",
	"cv": {
		"english": "Mara Junot",
		"chinese": "钟可",
		"japanese": "田中理恵",
		"korean": "Park Go-woon"
	},
	"costs": {
		"ascend1": [
			{
				"id": 202,
				"name": "Mora",
				"count": 20000
			},
			{
				"id": 104141,
				"name": "Vajrada Amethyst Sliver",
				"count": 1
			},
			{
				"id": 100022,
				"name": "Valberry",
				"count": 3
			},
			{
				"id": 112002,
				"name": "Slime Condensate",
				"count": 3
			}
		],
		"ascend2": [
			{
				"id": 202,
				"name": "Mora",
				"count": 40000
			},
			{
				"id": 104142,
				"name": "Vajrada Amethyst Fragment",
				"count": 3
			},
			{
				"id": 113002,
				"name": "Lightning Prism",
				"count": 2
			},
			{
				"id": 100022,
				"name": "Valberry",
				"count": 10
			},
			{
				"id": 112002,
				"name": "Slime Condensate",
				"count": 15
			}
		],
		"ascend3": [
			{
				"id": 202,
				"name": "Mora",
				"count": 60000
			},
			{
				"id": 104142,
				"name": "Vajrada Amethyst Fragment",
				"count": 6
			},
			{
				"id": 113002,
				"name": "Lightning Prism",
				"count": 4
			},
			{
				"id": 100022,
				"name": "Valberry",
				"count": 20
			},
			{
				"id": 112003,
				"name": "Slime Secretions",
				"count": 12
			}
		],
		"ascend4": [
			{
				"id": 202,
				"name": "Mora",
				"count": 80000
			},
			{
				"id": 104143,
				"name": "Vajrada Amethyst Chunk",
				"count": 3
			},
			{
				"id": 113002,
				"name": "Lightning Prism",
				"count": 8
			},
			{
				"id": 100022,
				"name": "Valberry",
				"count": 30
			},
			{
				"id": 112003,
				"name": "Slime Secretions",
				"count": 18
			}
		],
		"ascend5": [
			{
				"id": 202,
				"name": "Mora",
				"count": 100000
			},
			{
				"id": 104143,
				"name": "Vajrada Amethyst Chunk",
				"count": 6
			},
			{
				"id": 113002,
				"name": "Lightning Prism",
				"count": 12
			},
			{
				"id": 100022,
				"name": "Valberry",
				"count": 45
			},
			{
				"id": 112004,
				"name": "Slime Concentrate",
				"count": 12
			}
		],
		"ascend6": [
			{
				"id": 202,
				"name": "Mora",
				"count": 120000
			},
			{
				"id": 104144,
				"name": "Vajrada Amethyst Gemstone",
				"count": 6
			},
			{
				"id": 113002,
				"name": "Lightning Prism",
				"count": 20
			},
			{
				"id": 100022,
				"name": "Valberry",
				"count": 60
			},
			{
				"id": 112004,
				"name": "Slime Concentrate",
				"count": 24
			}
		]
	}
}