{
	"id": 10000084,
	"name": "Lyney",
	"title": "Spectacle of Phantasmagoria",
	"description": "A famed Fontainian magician who possesses great stage presence as well as gift of the gab. Audiences are enthralled by his exquisite skills, and they hang on to his every clever word.",
	"weaponType": "WEAPON_BOW",
	"weaponText": "Bow",
	"bodyType": "BODY_BOY",
	"gender": "Male",
	"qualityType": "QUALITY_ORANGE",
	"rarity": 5,
	"birthdaymmdd": "2/2",
	"birthday": "February 2",
	"elementType": "ELEMENT_PYRO",
	"elementText": "Pyro",
	"affiliation": "Hotel Bouffes d'ete",
	"associationType": "ASSOC_FONTAINE",
	"region": "Fontaine",
	"substatType": "FIGHT_PROP_CRITICAL",
	"substatText": "CRIT Rate",
	"constellation": "Felis Fuscus",
	"cv": {
		"english": "Daman Mills",
		"chinese": "锦鲤",
		"japanese": "下野紘",
		"korean": "Park Seong-yeong"
	},
	"costs": {
		"ascend1": [
			{
				"id": 202,
				"name": "Mora",
				"count": 20000
			},
			{
				"id": 104111,
				"name": "Agnidus Agate Sliver",
				"count": 1
			},
			{
				"id": 101236,
				"name": "Rainbow Rose",
				"count": 3
			},
			{
				"id": 112032,
				"name": "Recruit's Insignia",
				"count": 3
			}
		],
		"ascend2": [
			{
				"id": 202,
				"name": "Mora",
				"count": 40000
			},
			{
				"id": 104112,
				"name": "Agnidus Agate Fragment",
				"count": 3
			},
			{
				"id": 113051,
				"name": "Emperor's Resolution",
				"count": 2
			},
			{
				"id": 101236,
				"name": "Rainbow Rose",
				"count": 10
			},
			{
				"id": 112032,
				"name": "Recruit's Insignia",
				"count": 15
			}
		],
		"ascend3": [
			{
				"id": 202,
				"name": "Mora",
				"count": 60000
			},
			{
				"id": 104112,
				"name": "Agnidus Agate Fragment",
				"count": 6
			},
			{
				"id": 113051,
				"name": "Emperor's Resolution",
				"count": 4
			},
			{
				"id": 101236,
				"name": "Rainbow Rose",
				"count": 20
			},
			{
				"id": 112033,
				"name": "Sergeant's Insignia",
				"count": 12
			}
		],
		"ascend4": [
			{
				"id": 202,
				"name": "Mora",
				"count": 80000
			},
			{
				"id": 104113,
				"name": "Agnidus Agate Chunk",
				"count": 3
			},
			{
				"id": 113051,
				"name": "Emperor's Resolution",
				"count": 8
			},
			{
				"id": 101236,
				"name": "Rainbow Rose",
				"count": 30
			},
			{
				"id": 112033,
				"name": "Sergeant's Insignia",
				"count": 18
			}
		],
		"ascend5": [
			{
				"id": 202,
				"name": "Mora",
				"count": 100000
			},
			{
				"id": 104113,
				"name": "Agnidus Agate Chunk",
				"count": 6
			},
			{
				"id": 113051,
				"name": "Emperor's Resolution",
				"count": 12
			},
			{
				"id": 101236,
				"name": "Rainbow Rose",
				"count": 45
			},
			{
				"id": 112034,
				"name": "Lieutenant's Insignia",
				"count": 12
			}
		],
		"ascend6": [
			{
				"id": 202,
				"name": "Mora",
				"count": 120000
			},
			{
				"id": 104114,
				"name": "Agnidus Agate Gemstone",
				"count": 6
			},
			{
				"id": 113051,
				"name": "Emperor's Resolution",
				"count": 20
			},
			{
				"id": 101236,
				"name": "Rainbow Rose",
				"count": 60
			},
			{
				"id": 112034,
				"name": "Lieutenant's Insignia",
				"count": 24
			}
		]
	}
}