{
	"id": 10000083,
	"name": "Lynette",
	"title": "Elegance in the Shadows",
	"description": "A magic assistant of few words, her emotions are as inscrutable as any cat's.",
	"weaponType": "WEAPON_SWORD_ONE_HAND",
	"weaponText": "Sword",
	"bodyType": "BODY_GIRL",
	"gender": "Female",
	"qualityType": "QUALITY_PURPLE",
	"rarity": 4,
	"birthdaymmdd": "2/2",
	"birthday": "February 2",
	"elementType": "ELEMENT_ANEMO",
	"elementText": "Anemo",
	"affiliation": "Hotel Bouffes d'ete",
	"associationType": "ASSOC_FONTAINE",
	"region": "Fontaine",
	"substatType": "FIGHT_PROP_WIND_ADD_HURT",
	"substatText": "Anemo DMG Bonus",
	"constellation": "Felis Alba",
	"cv": {
		"english": "Anairis Quiñones",
		"chinese": "可可味",
		"japanese": "篠原侑",
		"korean": "Lee Serena"
	},
	"costs": {
		"ascend1": [
			{
				"id": 202,
				"name": "Mora",
				"count": 20000
			},
			{
				"id": 104151,
				"name": "Vayuda Turquoise Sliver",
				"count": 1
			},
			{
				"id": 101235,
				"name": "Lumidouce Bell",
				"count": 3
			},
			{
				"id": 112083,
				"name": "Meshing Gear",
				"count": 3
			}
		],
		"ascend2": [
			{
				"id": 202,
				"name": "Mora",
				"count": 40000
			},
			{
				"id": 104152,
				"name": "Vayuda Turquoise Fragment",
				"count": 3
			},
			{
				"id": 113049,
				"name": "Artificed Spare Clockwork Component — Coppelia",
				"count": 2
			},
			{
				"id": 101235,
				"name": "Lumidouce Bell",
				"count": 10
			},
			{
				"id": 112083,
				"name": "Meshing Gear",
				"count": 15
			}
		],
		"ascend3": [
			{
				"id": 202,
				"name": "Mora",
				"count": 60000
			},
			{
				"id": 104152,
				"name": "Vayuda Turquoise Fragment",
				"count": 6
			},
			{
				"id": 113049,
				"name": "Artificed Spare Clockwork Component — Coppelia",
				"count": 4
			},
			{
				"id": 101235,
				"name": "Lumidouce Bell",
				"count": 20
			},
			{
				"id": 112084,
				"name": "Mechanical Spur Gear",
				"count": 12
			}
		],
		"ascend4": [
			{
				"id": 202,
				"name": "Mora",
				"count": 80000
			},
			{
				"id": 104153,
				"name": "Vayuda Turquoise Chunk",
				"count": 3
			},
			{
				"id": 113049,
				"name": "Artificed Spare Clockwork Component — Coppelia",
				"count": 8
			},
			{
				"id": 101235,
				"name": "Lumidouce Bell",
				"count": 30
			},
			{
				"id": 112084,
				"name": "Mechanical Spur Gear",
				"count": 18
			}
		],
		"ascend5": [
			{
				"id": 202,
				"name": "Mora",
				"count": 100000
			},
			{
				"id": 104153,
				"name": "Vayuda Turquoise Chunk",
				"count": 6
			},
			{
				"id": 113049,
				"name": "Artificed Spare Clockwork Component — Coppelia",
				"count": 12
			},
			{
				"id": 101235,
				"name": "Lumidouce Bell",
				"count": 45
			},
			{
				"id": 112085,
				"name": "Artificed Dynamic Gear",
				"count": 12
			}
		],
		"ascend6": [
			{
				"id": 202,
				"name": "Mora",
				"count": 120000
			},
			{
				"id": 104154,
				"name": "Vayuda Turquoise Gemstone",
				"count": 6
			},
			{
				"id": 113049,
				"name": "Artificed Spare Clockwork Component — Coppelia",
				"count": 20
			},
			{
				"id": 101235,
				"name": "Lumidouce Bell",
				"count": 60
			},
			{
				"id": 112085,
				"name": "Artificed Dynamic Gear",
				"count": 24
			}
		]
	}
}