{
	"id": 10000106,
	"name": "Mavuika",
	"title": "Night-Igniting Flame",
	"description": "The leader of Natlan who inherited the Ancient Name of \"Kiongozi.\" She made a vow to illuminate the future of the nation of war with the Sacred Flame.",
	"weaponType": "WEAPON_CLAYMORE",
	"weaponText": "Claymore",
	"bodyType": "BODY_LADY",
	"gender": "Female",
	"qualityType": "QUALITY_ORANGE",
	"rarity": 5,
	"birthdaymmdd": "8/28",
	"birthday": "August 28",
	"elementType": "ELEMENT_PYRO",
	"elementText": "Pyro",
	"affiliation": "Huitztlan",
	"associationType": "ASSOC_NATLAN",
	"region": "Natlan",
	"substatType": "FIGHT_PROP_CRITICAL_HURT",
	"substatText": "CRIT DMG",
	"constellation": "Sol Invictus",
	"cv": {
		"english": "Katiana Sarkissian",
		"chinese": "李晔",
		"japanese": "小松未可子",
		"korean": "Kim Na-yul"
	},
	"costs": {
		"ascend1": [
			{
				"id": 202,
				"name": "Mora",
				"count": 20000
			},
			{
				"id": 104111,
				"name": "Agnidus Agate Sliver",
				"count": 1
			},
			{
				"id": 101253,
				"name": "Withering Purpurbloom",
				"count": 3
			},
			{
				"id": 112104,
				"name": "Sentry's Wooden Whistle",
				"count": 3
			}
		],
		"ascend2": [
			{
				"id": 202,
				"name": "Mora",
				"count": 40000
			},
			{
				"id": 104112,
				"name": "Agnidus Agate Fragment",
				"count": 3
			},
			{
				"id": 113066,
				"name": "Gold-Inscribed Secret Source Core",
				"count": 2
			},
			{
				"id": 101253,
				"name": "Withering Purpurbloom",
				"count": 10
			},
			{
				"id": 112104,
				"name": "Sentry's Wooden Whistle",
				"count": 15
			}
		],
		"ascend3": [
			{
				"id": 202,
				"name": "Mora",
				"count": 60000
			},
			{
				"id": 104112,
				"name": "Agnidus Agate Fragment",
				"count": 6
			},
			{
				"id": 113066,
				"name": "Gold-Inscribed Secret Source Core",
				"count": 4
			},
			{
				"id": 101253,
				"name": "Withering Purpurbloom",
				"count": 20
			},
			{
				"id": 112105,
				"name": "Warrior's Metal Whistle",
				"count": 12
			}
		],
		"ascend4": [
			{
				"id": 202,
				"name": "Mora",
				"count": 80000
			},
			{
				"id": 104113,
				"name": "Agnidus Agate Chunk",
				"count": 3
			},
			{
				"id": 113066,
				"name": "Gold-Inscribed Secret Source Core",
				"count": 8
			},
			{
				"id": 101253,
				"name": "Withering Purpurbloom",
				"count": 30
			},
			{
				"id": 112105,
				"name": "Warrior's Metal Whistle",
				"count": 18
			}
		],
		"ascend5": [
			{
				"id": 202,
				"name": "Mora",
				"count": 100000
			},
			{
				"id": 104113,
				"name": "Agnidus Agate Chunk",
				"count": 6
			},
			{
				"id": 113066,
				"name": "Gold-Inscribed Secret Source Core",
				"count": 12
			},
			{
				"id": 101253,
				"name": "Withering Purpurbloom",
				"count": 45
			},
			{
				"id": 112106,
				"name": "Saurian-Crowned Warrior's Golden Whistle",
				"count": 12
			}
		],
		"ascend6": [
			{
				"id": 202,
				"name": "Mora",
				"count": 120000
			},
			{
				"id": 104114,
				"name": "Agnidus Agate Gemstone",
				"count": 6
			},
			{
				"id": 113066,
				"name": "Gold-Inscribed Secret Source Core",
				"count": 20
			},
			{
				"id": 101253,
				"name": "Withering Purpurbloom",
				"count": 60
			},
			{
				"id": 112106,
				"name": "Saurian-Crowned Warrior's Golden Whistle",
				"count": 24
			}
		]
	}
}