{
	"id": 10000080,
	"name": "Mika",
	"title": "Coordinates of Clear Frost",
	"description": "A young knight born to an ordinary family. He serves as a Front-Line Surveyor in his Company. He is a low-key and cautious character.",
	"weaponType": "WEAPON_POLE",
	"weaponText": "Polearm",
	"bodyType": "BODY_BOY",
	"gender": "Male",
	"qualityType": "QUALITY_PURPLE",
	"rarity": 4,
	"birthdaymmdd": "8/11",
	"birthday": "August 11",
	"elementType": "ELEMENT_CRYO",
	"elementText": "Cryo",
	"affiliation": "Knights of Favonius",
	"associationType": "ASSOC_MONDSTADT",
	"region": "Mondstadt",
	"substatType": "FIGHT_PROP_HP_PERCENT",
	"substatText": "HP",
	"constellation": "Palumbus",
	"cv": {
		"english": "Robb Moreira",
		"chinese": "邓宥希",
		"japanese": "三瓶由布子",
		"korean": "Yoon Eun-seo"
	},
	"costs": {
		"ascend1": [
			{
				"id": 202,
				"name": "Mora",
				"count": 20000
			},
			{
				"id": 104161,
				"name": "Shivada Jade Sliver",
				"count": 1
			},
			{
				"id": 100021,
				"name": "Wolfhook",
				"count": 3
			},
			{
				"id": 112032,
				"name": "Recruit's Insignia",
				"count": 3
			}
		],
		"ascend2": [
			{
				"id": 202,
				"name": "Mora",
				"count": 40000
			},
			{
				"id": 104162,
				"name": "Shivada Jade Fragment",
				"count": 3
			},
			{
				"id": 113044,
				"name": "Pseudo-Stamens",
				"count": 2
			},
			{
				"id": 100021,
				"name": "Wolfhook",
				"count": 10
			},
			{
				"id": 112032,
				"name": "Recruit's Insignia",
				"count": 15
			}
		],
		"ascend3": [
			{
				"id": 202,
				"name": "Mora",
				"count": 60000
			},
			{
				"id": 104162,
				"name": "Shivada Jade Fragment",
				"count": 6
			},
			{
				"id": 113044,
				"name": "Pseudo-Stamens",
				"count": 4
			},
			{
				"id": 100021,
				"name": "Wolfhook",
				"count": 20
			},
			{
				"id": 112033,
				"name": "Sergeant's Insignia",
				"count": 12
			}
		],
		"ascend4": [
			{
				"id": 202,
				"name": "Mora",
				"count": 80000
			},
			{
				"id": 104163,
				"name": "Shivada Jade Chunk",
				"count": 3
			},
			{
				"id": 113044,
				"name": "Pseudo-Stamens",
				"count": 8
			},
			{
				"id": 100021,
				"name": "Wolfhook",
				"count": 30
			},
			{
				"id": 112033,
				"name": "Sergeant's Insignia",
				"count": 18
			}
		],
		"ascend5": [
			{
				"id": 202,
				"name": "Mora",
				"count": 100000
			},
			{
				"id": 104163,
				"name": "Shivada Jade Chunk",
				"count": 6
			},
			{
				"id": 113044,
				"name": "Pseudo-Stamens",
				"count": 12
			},
			{
				"id": 100021,
				"name": "Wolfhook",
				"count": 45
			},
			{
				"id": 112034,
				"name": "Lieutenant's Insignia",
				"count": 12
			}
		],
		"ascend6": [
			{
				"id": 202,
				"name": "Mora",
				"count": 120000
			},
			{
				"id": 104164,
				"name": "Shivada Jade Gemstone",
				"count": 6
			},
			{
				"id": 113044,
				"name": "Pseudo-Stamens",
				"count": 20
			},
			{
				"id": 100021,
				"name": "Wolfhook",
				"count": 60
			},
			{
				"id": 112034,
				"name": "Lieutenant's Insignia",
				"count": 24
			}
		]
	}
}