{
	"id": 10000102,
	"name": "Mualani",
	"title": "Splish-Splash Wavechaser",
	"description": "A well-known guide in Natlan who owns a watersports shop, and expert in all forms of wave-chasing.",
	"weaponType": "WEAPON_CATALYST",
	"weaponText": "Catalyst",
	"bodyType": "BODY_GIRL",
	"gender": "Female",
	"qualityType": "QUALITY_ORANGE",
	"rarity": 5,
	"birthdaymmdd": "8/3",
	"birthday": "August 3",
	"elementType": "ELEMENT_HYDRO",
	"elementText": "Hydro",
	"affiliation": "Meztli",
	"associationType": "ASSOC_NATLAN",
	"region": "Natlan",
	"substatType": "FIGHT_PROP_CRITICAL",
	"substatText": "CRIT Rate",
	"constellation": "Phoca Neomonachus",
	"cv": {
		"english": "Cassandra Lee Morris",
		"chinese": "王晓彤",
		"japanese": "東山奈央",
		"korean": "Kim Do-hee"
	},
	"costs": {
		"ascend1": [
			{
				"id": 202,
				"name": "Mora",
				"count": 20000
			},
			{
				"id": 104121,
				"name": "Varunada Lazurite Sliver",
				"count": 1
			},
			{
				"id": 101247,
				"name": "Sprayfeather Gill",
				"count": 3
			},
			{
				"id": 112104,
				"name": "Sentry's Wooden Whistle",
				"count": 3
			}
		],
		"ascend2": [
			{
				"id": 202,
				"name": "Mora",
				"count": 40000
			},
			{
				"id": 104122,
				"name": "Varunada Lazurite Fragment",
				"count": 3
			},
			{
				"id": 113064,
				"name": "Mark of the Binding Blessing",
				"count": 2
			},
			{
				"id": 101247,
				"name": "Sprayfeather Gill",
				"count": 10
			},
			{
				"id": 112104,
				"name": "Sentry's Wooden Whistle",
				"count": 15
			}
		],
		"ascend3": [
			{
				"id": 202,
				"name": "Mora",
				"count": 60000
			},
			{
				"id": 104122,
				"name": "Varunada Lazurite Fragment",
				"count": 6
			},
			{
				"id": 113064,
				"name": "Mark of the Binding Blessing",
				"count": 4
			},
			{
				"id": 101247,
				"name": "Sprayfeather Gill",
				"count": 20
			},
			{
				"id": 112105,
				"name": "Warrior's Metal Whistle",
				"count": 12
			}
		],
		"ascend4": [
			{
				"id": 202,
				"name": "Mora",
				"count": 80000
			},
			{
				"id": 104123,
				"name": "Varunada Lazurite Chunk",
				"count": 3
			},
			{
				"id": 113064,
				"name": "Mark of the Binding Blessing",
				"count": 8
			},
			{
				"id": 101247,
				"name": "Sprayfeather Gill",
				"count": 30
			},
			{
				"id": 112105,
				"name": "Warrior's Metal Whistle",
				"count": 18
			}
		],
		"ascend5": [
			{
				"id": 202,
				"name": "Mora",
				"count": 100000
			},
			{
				"id": 104123,
				"name": "Varunada Lazurite Chunk",
				"count": 6
			},
			{
				"id": 113064,
				"name": "Mark of the Binding Blessing",
				"count": 12
			},
			{
				"id": 101247,
				"name": "Sprayfeather Gill",
				"count": 45
			},
			{
				"id": 112106,
				"name": "Saurian-Crowned Warrior's Golden Whistle",
				"count": 12
			}
		],
		"ascend6": [
			{
				"id": 202,
				"name": "Mora",
				"count": 120000
			},
			{
				"id": 104124,
				"name": "Varunada Lazurite Gemstone",
				"count": 6
			},
			{
				"id": 113064,
				"name": "Mark of the Binding Blessing",
				"count": 20
			},
			{
				"id": 101247,
				"name": "Sprayfeather Gill",
				"count": 60
			},
			{
				"id": 112106,
				"name": "Saurian-Crowned Warrior's Golden Whistle",
				"count": 24
			}
		]
	}
}