{
	"id": 10000073,
	"name": "Nahida",
	"title": "Physic of Purity",
	"description": "A caged bird secluded within the confines of the Sanctuary of Surasthana who can only see the world in her dreams.",
	"weaponType": "WEAPON_CATALYST",
	"weaponText": "Catalyst",
	"bodyType": "BODY_LOLI",
	"gender": "Female",
	"qualityType": "QUALITY_ORANGE",
	"rarity": 5,
	"birthdaymmdd": "10/27",
	"birthday": "October 27",
	"elementType": "ELEMENT_DENDRO",
	"elementText": "Dendro",
	"affiliation": "Sumeru City",
	"associationType": "ASSOC_SUMERU",
	"region": "Sumeru",
	"substatType": "FIGHT_PROP_ELEMENT_MASTERY",
	"substatText": "Elemental Mastery",
	"constellation": "Sapientia Oromasdis",
	"cv": {
		"english": "Kimberley Anne Campbell",
		"chinese": "花玲",
		"japanese": "田村ゆかり",
		"korean": "Park Shi-yoon"
	},
	"costs": {
		"ascend1": [
			{
				"id": 202,
				"name": "Mora",
				"count": 20000
			},
			{
				"id": 104131,
				"name": "Nagadus Emerald Sliver",
				"count": 1
			},
			{
				"id": 101217,
				"name": "Kalpalata Lotus",
				"count": 3
			},
			{
				"id": 112059,
				"name": "Fungal Spores",
				"count": 3
			}
		],
		"ascend2": [
			{
				"id": 202,
				"name": "Mora",
				"count": 40000
			},
			{
				"id": 104132,
				"name": "Nagadus Emerald Fragment",
				"count": 3
			},
			{
				"id": 113040,
				"name": "Quelled Creeper",
				"count": 2
			},
			{
				"id": 101217,
				"name": "Kalpalata Lotus",
				"count": 10
			},
			{
				"id": 112059,
				"name": "Fungal Spores",
				"count": 15
			}
		],
		"ascend3": [
			{
				"id": 202,
				"name": "Mora",
				"count": 60000
			},
			{
				"id": 104132,
				"name": "Nagadus Emerald Fragment",
				"count": 6
			},
			{
				"id": 113040,
				"name": "Quelled Creeper",
				"count": 4
			},
			{
				"id": 101217,
				"name": "Kalpalata Lotus",
				"count": 20
			},
			{
				"id": 112060,
				"name": "Luminescent Pollen",
				"count": 12
			}
		],
		"ascend4": [
			{
				"id": 202,
				"name": "Mora",
				"count": 80000
			},
			{
				"id": 104133,
				"name": "Nagadus Emerald Chunk",
				"count": 3
			},
			{
				"id": 113040,
				"name": "Quelled Creeper",
				"count": 8
			},
			{
				"id": 101217,
				"name": "Kalpalata Lotus",
				"count": 30
			},
			{
				"id": 112060,
				"name": "Luminescent Pollen",
				"count": 18
			}
		],
		"ascend5": [
			{
				"id": 202,
				"name": "Mora",
				"count": 100000
			},
			{
				"id": 104133,
				"name": "Nagadus Emerald Chunk",
				"count": 6
			},
			{
				"id": 113040,
				"name": "Quelled Creeper",
				"count": 12
			},
			{
				"id": 101217,
				"name": "Kalpalata Lotus",
				"count": 45
			},
			{
				"id": 112061,
				"name": "Crystalline Cyst Dust",
				"count": 12
			}
		],
		"ascend6": [
			{
				"id": 202,
				"name": "Mora",
				"count": 120000
			},
			{
				"id": 104134,
				"name": "Nagadus Emerald Gemstone",
				"count": 6
			},
			{
				"id": 113040,
				"name": "Quelled Creeper",
				"count": 20
			},
			{
				"id": 101217,
				"name": "Kalpalata Lotus",
				"count": 60
			},
			{
				"id": 112061,
				"name": "Crystalline Cyst Dust",
				"count": 24
			}
		]
	}
}