{
	"id": 10000091,
	"name": "Navia",
	"title": "Helm of the Radiant Rose",
	"description": "The current President of Spina di Rosula, who is lovely, dutiful, and a great boss.",
	"weaponType": "WEAPON_CLAYMORE",
	"weaponText": "Claymore",
	"bodyType": "BODY_LADY",
	"gender": "Female",
	"qualityType": "QUALITY_ORANGE",
	"rarity": 5,
	"birthdaymmdd": "8/16",
	"birthday": "August 16",
	"elementType": "ELEMENT_GEO",
	"elementText": "Geo",
	"affiliation": "Spina di Rosula",
	"associationType": "ASSOC_FONTAINE",
	"region": "Fontaine",
	"substatType": "FIGHT_PROP_CRITICAL_HURT",
	"substatText": "CRIT DMG",
	"constellation": "Rosa Multiflora",
	"cv": {
		"english": "Brenna Larsen",
		"chinese": "小敢",
		"japanese": "豊崎愛生",
		"korean": "Jeong Hae-eun"
	},
	"costs": {
		"ascend1": [
			{
				"id": 202,
				"name": "Mora",
				"count": 20000
			},
			{
				"id": 104171,
				"name": "Prithiva Topaz Sliver",
				"count": 1
			},
			{
				"id": 101240,
				"name": "Spring of the First Dewdrop",
				"count": 3
			},
			{
				"id": 112080,
				"name": "Transoceanic Pearl",
				"count": 3
			}
		],
		"ascend2": [
			{
				"id": 202,
				"name": "Mora",
				"count": 40000
			},
			{
				"id": 104172,
				"name": "Prithiva Topaz Fragment",
				"count": 3
			},
			{
				"id": 113050,
				"name": "Artificed Spare Clockwork Component — Coppelius",
				"count": 2
			},
			{
				"id": 101240,
				"name": "Spring of the First Dewdrop",
				"count": 10
			},
			{
				"id": 112080,
				"name": "Transoceanic Pearl",
				"count": 15
			}
		],
		"ascend3": [
			{
				"id": 202,
				"name": "Mora",
				"count": 60000
			},
			{
				"id": 104172,
				"name": "Prithiva Topaz Fragment",
				"count": 6
			},
			{
				"id": 113050,
				"name": "Artificed Spare Clockwork Component — Coppelius",
				"count": 4
			},
			{
				"id": 101240,
				"name": "Spring of the First Dewdrop",
				"count": 20
			},
			{
				"id": 112081,
				"name": "Transoceanic Chunk",
				"count": 12
			}
		],
		"ascend4": [
			{
				"id": 202,
				"name": "Mora",
				"count": 80000
			},
			{
				"id": 104173,
				"name": "Prithiva Topaz Chunk",
				"count": 3
			},
			{
				"id": 113050,
				"name": "Artificed Spare Clockwork Component — Coppelius",
				"count": 8
			},
			{
				"id": 101240,
				"name": "Spring of the First Dewdrop",
				"count": 30
			},
			{
				"id": 112081,
				"name": "Transoceanic Chunk",
				"count": 18
			}
		],
		"ascend5": [
			{
				"id": 202,
				"name": "Mora",
				"count": 100000
			},
			{
				"id": 104173,
				"name": "Prithiva Topaz Chunk",
				"count": 6
			},
			{
				"id": 113050,
				"name": "Artificed Spare Clockwork Component — Coppelius",
				"count": 12
			},
			{
				"id": 101240,
				"name": "Spring of the First Dewdrop",
				"count": 45
			},
			{
				"id": 112082,
				"name": "Xenochromatic Crystal",
				"count": 12
			}
		],
		"ascend6": [
			{
				"id": 202,
				"name": "Mora",
				"count": 120000
			},
			{
				"id": 104174,
				"name": "Prithiva Topaz Gemstone",
				"count": 6
			},
			{
				"id": 113050,
				"name": "Artificed Spare Clockwork Component — Coppelius",
				"count": 20
			},
			{
				"id": 101240,
				"name": "Spring of the First Dewdrop",
				"count": 60
			},
			{
				"id": 112082,
				"name": "Xenochromatic Crystal",
				"count": 24
			}
		]
	}
}