{
	"id": 10000087,
	"name": "Neuvillette",
	"title": "Ordainer of Inexorable Judgment",
	"description": "The Chief Justice of Fontaine, known as the Iudex, is renowned for his unassailable impartiality.",
	"weaponType": "WEAPON_CATALYST",
	"weaponText": "Catalyst",
	"bodyType": "BODY_MALE",
	"gender": "Male",
	"qualityType": "QUALITY_ORANGE",
	"rarity": 5,
	"birthdaymmdd": "12/18",
	"birthday": "December 18",
	"elementType": "ELEMENT_HYDRO",
	"elementText": "Hydro",
	"affiliation": "Court of Fontaine",
	"associationType": "ASSOC_FONTAINE",
	"region": "Fontaine",
	"substatType": "FIGHT_PROP_CRITICAL_HURT",
	"substatText": "CRIT DMG",
	"constellation": "???",
	"cv": {
		"english": "Ray Chase",
		"chinese": "桑毓泽",
		"japanese": "神谷浩史",
		"korean": "Kwak Yoon-sang"
	},
	"costs": {
		"ascend1": [
			{
				"id": 202,
				"name": "Mora",
				"count": 20000
			},
			{
				"id": 104121,
				"name": "Varunada Lazurite Sliver",
				"count": 1
			},
			{
				"id": 101237,
				"name": "Lumitoile",
				"count": 3
			},
			{
				"id": 112080,
				"name": "Transoceanic Pearl",
				"count": 3
			}
		],
		"ascend2": [
			{
				"id": 202,
				"name": "Mora",
				"count": 40000
			},
			{
				"id": 104122,
				"name": "Varunada Lazurite Fragment",
				"count": 3
			},
			{
				"id": 113053,
				"name": "Fontemer Unihorn",
				"count": 2
			},
			{
				"id": 101237,
				"name": "Lumitoile",
				"count": 10
			},
			{
				"id": 112080,
				"name": "Transoceanic Pearl",
				"count": 15
			}
		],
		"ascend3": [
			{
				"id": 202,
				"name": "Mora",
				"count": 60000
			},
			{
				"id": 104122,
				"name": "Varunada Lazurite Fragment",
				"count": 6
			},
			{
				"id": 113053,
				"name": "Fontemer Unihorn",
				"count": 4
			},
			{
				"id": 101237,
				"name": "Lumitoile",
				"count": 20
			},
			{
				"id": 112081,
				"name": "Transoceanic Chunk",
				"count": 12
			}
		],
		"ascend4": [
			{
				"id": 202,
				"name": "Mora",
				"count": 80000
			},
			{
				"id": 104123,
				"name": "Varunada Lazurite Chunk",
				"count": 3
			},
			{
				"id": 113053,
				"name": "Fontemer Unihorn",
				"count": 8
			},
			{
				"id": 101237,
				"name": "Lumitoile",
				"count": 30
			},
			{
				"id": 112081,
				"name": "Transoceanic Chunk",
				"count": 18
			}
		],
		"ascend5": [
			{
				"id": 202,
				"name": "Mora",
				"count": 100000
			},
			{
				"id": 104123,
				"name": "Varunada Lazurite Chunk",
				"count": 6
			},
			{
				"id": 113053,
				"name": "Fontemer Unihorn",
				"count": 12
			},
			{
				"id": 101237,
				"name": "Lumitoile",
				"count": 45
			},
			{
				"id": 112082,
				"name": "Xenochromatic Crystal",
				"count": 12
			}
		],
		"ascend6": [
			{
				"id": 202,
				"name": "Mora",
				"count": 120000
			},
			{
				"id": 104124,
				"name": "Varunada Lazurite Gemstone",
				"count": 6
			},
			{
				"id": 113053,
				"name": "Fontemer Unihorn",
				"count": 20
			},
			{
				"id": 101237,
				"name": "Lumitoile",
				"count": 60
			},
			{
				"id": 112082,
				"name": "Xenochromatic Crystal",
				"count": 24
			}
		]
	}
}