{
	"id": 10000070,
	"name": "Nilou",
	"title": "Dance of Lotuslight",
	"description": "The star of the Zubayr Theater. She is full of warmth and innocence, and her dances are lively and elegant.",
	"weaponType": "WEAPON_SWORD_ONE_HAND",
	"weaponText": "Sword",
	"bodyType": "BODY_GIRL",
	"gender": "Female",
	"qualityType": "QUALITY_ORANGE",
	"rarity": 5,
	"birthdaymmdd": "12/3",
	"birthday": "December 3",
	"elementType": "ELEMENT_HYDRO",
	"elementText": "Hydro",
	"affiliation": "Zubayr Theater",
	"associationType": "ASSOC_SUMERU",
	"region": "Sumeru",
	"substatType": "FIGHT_PROP_HP_PERCENT",
	"substatText": "HP",
	"constellation": "Lotos Somno",
	"cv": {
		"english": "Dani Chambers",
		"chinese": "紫苏九月",
		"japanese": "金元寿子",
		"korean": "Chae Rim"
	},
	"costs": {
		"ascend1": [
			{
				"id": 202,
				"name": "Mora",
				"count": 20000
			},
			{
				"id": 104121,
				"name": "Varunada Lazurite Sliver",
				"count": 1
			},
			{
				"id": 101214,
				"name": "Padisarah",
				"count": 3
			},
			{
				"id": 112059,
				"name": "Fungal Spores",
				"count": 3
			}
		],
		"ascend2": [
			{
				"id": 202,
				"name": "Mora",
				"count": 40000
			},
			{
				"id": 104122,
				"name": "Varunada Lazurite Fragment",
				"count": 3
			},
			{
				"id": 113038,
				"name": "Perpetual Caliber",
				"count": 2
			},
			{
				"id": 101214,
				"name": "Padisarah",
				"count": 10
			},
			{
				"id": 112059,
				"name": "Fungal Spores",
				"count": 15
			}
		],
		"ascend3": [
			{
				"id": 202,
				"name": "Mora",
				"count": 60000
			},
			{
				"id": 104122,
				"name": "Varunada Lazurite Fragment",
				"count": 6
			},
			{
				"id": 113038,
				"name": "Perpetual Caliber",
				"count": 4
			},
			{
				"id": 101214,
				"name": "Padisarah",
				"count": 20
			},
			{
				"id": 112060,
				"name": "Luminescent Pollen",
				"count": 12
			}
		],
		"ascend4": [
			{
				"id": 202,
				"name": "Mora",
				"count": 80000
			},
			{
				"id": 104123,
				"name": "Varunada Lazurite Chunk",
				"count": 3
			},
			{
				"id": 113038,
				"name": "Perpetual Caliber",
				"count": 8
			},
			{
				"id": 101214,
				"name": "Padisarah",
				"count": 30
			},
			{
				"id": 112060,
				"name": "Luminescent Pollen",
				"count": 18
			}
		],
		"ascend5": [
			{
				"id": 202,
				"name": "Mora",
				"count": 100000
			},
			{
				"id": 104123,
				"name": "Varunada Lazurite Chunk",
				"count": 6
			},
			{
				"id": 113038,
				"name": "Perpetual Caliber",
				"count": 12
			},
			{
				"id": 101214,
				"name": "Padisarah",
				"count": 45
			},
			{
				"id": 112061,
				"name": "Crystalline Cyst Dust",
				"count": 12
			}
		],
		"ascend6": [
			{
				"id": 202,
				"name": "Mora",
				"count": 120000
			},
			{
				"id": 104124,
				"name": "Varunada Lazurite Gemstone",
				"count": 6
			},
			{
				"id": 113038,
				"name": "Perpetual Caliber",
				"count": 20
			},
			{
				"id": 101214,
				"name": "Padisarah",
				"count": 60
			},
			{
				"id": 112061,
				"name": "Crystalline Cyst Dust",
				"count": 24
			}
		]
	}
}