{
	"id": 10000027,
	"name": "Ningguang",
	"title": "Eclipsing Star",
	"description": "The Tianquan of the Liyue Qixing. Her wealth is unsurpassed in all of Teyvat.",
	"weaponType": "WEAPON_CATALYST",
	"weaponText": "Catalyst",
	"bodyType": "BODY_LADY",
	"gender": "Female",
	"qualityType": "QUALITY_PURPLE",
	"rarity": 4,
	"birthdaymmdd": "8/26",
	"birthday": "August 26",
	"elementType": "ELEMENT_GEO",
	"elementText": "Geo",
	"affiliation": "Liyue Qixing",
	"associationType": "ASSOC_LIYUE",
	"region": "Liyue",
	"substatType": "FIGHT_PROP_ROCK_ADD_HURT",
	"substatText": "Geo DMG Bonus",
	"constellation": "Opus Aequilibrium",
	"cv": {
		"english": "Erin Ebers",
		"chinese": "杜冥鸦",
		"japanese": "大原さやか",
		"korean": "Kwak Kyu-mi"
	},
	"costs": {
		"ascend1": [
			{
				"id": 202,
				"name": "Mora",
				"count": 20000
			},
			{
				"id": 104171,
				"name": "Prithiva Topaz Sliver",
				"count": 1
			},
			{
				"id": 100030,
				"name": "Glaze Lily",
				"count": 3
			},
			{
				"id": 112032,
				"name": "Recruit's Insignia",
				"count": 3
			}
		],
		"ascend2": [
			{
				"id": 202,
				"name": "Mora",
				"count": 40000
			},
			{
				"id": 104172,
				"name": "Prithiva Topaz Fragment",
				"count": 3
			},
			{
				"id": 113009,
				"name": "Basalt Pillar",
				"count": 2
			},
			{
				"id": 100030,
				"name": "Glaze Lily",
				"count": 10
			},
			{
				"id": 112032,
				"name": "Recruit's Insignia",
				"count": 15
			}
		],
		"ascend3": [
			{
				"id": 202,
				"name": "Mora",
				"count": 60000
			},
			{
				"id": 104172,
				"name": "Prithiva Topaz Fragment",
				"count": 6
			},
			{
				"id": 113009,
				"name": "Basalt Pillar",
				"count": 4
			},
			{
				"id": 100030,
				"name": "Glaze Lily",
				"count": 20
			},
			{
				"id": 112033,
				"name": "Sergeant's Insignia",
				"count": 12
			}
		],
		"ascend4": [
			{
				"id": 202,
				"name": "Mora",
				"count": 80000
			},
			{
				"id": 104173,
				"name": "Prithiva Topaz Chunk",
				"count": 3
			},
			{
				"id": 113009,
				"name": "Basalt Pillar",
				"count": 8
			},
			{
				"id": 100030,
				"name": "Glaze Lily",
				"count": 30
			},
			{
				"id": 112033,
				"name": "Sergeant's Insignia",
				"count": 18
			}
		],
		"ascend5": [
			{
				"id": 202,
				"name": "Mora",
				"count": 100000
			},
			{
				"id": 104173,
				"name": "Prithiva Topaz Chunk",
				"count": 6
			},
			{
				"id": 113009,
				"name": "Basalt Pillar",
				"count": 12
			},
			{
				"id": 100030,
				"name": "Glaze Lily",
				"count": 45
			},
			{
				"id": 112034,
				"name": "Lieutenant's Insignia",
				"count": 12
			}
		],
		"ascend6": [
			{
				"id": 202,
				"name": "Mora",
				"count": 120000
			},
			{
				"id": 104174,
				"name": "Prithiva Topaz Gemstone",
				"count": 6
			},
			{
				"id": 113009,
				"name": "Basalt Pillar",
				"count": 20
			},
			{
				"id": 100030,
				"name": "Glaze Lily",
				"count": 60
			},
			{
				"id": 112034,
				"name": "Lieutenant's Insignia",
				"count": 24
			}
		]
	}
}