{
	"id": 10000034,
	"name": "Noelle",
	"title": "Chivalric Blossom",
	"description": "A maid who faithfully serves the Knights of Favonius. She dreams of joining their ranks someday.",
	"weaponType": "WEAPON_CLAYMORE",
	"weaponText": "Claymore",
	"bodyType": "BODY_GIRL",
	"gender": "Female",
	"qualityType": "QUALITY_PURPLE",
	"rarity": 4,
	"birthdaymmdd": "3/21",
	"birthday": "March 21",
	"elementType": "ELEMENT_GEO",
	"elementText": "Geo",
	"affiliation": "Knights of Favonius",
	"associationType": "ASSOC_MONDSTADT",
	"region": "Mondstadt",
	"substatType": "FIGHT_PROP_DEFENSE_PERCENT",
	"substatText": "DEF",
	"constellation": "Parma Cordis",
	"cv": {
		"english": "Laura Faye Smith",
		"chinese": "宴宁",
		"japanese": "高尾奏音",
		"korean": "Lee Bo-hee"
	},
	"costs": {
		"ascend1": [
			{
				"id": 202,
				"name": "Mora",
				"count": 20000
			},
			{
				"id": 104171,
				"name": "Prithiva Topaz Sliver",
				"count": 1
			},
			{
				"id": 100022,
				"name": "Valberry",
				"count": 3
			},
			{
				"id": 112005,
				"name": "Damaged Mask",
				"count": 3
			}
		],
		"ascend2": [
			{
				"id": 202,
				"name": "Mora",
				"count": 40000
			},
			{
				"id": 104172,
				"name": "Prithiva Topaz Fragment",
				"count": 3
			},
			{
				"id": 113009,
				"name": "Basalt Pillar",
				"count": 2
			},
			{
				"id": 100022,
				"name": "Valberry",
				"count": 10
			},
			{
				"id": 112005,
				"name": "Damaged Mask",
				"count": 15
			}
		],
		"ascend3": [
			{
				"id": 202,
				"name": "Mora",
				"count": 60000
			},
			{
				"id": 104172,
				"name": "Prithiva Topaz Fragment",
				"count": 6
			},
			{
				"id": 113009,
				"name": "Basalt Pillar",
				"count": 4
			},
			{
				"id": 100022,
				"name": "Valberry",
				"count": 20
			},
			{
				"id": 112006,
				"name": "Stained Mask",
				"count": 12
			}
		],
		"ascend4": [
			{
				"id": 202,
				"name": "Mora",
				"count": 80000
			},
			{
				"id": 104173,
				"name": "Prithiva Topaz Chunk",
				"count": 3
			},
			{
				"id": 113009,
				"name": "Basalt Pillar",
				"count": 8
			},
			{
				"id": 100022,
				"name": "Valberry",
				"count": 30
			},
			{
				"id": 112006,
				"name": "Stained Mask",
				"count": 18
			}
		],
		"ascend5": [
			{
				"id": 202,
				"name": "Mora",
				"count": 100000
			},
			{
				"id": 104173,
				"name": "Prithiva Topaz Chunk",
				"count": 6
			},
			{
				"id": 113009,
				"name": "Basalt Pillar",
				"count": 12
			},
			{
				"id": 100022,
				"name": "Valberry",
				"count": 45
			},
			{
				"id": 112007,
				"name": "Ominous Mask",
				"count": 12
			}
		],
		"ascend6": [
			{
				"id": 202,
				"name": "Mora",
				"count": 120000
			},
			{
				"id": 104174,
				"name": "Prithiva Topaz Gemstone",
				"count": 6
			},
			{
				"id": 113009,
				"name": "Basalt Pillar",
				"count": 20
			},
			{
				"id": 100022,
				"name": "Valberry",
				"count": 60
			},
			{
				"id": 112007,
				"name": "Ominous Mask",
				"count": 24
			}
		]
	}
}