{
	"id": 10000105,
	"name": "Ororon",
	"title": "Shadow of the Night-Wind",
	"description": "A young man from the Masters of the Night-Wind who instead lives in the wild alongside all manner of life.",
	"weaponType": "WEAPON_BOW",
	"weaponText": "Bow",
	"bodyType": "BODY_MALE",
	"gender": "Male",
	"qualityType": "QUALITY_PURPLE",
	"rarity": 4,
	"birthdaymmdd": "10/14",
	"birthday": "October 14",
	"elementType": "ELEMENT_ELECTRO",
	"elementText": "Electro",
	"affiliation": "Mictlan",
	"associationType": "ASSOC_NATLAN",
	"region": "Natlan",
	"substatType": "FIGHT_PROP_ATTACK_PERCENT",
	"substatText": "ATK",
	"constellation": "Vampyrum Spectrum",
	"cv": {
		"english": "Nathan Nokes",
		"chinese": "梁达伟",
		"japanese": "近藤隆",
		"korean": "Seo Joung-ik"
	},
	"costs": {
		"ascend1": [
			{
				"id": 202,
				"name": "Mora",
				"count": 20000
			},
			{
				"id": 104141,
				"name": "Vajrada Amethyst Sliver",
				"count": 1
			},
			{
				"id": 101252,
				"name": "Glowing Hornshroom",
				"count": 3
			},
			{
				"id": 112101,
				"name": "Juvenile Fang",
				"count": 3
			}
		],
		"ascend2": [
			{
				"id": 202,
				"name": "Mora",
				"count": 40000
			},
			{
				"id": 104142,
				"name": "Vajrada Amethyst Fragment",
				"count": 3
			},
			{
				"id": 113064,
				"name": "Mark of the Binding Blessing",
				"count": 2
			},
			{
				"id": 101252,
				"name": "Glowing Hornshroom",
				"count": 10
			},
			{
				"id": 112101,
				"name": "Juvenile Fang",
				"count": 15
			}
		],
		"ascend3": [
			{
				"id": 202,
				"name": "Mora",
				"count": 60000
			},
			{
				"id": 104142,
				"name": "Vajrada Amethyst Fragment",
				"count": 6
			},
			{
				"id": 113064,
				"name": "Mark of the Binding Blessing",
				"count": 4
			},
			{
				"id": 101252,
				"name": "Glowing Hornshroom",
				"count": 20
			},
			{
				"id": 112102,
				"name": "Seasoned Fang",
				"count": 12
			}
		],
		"ascend4": [
			{
				"id": 202,
				"name": "Mora",
				"count": 80000
			},
			{
				"id": 104143,
				"name": "Vajrada Amethyst Chunk",
				"count": 3
			},
			{
				"id": 113064,
				"name": "Mark of the Binding Blessing",
				"count": 8
			},
			{
				"id": 101252,
				"name": "Glowing Hornshroom",
				"count": 30
			},
			{
				"id": 112102,
				"name": "Seasoned Fang",
				"count": 18
			}
		],
		"ascend5": [
			{
				"id": 202,
				"name": "Mora",
				"count": 100000
			},
			{
				"id": 104143,
				"name": "Vajrada Amethyst Chunk",
				"count": 6
			},
			{
				"id": 113064,
				"name": "Mark of the Binding Blessing",
				"count": 12
			},
			{
				"id": 101252,
				"name": "Glowing Hornshroom",
				"count": 45
			},
			{
				"id": 112103,
				"name": "Tyrant's Fang",
				"count": 12
			}
		],
		"ascend6": [
			{
				"id": 202,
				"name": "Mora",
				"count": 120000
			},
			{
				"id": 104144,
				"name": "Vajrada Amethyst Gemstone",
				"count": 6
			},
			{
				"id": 113064,
				"name": "Mark of the Binding Blessing",
				"count": 20
			},
			{
				"id": 101252,
				"name": "Glowing Hornshroom",
				"count": 60
			},
			{
				"id": 112103,
				"name": "Tyrant's Fang",
				"count": 24
			}
		]
	}
}