{
	"id": 10000035,
	"name": "Qiqi",
	"title": "Icy Resurrection",
	"description": "An apprentice and herb gatherer at Bubu Pharmacy. An undead with a bone-white complexion, she seldom has much in the way of words or emotion.",
	"weaponType": "WEAPON_SWORD_ONE_HAND",
	"weaponText": "Sword",
	"bodyType": "BODY_LOLI",
	"gender": "Female",
	"qualityType": "QUALITY_ORANGE",
	"rarity": 5,
	"birthdaymmdd": "3/3",
	"birthday": "March 3",
	"elementType": "ELEMENT_CRYO",
	"elementText": "Cryo",
	"affiliation": "Bubu Pharmacy",
	"associationType": "ASSOC_LIYUE",
	"region": "Liyue",
	"substatType": "FIGHT_PROP_HEAL_ADD",
	"substatText": "Healing Bonus",
	"constellation": "Pristina Nola",
	"cv": {
		"english": "Christie Cate",
		"chinese": "宴宁",
		"japanese": "田村ゆかり",
		"korean": "Lee Seul"
	},
	"costs": {
		"ascend1": [
			{
				"id": 202,
				"name": "Mora",
				"count": 20000
			},
			{
				"id": 104161,
				"name": "Shivada Jade Sliver",
				"count": 1
			},
			{
				"id": 100034,
				"name": "Violetgrass",
				"count": 3
			},
			{
				"id": 112008,
				"name": "Divining Scroll",
				"count": 3
			}
		],
		"ascend2": [
			{
				"id": 202,
				"name": "Mora",
				"count": 40000
			},
			{
				"id": 104162,
				"name": "Shivada Jade Fragment",
				"count": 3
			},
			{
				"id": 113010,
				"name": "Hoarfrost Core",
				"count": 2
			},
			{
				"id": 100034,
				"name": "Violetgrass",
				"count": 10
			},
			{
				"id": 112008,
				"name": "Divining Scroll",
				"count": 15
			}
		],
		"ascend3": [
			{
				"id": 202,
				"name": "Mora",
				"count": 60000
			},
			{
				"id": 104162,
				"name": "Shivada Jade Fragment",
				"count": 6
			},
			{
				"id": 113010,
				"name": "Hoarfrost Core",
				"count": 4
			},
			{
				"id": 100034,
				"name": "Violetgrass",
				"count": 20
			},
			{
				"id": 112009,
				"name": "Sealed Scroll",
				"count": 12
			}
		],
		"ascend4": [
			{
				"id": 202,
				"name": "Mora",
				"count": 80000
			},
			{
				"id": 104163,
				"name": "Shivada Jade Chunk",
				"count": 3
			},
			{
				"id": 113010,
				"name": "Hoarfrost Core",
				"count": 8
			},
			{
				"id": 100034,
				"name": "Violetgrass",
				"count": 30
			},
			{
				"id": 112009,
				"name": "Sealed Scroll",
				"count": 18
			}
		],
		"ascend5": [
			{
				"id": 202,
				"name": "Mora",
				"count": 100000
			},
			{
				"id": 104163,
				"name": "Shivada Jade Chunk",
				"count": 6
			},
			{
				"id": 113010,
				"name": "Hoarfrost Core",
				"count": 12
			},
			{
				"id": 100034,
				"name": "Violetgrass",
				"count": 45
			},
			{
				"id": 112010,
				"name": "Forbidden Curse Scroll",
				"count": 12
			}
		],
		"ascend6": [
			{
				"id": 202,
				"name": "Mora",
				"count": 120000
			},
			{
				"id": 104164,
				"name": "Shivada Jade Gemstone",
				"count": 6
			},
			{
				"id": 113010,
				"name": "Hoarfrost Core",
				"count": 20
			},
			{
				"id": 100034,
				"name": "Violetgrass",
				"count": 60
			},
			{
				"id": 112010,
				"name": "Forbidden Curse Scroll",
				"count": 24
			}
		]
	}
}