{
	"id": 10000052,
	"name": "Raiden Shogun",
	"title": "Plane of Euthymia",
	"description": "Her Excellency, the Almighty Narukami Ogosho, who promised the people of Inazuma an unchanging Eternity.",
	"weaponType": "WEAPON_POLE",
	"weaponText": "Polearm",
	"bodyType": "BODY_LADY",
	"gender": "Female",
	"qualityType": "QUALITY_ORANGE",
	"rarity": 5,
	"birthdaymmdd": "6/26",
	"birthday": "June 26",
	"elementType": "ELEMENT_ELECTRO",
	"elementText": "Electro",
	"affiliation": "Inazuma City",
	"associationType": "ASSOC_INAZUMA",
	"region": "Inazuma",
	"substatType": "FIGHT_PROP_CHARGE_EFFICIENCY",
	"substatText": "Energy Recharge",
	"constellation": "Imperatrix Umbrosa",
	"cv": {
		"english": "Anne Yatco",
		"chinese": "菊花花",
		"japanese": "沢城みゆき",
		"korean": "Park Ji-yoon"
	},
	"costs": {
		"ascend1": [
			{
				"id": 202,
				"name": "Mora",
				"count": 20000
			},
			{
				"id": 104141,
				"name": "Vajrada Amethyst Sliver",
				"count": 1
			},
			{
				"id": 101208,
				"name": "Amakumo Fruit",
				"count": 3
			},
			{
				"id": 112044,
				"name": "Old Handguard",
				"count": 3
			}
		],
		"ascend2": [
			{
				"id": 202,
				"name": "Mora",
				"count": 40000
			},
			{
				"id": 104142,
				"name": "Vajrada Amethyst Fragment",
				"count": 3
			},
			{
				"id": 113029,
				"name": "Storm Beads",
				"count": 2
			},
			{
				"id": 101208,
				"name": "Amakumo Fruit",
				"count": 10
			},
			{
				"id": 112044,
				"name": "Old Handguard",
				"count": 15
			}
		],
		"ascend3": [
			{
				"id": 202,
				"name": "Mora",
				"count": 60000
			},
			{
				"id": 104142,
				"name": "Vajrada Amethyst Fragment",
				"count": 6
			},
			{
				"id": 113029,
				"name": "Storm Beads",
				"count": 4
			},
			{
				"id": 101208,
				"name": "Amakumo Fruit",
				"count": 20
			},
			{
				"id": 112045,
				"name": "Kageuchi Handguard",
				"count": 12
			}
		],
		"ascend4": [
			{
				"id": 202,
				"name": "Mora",
				"count": 80000
			},
			{
				"id": 104143,
				"name": "Vajrada Amethyst Chunk",
				"count": 3
			},
			{
				"id": 113029,
				"name": "Storm Beads",
				"count": 8
			},
			{
				"id": 101208,
				"name": "Amakumo Fruit",
				"count": 30
			},
			{
				"id": 112045,
				"name": "Kageuchi Handguard",
				"count": 18
			}
		],
		"ascend5": [
			{
				"id": 202,
				"name": "Mora",
				"count": 100000
			},
			{
				"id": 104143,
				"name": "Vajrada Amethyst Chunk",
				"count": 6
			},
			{
				"id": 113029,
				"name": "Storm Beads",
				"count": 12
			},
			{
				"id": 101208,
				"name": "Amakumo Fruit",
				"count": 45
			},
			{
				"id": 112046,
				"name": "Famed Handguard",
				"count": 12
			}
		],
		"ascend6": [
			{
				"id": 202,
				"name": "Mora",
				"count": 120000
			},
			{
				"id": 104144,
				"name": "Vajrada Amethyst Gemstone",
				"count": 6
			},
			{
				"id": 113029,
				"name": "Storm Beads",
				"count": 20
			},
			{
				"id": 101208,
				"name": "Amakumo Fruit",
				"count": 60
			},
			{
				"id": 112046,
				"name": "Famed Handguard",
				"count": 24
			}
		]
	}
}