{
	"id": 10000020,
	"name": "Razor",
	"title": "Wolf Boy",
	"description": "A boy who lives among the wolves in Wolvendom of Mondstadt, away from human civilization. As agile as lightning.",
	"weaponType": "WEAPON_CLAYMORE",
	"weaponText": "Claymore",
	"bodyType": "BODY_BOY",
	"gender": "Male",
	"qualityType": "QUALITY_PURPLE",
	"rarity": 4,
	"birthdaymmdd": "9/9",
	"birthday": "September 9",
	"elementType": "ELEMENT_ELECTRO",
	"elementText": "Electro",
	"affiliation": "Wolvendom",
	"associationType": "ASSOC_MONDSTADT",
	"region": "Mondstadt",
	"substatType": "FIGHT_PROP_PHYSICAL_ADD_HURT",
	"substatText": "Physical DMG Bonus",
	"constellation": "Lupus Minor",
	"cv": {
		"english": "Todd Haberkorn",
		"chinese": "周帅",
		"japanese": "内山昂輝",
		"korean": "Kim Seo-young"
	},
	"costs": {
		"ascend1": [
			{
				"id": 202,
				"name": "Mora",
				"count": 20000
			},
			{
				"id": 104141,
				"name": "Vajrada Amethyst Sliver",
				"count": 1
			},
			{
				"id": 100021,
				"name": "Wolfhook",
				"count": 3
			},
			{
				"id": 112005,
				"name": "Damaged Mask",
				"count": 3
			}
		],
		"ascend2": [
			{
				"id": 202,
				"name": "Mora",
				"count": 40000
			},
			{
				"id": 104142,
				"name": "Vajrada Amethyst Fragment",
				"count": 3
			},
			{
				"id": 113002,
				"name": "Lightning Prism",
				"count": 2
			},
			{
				"id": 100021,
				"name": "Wolfhook",
				"count": 10
			},
			{
				"id": 112005,
				"name": "Damaged Mask",
				"count": 15
			}
		],
		"ascend3": [
			{
				"id": 202,
				"name": "Mora",
				"count": 60000
			},
			{
				"id": 104142,
				"name": "Vajrada Amethyst Fragment",
				"count": 6
			},
			{
				"id": 113002,
				"name": "Lightning Prism",
				"count": 4
			},
			{
				"id": 100021,
				"name": "Wolfhook",
				"count": 20
			},
			{
				"id": 112006,
				"name": "Stained Mask",
				"count": 12
			}
		],
		"ascend4": [
			{
				"id": 202,
				"name": "Mora",
				"count": 80000
			},
			{
				"id": 104143,
				"name": "Vajrada Amethyst Chunk",
				"count": 3
			},
			{
				"id": 113002,
				"name": "Lightning Prism",
				"count": 8
			},
			{
				"id": 100021,
				"name": "Wolfhook",
				"count": 30
			},
			{
				"id": 112006,
				"name": "Stained Mask",
				"count": 18
			}
		],
		"ascend5": [
			{
				"id": 202,
				"name": "Mora",
				"count": 100000
			},
			{
				"id": 104143,
				"name": "Vajrada Amethyst Chunk",
				"count": 6
			},
			{
				"id": 113002,
				"name": "Lightning Prism",
				"count": 12
			},
			{
				"id": 100021,
				"name": "Wolfhook",
				"count": 45
			},
			{
				"id": 112007,
				"name": "Ominous Mask",
				"count": 12
			}
		],
		"ascend6": [
			{
				"id": 202,
				"name": "Mora",
				"count": 120000
			},
			{
				"id": 104144,
				"name": "Vajrada Amethyst Gemstone",
				"count": 6
			},
			{
				"id": 113002,
				"name": "Lightning Prism",
				"count": 20
			},
			{
				"id": 100021,
				"name": "Wolfhook",
				"count": 60
			},
			{
				"id": 112007,
				"name": "Ominous Mask",
				"count": 24
			}
		]
	}
}