{
	"id": 10000045,
	"name": "Rosaria",
	"title": "Thorny Benevolence",
	"description": "A sister of the church, though you wouldn't know it if it weren't for her attire. Known for her sharp, cold words and manner, she often works alone.",
	"weaponType": "WEAPON_POLE",
	"weaponText": "Polearm",
	"bodyType": "BODY_LADY",
	"gender": "Female",
	"qualityType": "QUALITY_PURPLE",
	"rarity": 4,
	"birthdaymmdd": "1/24",
	"birthday": "January 24",
	"elementType": "ELEMENT_CRYO",
	"elementText": "Cryo",
	"affiliation": "Church of Favonius",
	"associationType": "ASSOC_MONDSTADT",
	"region": "Mondstadt",
	"substatType": "FIGHT_PROP_ATTACK_PERCENT",
	"substatText": "ATK",
	"constellation": "Spinea Corona",
	"cv": {
		"english": "Elizabeth Maxwell",
		"chinese": "张安琪",
		"japanese": "加隈亜衣",
		"korean": "Kim Bo-na"
	},
	"costs": {
		"ascend1": [
			{
				"id": 202,
				"name": "Mora",
				"count": 20000
			},
			{
				"id": 104161,
				"name": "Shivada Jade Sliver",
				"count": 1
			},
			{
				"id": 100022,
				"name": "Valberry",
				"count": 3
			},
			{
				"id": 112032,
				"name": "Recruit's Insignia",
				"count": 3
			}
		],
		"ascend2": [
			{
				"id": 202,
				"name": "Mora",
				"count": 40000
			},
			{
				"id": 104162,
				"name": "Shivada Jade Fragment",
				"count": 3
			},
			{
				"id": 113010,
				"name": "Hoarfrost Core",
				"count": 2
			},
			{
				"id": 100022,
				"name": "Valberry",
				"count": 10
			},
			{
				"id": 112032,
				"name": "Recruit's Insignia",
				"count": 15
			}
		],
		"ascend3": [
			{
				"id": 202,
				"name": "Mora",
				"count": 60000
			},
			{
				"id": 104162,
				"name": "Shivada Jade Fragment",
				"count": 6
			},
			{
				"id": 113010,
				"name": "Hoarfrost Core",
				"count": 4
			},
			{
				"id": 100022,
				"name": "Valberry",
				"count": 20
			},
			{
				"id": 112033,
				"name": "Sergeant's Insignia",
				"count": 12
			}
		],
		"ascend4": [
			{
				"id": 202,
				"name": "Mora",
				"count": 80000
			},
			{
				"id": 104163,
				"name": "Shivada Jade Chunk",
				"count": 3
			},
			{
				"id": 113010,
				"name": "Hoarfrost Core",
				"count": 8
			},
			{
				"id": 100022,
				"name": "Valberry",
				"count": 30
			},
			{
				"id": 112033,
				"name": "Sergeant's Insignia",
				"count": 18
			}
		],
		"ascend5": [
			{
				"id": 202,
				"name": "Mora",
				"count": 100000
			},
			{
				"id": 104163,
				"name": "Shivada Jade Chunk",
				"count": 6
			},
			{
				"id": 113010,
				"name": "Hoarfrost Core",
				"count": 12
			},
			{
				"id": 100022,
				"name": "Valberry",
				"count": 45
			},
			{
				"id": 112034,
				"name": "Lieutenant's Insignia",
				"count": 12
			}
		],
		"ascend6": [
			{
				"id": 202,
				"name": "Mora",
				"count": 120000
			},
			{
				"id": 104164,
				"name": "Shivada Jade Gemstone",
				"count": 6
			},
			{
				"id": 113010,
				"name": "Hoarfrost Core",
				"count": 20
			},
			{
				"id": 100022,
				"name": "Valberry",
				"count": 60
			},
			{
				"id": 112034,
				"name": "Lieutenant's Insignia",
				"count": 24
			}
		]
	}
}