{
	"id": 10000054,
	"name": "Sangonomiya Kokomi",
	"title": "Pearl of Wisdom",
	"description": "The Divine Priestess of Watatsumi Island. All of the island's affairs are at this young lady's fingertips.",
	"weaponType": "WEAPON_CATALYST",
	"weaponText": "Catalyst",
	"bodyType": "BODY_GIRL",
	"gender": "Female",
	"qualityType": "QUALITY_ORANGE",
	"rarity": 5,
	"birthdaymmdd": "2/22",
	"birthday": "February 22",
	"elementType": "ELEMENT_HYDRO",
	"elementText": "Hydro",
	"affiliation": "Watatsumi Island",
	"associationType": "ASSOC_INAZUMA",
	"region": "Inazuma",
	"substatType": "FIGHT_PROP_WATER_ADD_HURT",
	"substatText": "Hydro DMG Bonus",
	"constellation": "Dracaena Somnolenta",
	"cv": {
		"english": "Risa Mei",
		"chinese": "龟娘",
		"japanese": "三森すずこ",
		"korean": "Yeo Yoon-mi"
	},
	"costs": {
		"ascend1": [
			{
				"id": 202,
				"name": "Mora",
				"count": 20000
			},
			{
				"id": 104121,
				"name": "Varunada Lazurite Sliver",
				"count": 1
			},
			{
				"id": 101207,
				"name": "Sango Pearl",
				"count": 3
			},
			{
				"id": 112053,
				"name": "Spectral Husk",
				"count": 3
			}
		],
		"ascend2": [
			{
				"id": 202,
				"name": "Mora",
				"count": 40000
			},
			{
				"id": 104122,
				"name": "Varunada Lazurite Fragment",
				"count": 3
			},
			{
				"id": 113028,
				"name": "Dew of Repudiation",
				"count": 2
			},
			{
				"id": 101207,
				"name": "Sango Pearl",
				"count": 10
			},
			{
				"id": 112053,
				"name": "Spectral Husk",
				"count": 15
			}
		],
		"ascend3": [
			{
				"id": 202,
				"name": "Mora",
				"count": 60000
			},
			{
				"id": 104122,
				"name": "Varunada Lazurite Fragment",
				"count": 6
			},
			{
				"id": 113028,
				"name": "Dew of Repudiation",
				"count": 4
			},
			{
				"id": 101207,
				"name": "Sango Pearl",
				"count": 20
			},
			{
				"id": 112054,
				"name": "Spectral Heart",
				"count": 12
			}
		],
		"ascend4": [
			{
				"id": 202,
				"name": "Mora",
				"count": 80000
			},
			{
				"id": 104123,
				"name": "Varunada Lazurite Chunk",
				"count": 3
			},
			{
				"id": 113028,
				"name": "Dew of Repudiation",
				"count": 8
			},
			{
				"id": 101207,
				"name": "Sango Pearl",
				"count": 30
			},
			{
				"id": 112054,
				"name": "Spectral Heart",
				"count": 18
			}
		],
		"ascend5": [
			{
				"id": 202,
				"name": "Mora",
				"count": 100000
			},
			{
				"id": 104123,
				"name": "Varunada Lazurite Chunk",
				"count": 6
			},
			{
				"id": 113028,
				"name": "Dew of Repudiation",
				"count": 12
			},
			{
				"id": 101207,
				"name": "Sango Pearl",
				"count": 45
			},
			{
				"id": 112055,
				"name": "Spectral Nucleus",
				"count": 12
			}
		],
		"ascend6": [
			{
				"id": 202,
				"name": "Mora",
				"count": 120000
			},
			{
				"id": 104124,
				"name": "Varunada Lazurite Gemstone",
				"count": 6
			},
			{
				"id": 113028,
				"name": "Dew of Repudiation",
				"count": 20
			},
			{
				"id": 101207,
				"name": "Sango Pearl",
				"count": 60
			},
			{
				"id": 112055,
				"name": "Spectral Nucleus",
				"count": 24
			}
		]
	}
}