{
	"id": 10000053,
	"name": "Sayu",
	"title": "Mujina Ninja",
	"description": "A pint-sized ninja attached to the Shuumatsuban, who always seems sleep-deprived.",
	"weaponType": "WEAPON_CLAYMORE",
	"weaponText": "Claymore",
	"bodyType": "BODY_LOLI",
	"gender": "Female",
	"qualityType": "QUALITY_PURPLE",
	"rarity": 4,
	"birthdaymmdd": "10/19",
	"birthday": "October 19",
	"elementType": "ELEMENT_ANEMO",
	"elementText": "Anemo",
	"affiliation": "Shuumatsuban",
	"associationType": "ASSOC_INAZUMA",
	"region": "Inazuma",
	"substatType": "FIGHT_PROP_ELEMENT_MASTERY",
	"substatText": "Elemental Mastery",
	"constellation": "Nyctereutes Minor",
	"cv": {
		"english": "Lilypichu (Lily Ki)",
		"chinese": "Sakula小舞",
		"japanese": "洲崎綾",
		"korean": "Lee Ji-hyeon"
	},
	"costs": {
		"ascend1": [
			{
				"id": 202,
				"name": "Mora",
				"count": 20000
			},
			{
				"id": 104151,
				"name": "Vayuda Turquoise Sliver",
				"count": 1
			},
			{
				"id": 101203,
				"name": "Crystal Marrow",
				"count": 3
			},
			{
				"id": 112038,
				"name": "Whopperflower Nectar",
				"count": 3
			}
		],
		"ascend2": [
			{
				"id": 202,
				"name": "Mora",
				"count": 40000
			},
			{
				"id": 104152,
				"name": "Vayuda Turquoise Fragment",
				"count": 3
			},
			{
				"id": 113022,
				"name": "Marionette Core",
				"count": 2
			},
			{
				"id": 101203,
				"name": "Crystal Marrow",
				"count": 10
			},
			{
				"id": 112038,
				"name": "Whopperflower Nectar",
				"count": 15
			}
		],
		"ascend3": [
			{
				"id": 202,
				"name": "Mora",
				"count": 60000
			},
			{
				"id": 104152,
				"name": "Vayuda Turquoise Fragment",
				"count": 6
			},
			{
				"id": 113022,
				"name": "Marionette Core",
				"count": 4
			},
			{
				"id": 101203,
				"name": "Crystal Marrow",
				"count": 20
			},
			{
				"id": 112039,
				"name": "Shimmering Nectar",
				"count": 12
			}
		],
		"ascend4": [
			{
				"id": 202,
				"name": "Mora",
				"count": 80000
			},
			{
				"id": 104153,
				"name": "Vayuda Turquoise Chunk",
				"count": 3
			},
			{
				"id": 113022,
				"name": "Marionette Core",
				"count": 8
			},
			{
				"id": 101203,
				"name": "Crystal Marrow",
				"count": 30
			},
			{
				"id": 112039,
				"name": "Shimmering Nectar",
				"count": 18
			}
		],
		"ascend5": [
			{
				"id": 202,
				"name": "Mora",
				"count": 100000
			},
			{
				"id": 104153,
				"name": "Vayuda Turquoise Chunk",
				"count": 6
			},
			{
				"id": 113022,
				"name": "Marionette Core",
				"count": 12
			},
			{
				"id": 101203,
				"name": "Crystal Marrow",
				"count": 45
			},
			{
				"id": 112040,
				"name": "Energy Nectar",
				"count": 12
			}
		],
		"ascend6": [
			{
				"id": 202,
				"name": "Mora",
				"count": 120000
			},
			{
				"id": 104154,
				"name": "Vayuda Turquoise Gemstone",
				"count": 6
			},
			{
				"id": 113022,
				"name": "Marionette Core",
				"count": 20
			},
			{
				"id": 101203,
				"name": "Crystal Marrow",
				"count": 60
			},
			{
				"id": 112040,
				"name": "Energy Nectar",
				"count": 24
			}
		]
	}
}