{
	"id": 10000097,
	"name": "Sethos",
	"title": "Wisdom's Measure",
	"description": "The Temple of Silence's heir. Burdened with secrets, he comes from the sands.",
	"weaponType": "WEAPON_BOW",
	"weaponText": "Bow",
	"bodyType": "BODY_BOY",
	"gender": "Male",
	"qualityType": "QUALITY_PURPLE",
	"rarity": 4,
	"birthdaymmdd": "5/31",
	"birthday": "May 31",
	"elementType": "ELEMENT_ELECTRO",
	"elementText": "Electro",
	"affiliation": "Temple of Silence",
	"associationType": "ASSOC_SUMERU",
	"region": "Sumeru",
	"substatType": "FIGHT_PROP_ELEMENT_MASTERY",
	"substatText": "Elemental Mastery",
	"constellation": "Basileos Delta",
	"cv": {
		"english": "Zeno Robinson",
		"chinese": "李兰陵",
		"japanese": "千葉翔也",
		"korean": "Kim Dong-hyun"
	},
	"costs": {
		"ascend1": [
			{
				"id": 202,
				"name": "Mora",
				"count": 20000
			},
			{
				"id": 104141,
				"name": "Vajrada Amethyst Sliver",
				"count": 1
			},
			{
				"id": 101224,
				"name": "Trishiraite",
				"count": 3
			},
			{
				"id": 112065,
				"name": "Faded Red Satin",
				"count": 3
			}
		],
		"ascend2": [
			{
				"id": 202,
				"name": "Mora",
				"count": 40000
			},
			{
				"id": 104142,
				"name": "Vajrada Amethyst Fragment",
				"count": 3
			},
			{
				"id": 113058,
				"name": "Cloudseam Scale",
				"count": 2
			},
			{
				"id": 101224,
				"name": "Trishiraite",
				"count": 10
			},
			{
				"id": 112065,
				"name": "Faded Red Satin",
				"count": 15
			}
		],
		"ascend3": [
			{
				"id": 202,
				"name": "Mora",
				"count": 60000
			},
			{
				"id": 104142,
				"name": "Vajrada Amethyst Fragment",
				"count": 6
			},
			{
				"id": 113058,
				"name": "Cloudseam Scale",
				"count": 4
			},
			{
				"id": 101224,
				"name": "Trishiraite",
				"count": 20
			},
			{
				"id": 112066,
				"name": "Trimmed Red Silk",
				"count": 12
			}
		],
		"ascend4": [
			{
				"id": 202,
				"name": "Mora",
				"count": 80000
			},
			{
				"id": 104143,
				"name": "Vajrada Amethyst Chunk",
				"count": 3
			},
			{
				"id": 113058,
				"name": "Cloudseam Scale",
				"count": 8
			},
			{
				"id": 101224,
				"name": "Trishiraite",
				"count": 30
			},
			{
				"id": 112066,
				"name": "Trimmed Red Silk",
				"count": 18
			}
		],
		"ascend5": [
			{
				"id": 202,
				"name": "Mora",
				"count": 100000
			},
			{
				"id": 104143,
				"name": "Vajrada Amethyst Chunk",
				"count": 6
			},
			{
				"id": 113058,
				"name": "Cloudseam Scale",
				"count": 12
			},
			{
				"id": 101224,
				"name": "Trishiraite",
				"count": 45
			},
			{
				"id": 112067,
				"name": "Rich Red Brocade",
				"count": 12
			}
		],
		"ascend6": [
			{
				"id": 202,
				"name": "Mora",
				"count": 120000
			},
			{
				"id": 104144,
				"name": "Vajrada Amethyst Gemstone",
				"count": 6
			},
			{
				"id": 113058,
				"name": "Cloudseam Scale",
				"count": 20
			},
			{
				"id": 101224,
				"name": "Trishiraite",
				"count": 60
			},
			{
				"id": 112067,
				"name": "Rich Red Brocade",
				"count": 24
			}
		]
	}
}