{
	"id": 10000063,
	"name": "Shenhe",
	"title": "Lonesome Transcendence",
	"description": "An adepti disciple with a most unusual air about her. Having spent much time cultivating in isolation in Liyue's mountains, she has become every bit as cool and distant as the adepti themselves.",
	"weaponType": "WEAPON_POLE",
	"weaponText": "Polearm",
	"bodyType": "BODY_LADY",
	"gender": "Female",
	"qualityType": "QUALITY_ORANGE",
	"rarity": 5,
	"birthdaymmdd": "3/10",
	"birthday": "March 10",
	"elementType": "ELEMENT_CRYO",
	"elementText": "Cryo",
	"affiliation": "Cloud Retainer's Abode",
	"associationType": "ASSOC_LIYUE",
	"region": "Liyue",
	"substatType": "FIGHT_PROP_ATTACK_PERCENT",
	"substatText": "ATK",
	"constellation": "Crista Doloris",
	"cv": {
		"english": "Chelsea Kwoka",
		"chinese": "秦紫翼",
		"japanese": "川澄綾子",
		"korean": "Lee Hyeon-jin"
	},
	"costs": {
		"ascend1": [
			{
				"id": 202,
				"name": "Mora",
				"count": 20000
			},
			{
				"id": 104161,
				"name": "Shivada Jade Sliver",
				"count": 1
			},
			{
				"id": 100031,
				"name": "Qingxin",
				"count": 3
			},
			{
				"id": 112038,
				"name": "Whopperflower Nectar",
				"count": 3
			}
		],
		"ascend2": [
			{
				"id": 202,
				"name": "Mora",
				"count": 40000
			},
			{
				"id": 104162,
				"name": "Shivada Jade Fragment",
				"count": 3
			},
			{
				"id": 113031,
				"name": "Dragonheir's False Fin",
				"count": 2
			},
			{
				"id": 100031,
				"name": "Qingxin",
				"count": 10
			},
			{
				"id": 112038,
				"name": "Whopperflower Nectar",
				"count": 15
			}
		],
		"ascend3": [
			{
				"id": 202,
				"name": "Mora",
				"count": 60000
			},
			{
				"id": 104162,
				"name": "Shivada Jade Fragment",
				"count": 6
			},
			{
				"id": 113031,
				"name": "Dragonheir's False Fin",
				"count": 4
			},
			{
				"id": 100031,
				"name": "Qingxin",
				"count": 20
			},
			{
				"id": 112039,
				"name": "Shimmering Nectar",
				"count": 12
			}
		],
		"ascend4": [
			{
				"id": 202,
				"name": "Mora",
				"count": 80000
			},
			{
				"id": 104163,
				"name": "Shivada Jade Chunk",
				"count": 3
			},
			{
				"id": 113031,
				"name": "Dragonheir's False Fin",
				"count": 8
			},
			{
				"id": 100031,
				"name": "Qingxin",
				"count": 30
			},
			{
				"id": 112039,
				"name": "Shimmering Nectar",
				"count": 18
			}
		],
		"ascend5": [
			{
				"id": 202,
				"name": "Mora",
				"count": 100000
			},
			{
				"id": 104163,
				"name": "Shivada Jade Chunk",
				"count": 6
			},
			{
				"id": 113031,
				"name": "Dragonheir's False Fin",
				"count": 12
			},
			{
				"id": 100031,
				"name": "Qingxin",
				"count": 45
			},
			{
				"id": 112040,
				"name": "Energy Nectar",
				"count": 12
			}
		],
		"ascend6": [
			{
				"id": 202,
				"name": "Mora",
				"count": 120000
			},
			{
				"id": 104164,
				"name": "Shivada Jade Gemstone",
				"count": 6
			},
			{
				"id": 113031,
				"name": "Dragonheir's False Fin",
				"count": 20
			},
			{
				"id": 100031,
				"name": "Qingxin",
				"count": 60
			},
			{
				"id": 112040,
				"name": "Energy Nectar",
				"count": 24
			}
		]
	}
}