{
	"id": 10000059,
	"name": "Shikanoin Heizou",
	"title": "Analytical Harmony",
	"description": "A young prodigy detective from the Tenryou Commission. His senses are sharp and his thoughts are clear.",
	"weaponType": "WEAPON_CATALYST",
	"weaponText": "Catalyst",
	"bodyType": "BODY_BOY",
	"gender": "Male",
	"qualityType": "QUALITY_PURPLE",
	"rarity": 4,
	"birthdaymmdd": "7/24",
	"birthday": "July 24",
	"elementType": "ELEMENT_ANEMO",
	"elementText": "Anemo",
	"affiliation": "Tenryou Commission",
	"associationType": "ASSOC_INAZUMA",
	"region": "Inazuma",
	"substatType": "FIGHT_PROP_WIND_ADD_HURT",
	"substatText": "Anemo DMG Bonus",
	"constellation": "Cervus Minor",
	"cv": {
		"english": "Kieran Regan",
		"chinese": "林景",
		"japanese": "井口祐一",
		"korean": "Jung Eui-jin"
	},
	"costs": {
		"ascend1": [
			{
				"id": 202,
				"name": "Mora",
				"count": 20000
			},
			{
				"id": 104151,
				"name": "Vayuda Turquoise Sliver",
				"count": 1
			},
			{
				"id": 101201,
				"name": "Onikabuto",
				"count": 3
			},
			{
				"id": 112035,
				"name": "Treasure Hoarder Insignia",
				"count": 3
			}
		],
		"ascend2": [
			{
				"id": 202,
				"name": "Mora",
				"count": 40000
			},
			{
				"id": 104152,
				"name": "Vayuda Turquoise Fragment",
				"count": 3
			},
			{
				"id": 113035,
				"name": "Runic Fang",
				"count": 2
			},
			{
				"id": 101201,
				"name": "Onikabuto",
				"count": 10
			},
			{
				"id": 112035,
				"name": "Treasure Hoarder Insignia",
				"count": 15
			}
		],
		"ascend3": [
			{
				"id": 202,
				"name": "Mora",
				"count": 60000
			},
			{
				"id": 104152,
				"name": "Vayuda Turquoise Fragment",
				"count": 6
			},
			{
				"id": 113035,
				"name": "Runic Fang",
				"count": 4
			},
			{
				"id": 101201,
				"name": "Onikabuto",
				"count": 20
			},
			{
				"id": 112036,
				"name": "Silver Raven Insignia",
				"count": 12
			}
		],
		"ascend4": [
			{
				"id": 202,
				"name": "Mora",
				"count": 80000
			},
			{
				"id": 104153,
				"name": "Vayuda Turquoise Chunk",
				"count": 3
			},
			{
				"id": 113035,
				"name": "Runic Fang",
				"count": 8
			},
			{
				"id": 101201,
				"name": "Onikabuto",
				"count": 30
			},
			{
				"id": 112036,
				"name": "Silver Raven Insignia",
				"count": 18
			}
		],
		"ascend5": [
			{
				"id": 202,
				"name": "Mora",
				"count": 100000
			},
			{
				"id": 104153,
				"name": "Vayuda Turquoise Chunk",
				"count": 6
			},
			{
				"id": 113035,
				"name": "Runic Fang",
				"count": 12
			},
			{
				"id": 101201,
				"name": "Onikabuto",
				"count": 45
			},
			{
				"id": 112037,
				"name": "Golden Raven Insignia",
				"count": 12
			}
		],
		"ascend6": [
			{
				"id": 202,
				"name": "Mora",
				"count": 120000
			},
			{
				"id": 104154,
				"name": "Vayuda Turquoise Gemstone",
				"count": 6
			},
			{
				"id": 113035,
				"name": "Runic Fang",
				"count": 20
			},
			{
				"id": 101201,
				"name": "Onikabuto",
				"count": 60
			},
			{
				"id": 112037,
				"name": "Golden Raven Insignia",
				"count": 24
			}
		]
	}
}