{
	"id": 10000043,
	"name": "Sucrose",
	"title": "Harmless Sweetie",
	"description": "An alchemist filled with curiosity about all things. She researches bio-alchemy.",
	"weaponType": "WEAPON_CATALYST",
	"weaponText": "Catalyst",
	"bodyType": "BODY_GIRL",
	"gender": "Female",
	"qualityType": "QUALITY_PURPLE",
	"rarity": 4,
	"birthdaymmdd": "11/26",
	"birthday": "November 26",
	"elementType": "ELEMENT_ANEMO",
	"elementText": "Anemo",
	"affiliation": "Knights of Favonius",
	"associationType": "ASSOC_MONDSTADT",
	"region": "Mondstadt",
	"substatType": "FIGHT_PROP_WIND_ADD_HURT",
	"substatText": "Anemo DMG Bonus",
	"constellation": "Ampulla",
	"cv": {
		"english": "Valeria Rodriguez",
		"chinese": "小敢",
		"japanese": "藤田茜",
		"korean": "Kim Ha-young"
	},
	"costs": {
		"ascend1": [
			{
				"id": 202,
				"name": "Mora",
				"count": 20000
			},
			{
				"id": 104151,
				"name": "Vayuda Turquoise Sliver",
				"count": 1
			},
			{
				"id": 100024,
				"name": "Windwheel Aster",
				"count": 3
			},
			{
				"id": 112038,
				"name": "Whopperflower Nectar",
				"count": 3
			}
		],
		"ascend2": [
			{
				"id": 202,
				"name": "Mora",
				"count": 40000
			},
			{
				"id": 104152,
				"name": "Vayuda Turquoise Fragment",
				"count": 3
			},
			{
				"id": 113001,
				"name": "Hurricane Seed",
				"count": 2
			},
			{
				"id": 100024,
				"name": "Windwheel Aster",
				"count": 10
			},
			{
				"id": 112038,
				"name": "Whopperflower Nectar",
				"count": 15
			}
		],
		"ascend3": [
			{
				"id": 202,
				"name": "Mora",
				"count": 60000
			},
			{
				"id": 104152,
				"name": "Vayuda Turquoise Fragment",
				"count": 6
			},
			{
				"id": 113001,
				"name": "Hurricane Seed",
				"count": 4
			},
			{
				"id": 100024,
				"name": "Windwheel Aster",
				"count": 20
			},
			{
				"id": 112039,
				"name": "Shimmering Nectar",
				"count": 12
			}
		],
		"ascend4": [
			{
				"id": 202,
				"name": "Mora",
				"count": 80000
			},
			{
				"id": 104153,
				"name": "Vayuda Turquoise Chunk",
				"count": 3
			},
			{
				"id": 113001,
				"name": "Hurricane Seed",
				"count": 8
			},
			{
				"id": 100024,
				"name": "Windwheel Aster",
				"count": 30
			},
			{
				"id": 112039,
				"name": "Shimmering Nectar",
				"count": 18
			}
		],
		"ascend5": [
			{
				"id": 202,
				"name": "Mora",
				"count": 100000
			},
			{
				"id": 104153,
				"name": "Vayuda Turquoise Chunk",
				"count": 6
			},
			{
				"id": 113001,
				"name": "Hurricane Seed",
				"count": 12
			},
			{
				"id": 100024,
				"name": "Windwheel Aster",
				"count": 45
			},
			{
				"id": 112040,
				"name": "Energy Nectar",
				"count": 12
			}
		],
		"ascend6": [
			{
				"id": 202,
				"name": "Mora",
				"count": 120000
			},
			{
				"id": 104154,
				"name": "Vayuda Turquoise Gemstone",
				"count": 6
			},
			{
				"id": 113001,
				"name": "Hurricane Seed",
				"count": 20
			},
			{
				"id": 100024,
				"name": "Windwheel Aster",
				"count": 60
			},
			{
				"id": 112040,
				"name": "Energy Nectar",
				"count": 24
			}
		]
	}
}