{
	"id": 10000033,
	"name": "Tartaglia",
	"title": "Childe",
	"description": "No. 11 of The Harbingers, also known as \"Childe.\" His name is highly feared on the battlefield.",
	"weaponType": "WEAPON_BOW",
	"weaponText": "Bow",
	"bodyType": "BODY_MALE",
	"gender": "Male",
	"qualityType": "QUALITY_ORANGE",
	"rarity": 5,
	"birthdaymmdd": "7/20",
	"birthday": "July 20",
	"elementType": "ELEMENT_HYDRO",
	"elementText": "Hydro",
	"affiliation": "Fatui",
	"associationType": "ASSOC_FATUI",
	"region": "Snezhnaya",
	"substatType": "FIGHT_PROP_WATER_ADD_HURT",
	"substatText": "Hydro DMG Bonus",
	"constellation": "Monoceros Caeli",
	"cv": {
		"english": "Griffin Burns",
		"chinese": "鱼冻",
		"japanese": "木村良平",
		"korean": "Nam Do-hyeong"
	},
	"costs": {
		"ascend1": [
			{
				"id": 202,
				"name": "Mora",
				"count": 20000
			},
			{
				"id": 104121,
				"name": "Varunada Lazurite Sliver",
				"count": 1
			},
			{
				"id": 100033,
				"name": "Starconch",
				"count": 3
			},
			{
				"id": 112032,
				"name": "Recruit's Insignia",
				"count": 3
			}
		],
		"ascend2": [
			{
				"id": 202,
				"name": "Mora",
				"count": 40000
			},
			{
				"id": 104122,
				"name": "Varunada Lazurite Fragment",
				"count": 3
			},
			{
				"id": 113012,
				"name": "Cleansing Heart",
				"count": 2
			},
			{
				"id": 100033,
				"name": "Starconch",
				"count": 10
			},
			{
				"id": 112032,
				"name": "Recruit's Insignia",
				"count": 15
			}
		],
		"ascend3": [
			{
				"id": 202,
				"name": "Mora",
				"count": 60000
			},
			{
				"id": 104122,
				"name": "Varunada Lazurite Fragment",
				"count": 6
			},
			{
				"id": 113012,
				"name": "Cleansing Heart",
				"count": 4
			},
			{
				"id": 100033,
				"name": "Starconch",
				"count": 20
			},
			{
				"id": 112033,
				"name": "Sergeant's Insignia",
				"count": 12
			}
		],
		"ascend4": [
			{
				"id": 202,
				"name": "Mora",
				"count": 80000
			},
			{
				"id": 104123,
				"name": "Varunada Lazurite Chunk",
				"count": 3
			},
			{
				"id": 113012,
				"name": "Cleansing Heart",
				"count": 8
			},
			{
				"id": 100033,
				"name": "Starconch",
				"count": 30
			},
			{
				"id": 112033,
				"name": "Sergeant's Insignia",
				"count": 18
			}
		],
		"ascend5": [
			{
				"id": 202,
				"name": "Mora",
				"count": 100000
			},
			{
				"id": 104123,
				"name": "Varunada Lazurite Chunk",
				"count": 6
			},
			{
				"id": 113012,
				"name": "Cleansing Heart",
				"count": 12
			},
			{
				"id": 100033,
				"name": "Starconch",
				"count": 45
			},
			{
				"id": 112034,
				"name": "Lieutenant's Insignia",
				"count": 12
			}
		],
		"ascend6": [
			{
				"id": 202,
				"name": "Mora",
				"count": 120000
			},
			{
				"id": 104124,
				"name": "Varunada Lazurite Gemstone",
				"count": 6
			},
			{
				"id": 113012,
				"name": "Cleansing Heart",
				"count": 20
			},
			{
				"id": 100033,
				"name": "Starconch",
				"count": 60
			},
			{
				"id": 112034,
				"name": "Lieutenant's Insignia",
				"count": 24
			}
		]
	}
}