{
	"id": 10000050,
	"name": "Thoma",
	"title": "Protector From Afar",
	"description": "The Kamisato Clan's housekeeper. A well-known \"fixer\" in Inazuma.",
	"weaponType": "WEAPON_POLE",
	"weaponText": "Polearm",
	"bodyType": "BODY_MALE",
	"gender": "Male",
	"qualityType": "QUALITY_PURPLE",
	"rarity": 4,
	"birthdaymmdd": "1/9",
	"birthday": "January 9",
	"elementType": "ELEMENT_PYRO",
	"elementText": "Pyro",
	"affiliation": "Yashiro Commission",
	"associationType": "ASSOC_INAZUMA",
	"region": "Inazuma",
	"substatType": "FIGHT_PROP_ATTACK_PERCENT",
	"substatText": "ATK",
	"constellation": "Rubeum Scutum",
	"cv": {
		"english": "Christian Banas",
		"chinese": "张沛",
		"japanese": "森田成一",
		"korean": "Ryu Seung-kon"
	},
	"costs": {
		"ascend1": [
			{
				"id": 202,
				"name": "Mora",
				"count": 20000
			},
			{
				"id": 104111,
				"name": "Agnidus Agate Sliver",
				"count": 1
			},
			{
				"id": 101209,
				"name": "Fluorescent Fungus",
				"count": 3
			},
			{
				"id": 112035,
				"name": "Treasure Hoarder Insignia",
				"count": 3
			}
		],
		"ascend2": [
			{
				"id": 202,
				"name": "Mora",
				"count": 40000
			},
			{
				"id": 104112,
				"name": "Agnidus Agate Fragment",
				"count": 3
			},
			{
				"id": 113024,
				"name": "Smoldering Pearl",
				"count": 2
			},
			{
				"id": 101209,
				"name": "Fluorescent Fungus",
				"count": 10
			},
			{
				"id": 112035,
				"name": "Treasure Hoarder Insignia",
				"count": 15
			}
		],
		"ascend3": [
			{
				"id": 202,
				"name": "Mora",
				"count": 60000
			},
			{
				"id": 104112,
				"name": "Agnidus Agate Fragment",
				"count": 6
			},
			{
				"id": 113024,
				"name": "Smoldering Pearl",
				"count": 4
			},
			{
				"id": 101209,
				"name": "Fluorescent Fungus",
				"count": 20
			},
			{
				"id": 112036,
				"name": "Silver Raven Insignia",
				"count": 12
			}
		],
		"ascend4": [
			{
				"id": 202,
				"name": "Mora",
				"count": 80000
			},
			{
				"id": 104113,
				"name": "Agnidus Agate Chunk",
				"count": 3
			},
			{
				"id": 113024,
				"name": "Smoldering Pearl",
				"count": 8
			},
			{
				"id": 101209,
				"name": "Fluorescent Fungus",
				"count": 30
			},
			{
				"id": 112036,
				"name": "Silver Raven Insignia",
				"count": 18
			}
		],
		"ascend5": [
			{
				"id": 202,
				"name": "Mora",
				"count": 100000
			},
			{
				"id": 104113,
				"name": "Agnidus Agate Chunk",
				"count": 6
			},
			{
				"id": 113024,
				"name": "Smoldering Pearl",
				"count": 12
			},
			{
				"id": 101209,
				"name": "Fluorescent Fungus",
				"count": 45
			},
			{
				"id": 112037,
				"name": "Golden Raven Insignia",
				"count": 12
			}
		],
		"ascend6": [
			{
				"id": 202,
				"name": "Mora",
				"count": 120000
			},
			{
				"id": 104114,
				"name": "Agnidus Agate Gemstone",
				"count": 6
			},
			{
				"id": 113024,
				"name": "Smoldering Pearl",
				"count": 20
			},
			{
				"id": 101209,
				"name": "Fluorescent Fungus",
				"count": 60
			},
			{
				"id": 112037,
				"name": "Golden Raven Insignia",
				"count": 24
			}
		]
	}
}