{
	"id": 10000111,
	"name": "Varesa",
	"title": "Strength in Serenity",
	"description": "A laid-back orchard manager and warrior of the Collective of Plenty. An aspiring hero who hungers for justice... and lots and lots of food!",
	"weaponType": "WEAPON_CATALYST",
	"weaponText": "Catalyst",
	"bodyType": "BODY_GIRL",
	"gender": "Female",
	"qualityType": "QUALITY_ORANGE",
	"rarity": 5,
	"birthdaymmdd": "11/15",
	"birthday": "November 15",
	"elementType": "ELEMENT_ELECTRO",
	"elementText": "Electro",
	"affiliation": "Teteocan",
	"associationType": "ASSOC_NATLAN",
	"region": "Natlan",
	"substatType": "FIGHT_PROP_CRITICAL",
	"substatText": "CRIT Rate",
	"constellation": "Mascara Luctatori",
	"cv": {
		"english": "Jane Jackson",
		"chinese": "乔苏",
		"japanese": "M・A・O",
		"korean": "Kim Yea-lim"
	},
	"costs": {
		"ascend1": [
			{
				"id": 202,
				"name": "Mora",
				"count": 20000
			},
			{
				"id": 104141,
				"name": "Vajrada Amethyst Sliver",
				"count": 1
			},
			{
				"id": 101254,
				"name": "Skysplit Gembloom",
				"count": 3
			},
			{
				"id": 112101,
				"name": "Juvenile Fang",
				"count": 3
			}
		],
		"ascend2": [
			{
				"id": 202,
				"name": "Mora",
				"count": 40000
			},
			{
				"id": 104142,
				"name": "Vajrada Amethyst Fragment",
				"count": 3
			},
			{
				"id": 113072,
				"name": "Sparkless Statue Core",
				"count": 2
			},
			{
				"id": 101254,
				"name": "Skysplit Gembloom",
				"count": 10
			},
			{
				"id": 112101,
				"name": "Juvenile Fang",
				"count": 15
			}
		],
		"ascend3": [
			{
				"id": 202,
				"name": "Mora",
				"count": 60000
			},
			{
				"id": 104142,
				"name": "Vajrada Amethyst Fragment",
				"count": 6
			},
			{
				"id": 113072,
				"name": "Sparkless Statue Core",
				"count": 4
			},
			{
				"id": 101254,
				"name": "Skysplit Gembloom",
				"count": 20
			},
			{
				"id": 112102,
				"name": "Seasoned Fang",
				"count": 12
			}
		],
		"ascend4": [
			{
				"id": 202,
				"name": "Mora",
				"count": 80000
			},
			{
				"id": 104143,
				"name": "Vajrada Amethyst Chunk",
				"count": 3
			},
			{
				"id": 113072,
				"name": "Sparkless Statue Core",
				"count": 8
			},
			{
				"id": 101254,
				"name": "Skysplit Gembloom",
				"count": 30
			},
			{
				"id": 112102,
				"name": "Seasoned Fang",
				"count": 18
			}
		],
		"ascend5": [
			{
				"id": 202,
				"name": "Mora",
				"count": 100000
			},
			{
				"id": 104143,
				"name": "Vajrada Amethyst Chunk",
				"count": 6
			},
			{
				"id": 113072,
				"name": "Sparkless Statue Core",
				"count": 12
			},
			{
				"id": 101254,
				"name": "Skysplit Gembloom",
				"count": 45
			},
			{
				"id": 112103,
				"name": "Tyrant's Fang",
				"count": 12
			}
		],
		"ascend6": [
			{
				"id": 202,
				"name": "Mora",
				"count": 120000
			},
			{
				"id": 104144,
				"name": "Vajrada Amethyst Gemstone",
				"count": 6
			},
			{
				"id": 113072,
				"name": "Sparkless Statue Core",
				"count": 20
			},
			{
				"id": 101254,
				"name": "Skysplit Gembloom",
				"count": 60
			},
			{
				"id": 112103,
				"name": "Tyrant's Fang",
				"count": 24
			}
		]
	}
}