{
	"id": 10000075,
	"name": "Wanderer",
	"title": "Eons Adrift",
	"description": "A wayfaring figure whose identity is a mystery. He dresses like a mountain ascetic, but he certainly does not act the part.",
	"weaponType": "WEAPON_CATALYST",
	"weaponText": "Catalyst",
	"bodyType": "BODY_BOY",
	"gender": "Male",
	"qualityType": "QUALITY_ORANGE",
	"rarity": 5,
	"birthdaymmdd": "1/3",
	"birthday": "January 3",
	"elementType": "ELEMENT_ANEMO",
	"elementText": "Anemo",
	"affiliation": "None",
	"associationType": "ASSOC_SUMERU",
	"region": "Sumeru",
	"substatType": "FIGHT_PROP_CRITICAL",
	"substatText": "CRIT Rate",
	"constellation": "Peregrinus",
	"cv": {
		"english": "Patrick Pedraza",
		"chinese": "鹿喑",
		"japanese": "柿原徹也",
		"korean": "Min Seung-woo"
	},
	"costs": {
		"ascend1": [
			{
				"id": 202,
				"name": "Mora",
				"count": 20000
			},
			{
				"id": 104151,
				"name": "Vayuda Turquoise Sliver",
				"count": 1
			},
			{
				"id": 101213,
				"name": "Rukkhashava Mushrooms",
				"count": 3
			},
			{
				"id": 112044,
				"name": "Old Handguard",
				"count": 3
			}
		],
		"ascend2": [
			{
				"id": 202,
				"name": "Mora",
				"count": 40000
			},
			{
				"id": 104152,
				"name": "Vayuda Turquoise Fragment",
				"count": 3
			},
			{
				"id": 113038,
				"name": "Perpetual Caliber",
				"count": 2
			},
			{
				"id": 101213,
				"name": "Rukkhashava Mushrooms",
				"count": 10
			},
			{
				"id": 112044,
				"name": "Old Handguard",
				"count": 15
			}
		],
		"ascend3": [
			{
				"id": 202,
				"name": "Mora",
				"count": 60000
			},
			{
				"id": 104152,
				"name": "Vayuda Turquoise Fragment",
				"count": 6
			},
			{
				"id": 113038,
				"name": "Perpetual Caliber",
				"count": 4
			},
			{
				"id": 101213,
				"name": "Rukkhashava Mushrooms",
				"count": 20
			},
			{
				"id": 112045,
				"name": "Kageuchi Handguard",
				"count": 12
			}
		],
		"ascend4": [
			{
				"id": 202,
				"name": "Mora",
				"count": 80000
			},
			{
				"id": 104153,
				"name": "Vayuda Turquoise Chunk",
				"count": 3
			},
			{
				"id": 113038,
				"name": "Perpetual Caliber",
				"count": 8
			},
			{
				"id": 101213,
				"name": "Rukkhashava Mushrooms",
				"count": 30
			},
			{
				"id": 112045,
				"name": "Kageuchi Handguard",
				"count": 18
			}
		],
		"ascend5": [
			{
				"id": 202,
				"name": "Mora",
				"count": 100000
			},
			{
				"id": 104153,
				"name": "Vayuda Turquoise Chunk",
				"count": 6
			},
			{
				"id": 113038,
				"name": "Perpetual Caliber",
				"count": 12
			},
			{
				"id": 101213,
				"name": "Rukkhashava Mushrooms",
				"count": 45
			},
			{
				"id": 112046,
				"name": "Famed Handguard",
				"count": 12
			}
		],
		"ascend6": [
			{
				"id": 202,
				"name": "Mora",
				"count": 120000
			},
			{
				"id": 104154,
				"name": "Vayuda Turquoise Gemstone",
				"count": 6
			},
			{
				"id": 113038,
				"name": "Perpetual Caliber",
				"count": 20
			},
			{
				"id": 101213,
				"name": "Rukkhashava Mushrooms",
				"count": 60
			},
			{
				"id": 112046,
				"name": "Famed Handguard",
				"count": 24
			}
		]
	}
}