{
	"id": 10000086,
	"name": "Wriothesley",
	"title": "Emissary of Solitary Iniquity",
	"description": "Duke of the Fortress of Meropide, Lord Incognito of the murky depths.",
	"weaponType": "WEAPON_CATALYST",
	"weaponText": "Catalyst",
	"bodyType": "BODY_MALE",
	"gender": "Male",
	"qualityType": "QUALITY_ORANGE",
	"rarity": 5,
	"birthdaymmdd": "11/23",
	"birthday": "November 23",
	"elementType": "ELEMENT_CRYO",
	"elementText": "Cryo",
	"affiliation": "Fortress of Meropide",
	"associationType": "ASSOC_FONTAINE",
	"region": "Fontaine",
	"substatType": "FIGHT_PROP_CRITICAL_HURT",
	"substatText": "CRIT DMG",
	"constellation": "Cerberus",
	"cv": {
		"english": "Joe Zieja",
		"chinese": "刘北辰",
		"japanese": "小野大輔",
		"korean": "Kwon Chang-wook"
	},
	"costs": {
		"ascend1": [
			{
				"id": 202,
				"name": "Mora",
				"count": 20000
			},
			{
				"id": 104161,
				"name": "Shivada Jade Sliver",
				"count": 1
			},
			{
				"id": 101239,
				"name": "Subdetection Unit",
				"count": 3
			},
			{
				"id": 112083,
				"name": "Meshing Gear",
				"count": 3
			}
		],
		"ascend2": [
			{
				"id": 202,
				"name": "Mora",
				"count": 40000
			},
			{
				"id": 104162,
				"name": "Shivada Jade Fragment",
				"count": 3
			},
			{
				"id": 113052,
				"name": "\"Tourbillon Device\"",
				"count": 2
			},
			{
				"id": 101239,
				"name": "Subdetection Unit",
				"count": 10
			},
			{
				"id": 112083,
				"name": "Meshing Gear",
				"count": 15
			}
		],
		"ascend3": [
			{
				"id": 202,
				"name": "Mora",
				"count": 60000
			},
			{
				"id": 104162,
				"name": "Shivada Jade Fragment",
				"count": 6
			},
			{
				"id": 113052,
				"name": "\"Tourbillon Device\"",
				"count": 4
			},
			{
				"id": 101239,
				"name": "Subdetection Unit",
				"count": 20
			},
			{
				"id": 112084,
				"name": "Mechanical Spur Gear",
				"count": 12
			}
		],
		"ascend4": [
			{
				"id": 202,
				"name": "Mora",
				"count": 80000
			},
			{
				"id": 104163,
				"name": "Shivada Jade Chunk",
				"count": 3
			},
			{
				"id": 113052,
				"name": "\"Tourbillon Device\"",
				"count": 8
			},
			{
				"id": 101239,
				"name": "Subdetection Unit",
				"count": 30
			},
			{
				"id": 112084,
				"name": "Mechanical Spur Gear",
				"count": 18
			}
		],
		"ascend5": [
			{
				"id": 202,
				"name": "Mora",
				"count": 100000
			},
			{
				"id": 104163,
				"name": "Shivada Jade Chunk",
				"count": 6
			},
			{
				"id": 113052,
				"name": "\"Tourbillon Device\"",
				"count": 12
			},
			{
				"id": 101239,
				"name": "Subdetection Unit",
				"count": 45
			},
			{
				"id": 112085,
				"name": "Artificed Dynamic Gear",
				"count": 12
			}
		],
		"ascend6": [
			{
				"id": 202,
				"name": "Mora",
				"count": 120000
			},
			{
				"id": 104164,
				"name": "Shivada Jade Gemstone",
				"count": 6
			},
			{
				"id": 113052,
				"name": "\"Tourbillon Device\"",
				"count": 20
			},
			{
				"id": 101239,
				"name": "Subdetection Unit",
				"count": 60
			},
			{
				"id": 112085,
				"name": "Artificed Dynamic Gear",
				"count": 24
			}
		]
	}
}