{
	"id": 10000023,
	"name": "Xiangling",
	"title": "Exquisite Delicacy",
	"description": "A renowned chef from Liyue. She's extremely passionate about cooking and excels at making her signature hot and spicy dishes.",
	"weaponType": "WEAPON_POLE",
	"weaponText": "Polearm",
	"bodyType": "BODY_GIRL",
	"gender": "Female",
	"qualityType": "QUALITY_PURPLE",
	"rarity": 4,
	"birthdaymmdd": "11/2",
	"birthday": "November 2",
	"elementType": "ELEMENT_PYRO",
	"elementText": "Pyro",
	"affiliation": "Wanmin Restaurant",
	"associationType": "ASSOC_LIYUE",
	"region": "Liyue",
	"substatType": "FIGHT_PROP_ELEMENT_MASTERY",
	"substatText": "Elemental Mastery",
	"constellation": "Trulla",
	"cv": {
		"english": "Jackie Lastra",
		"chinese": "小N",
		"japanese": "小澤亜李",
		"korean": "Yoon Ah-young"
	},
	"costs": {
		"ascend1": [
			{
				"id": 202,
				"name": "Mora",
				"count": 20000
			},
			{
				"id": 104111,
				"name": "Agnidus Agate Sliver",
				"count": 1
			},
			{
				"id": 100027,
				"name": "Jueyun Chili",
				"count": 3
			},
			{
				"id": 112002,
				"name": "Slime Condensate",
				"count": 3
			}
		],
		"ascend2": [
			{
				"id": 202,
				"name": "Mora",
				"count": 40000
			},
			{
				"id": 104112,
				"name": "Agnidus Agate Fragment",
				"count": 3
			},
			{
				"id": 113011,
				"name": "Everflame Seed",
				"count": 2
			},
			{
				"id": 100027,
				"name": "Jueyun Chili",
				"count": 10
			},
			{
				"id": 112002,
				"name": "Slime Condensate",
				"count": 15
			}
		],
		"ascend3": [
			{
				"id": 202,
				"name": "Mora",
				"count": 60000
			},
			{
				"id": 104112,
				"name": "Agnidus Agate Fragment",
				"count": 6
			},
			{
				"id": 113011,
				"name": "Everflame Seed",
				"count": 4
			},
			{
				"id": 100027,
				"name": "Jueyun Chili",
				"count": 20
			},
			{
				"id": 112003,
				"name": "Slime Secretions",
				"count": 12
			}
		],
		"ascend4": [
			{
				"id": 202,
				"name": "Mora",
				"count": 80000
			},
			{
				"id": 104113,
				"name": "Agnidus Agate Chunk",
				"count": 3
			},
			{
				"id": 113011,
				"name": "Everflame Seed",
				"count": 8
			},
			{
				"id": 100027,
				"name": "Jueyun Chili",
				"count": 30
			},
			{
				"id": 112003,
				"name": "Slime Secretions",
				"count": 18
			}
		],
		"ascend5": [
			{
				"id": 202,
				"name": "Mora",
				"count": 100000
			},
			{
				"id": 104113,
				"name": "Agnidus Agate Chunk",
				"count": 6
			},
			{
				"id": 113011,
				"name": "Everflame Seed",
				"count": 12
			},
			{
				"id": 100027,
				"name": "Jueyun Chili",
				"count": 45
			},
			{
				"id": 112004,
				"name": "Slime Concentrate",
				"count": 12
			}
		],
		"ascend6": [
			{
				"id": 202,
				"name": "Mora",
				"count": 120000
			},
			{
				"id": 104114,
				"name": "Agnidus Agate Gemstone",
				"count": 6
			},
			{
				"id": 113011,
				"name": "Everflame Seed",
				"count": 20
			},
			{
				"id": 100027,
				"name": "Jueyun Chili",
				"count": 60
			},
			{
				"id": 112004,
				"name": "Slime Concentrate",
				"count": 24
			}
		]
	}
}