{
	"id": 10000093,
	"name": "Xianyun",
	"title": "Passerine Herald",
	"description": "One of the Mighty and Illuminated Adepti of Jueyun, known as \"Cloud Retainer.\" Expert in all kinds of mechanical contraptions, her heart now turns towards the affairs of the mortal world, through which she walks under the name \"Xianyun.\"",
	"weaponType": "WEAPON_CATALYST",
	"weaponText": "Catalyst",
	"bodyType": "BODY_LADY",
	"gender": "Female",
	"qualityType": "QUALITY_ORANGE",
	"rarity": 5,
	"birthdaymmdd": "4/11",
	"birthday": "April 11",
	"elementType": "ELEMENT_ANEMO",
	"elementText": "Anemo",
	"affiliation": "Mt. Aocang",
	"associationType": "ASSOC_LIYUE",
	"region": "Liyue",
	"substatType": "FIGHT_PROP_ATTACK_PERCENT",
	"substatText": "ATK",
	"constellation": "Grus Serena",
	"cv": {
		"english": "Stephanie Panisello",
		"chinese": "秦紫翼",
		"japanese": "中臣真菜",
		"korean": "Kang Si-hyun"
	},
	"costs": {
		"ascend1": [
			{
				"id": 202,
				"name": "Mora",
				"count": 20000
			},
			{
				"id": 104151,
				"name": "Vayuda Turquoise Sliver",
				"count": 1
			},
			{
				"id": 101241,
				"name": "Clearwater Jade",
				"count": 3
			},
			{
				"id": 112008,
				"name": "Divining Scroll",
				"count": 3
			}
		],
		"ascend2": [
			{
				"id": 202,
				"name": "Mora",
				"count": 40000
			},
			{
				"id": 104152,
				"name": "Vayuda Turquoise Fragment",
				"count": 3
			},
			{
				"id": 113058,
				"name": "Cloudseam Scale",
				"count": 2
			},
			{
				"id": 101241,
				"name": "Clearwater Jade",
				"count": 10
			},
			{
				"id": 112008,
				"name": "Divining Scroll",
				"count": 15
			}
		],
		"ascend3": [
			{
				"id": 202,
				"name": "Mora",
				"count": 60000
			},
			{
				"id": 104152,
				"name": "Vayuda Turquoise Fragment",
				"count": 6
			},
			{
				"id": 113058,
				"name": "Cloudseam Scale",
				"count": 4
			},
			{
				"id": 101241,
				"name": "Clearwater Jade",
				"count": 20
			},
			{
				"id": 112009,
				"name": "Sealed Scroll",
				"count": 12
			}
		],
		"ascend4": [
			{
				"id": 202,
				"name": "Mora",
				"count": 80000
			},
			{
				"id": 104153,
				"name": "Vayuda Turquoise Chunk",
				"count": 3
			},
			{
				"id": 113058,
				"name": "Cloudseam Scale",
				"count": 8
			},
			{
				"id": 101241,
				"name": "Clearwater Jade",
				"count": 30
			},
			{
				"id": 112009,
				"name": "Sealed Scroll",
				"count": 18
			}
		],
		"ascend5": [
			{
				"id": 202,
				"name": "Mora",
				"count": 100000
			},
			{
				"id": 104153,
				"name": "Vayuda Turquoise Chunk",
				"count": 6
			},
			{
				"id": 113058,
				"name": "Cloudseam Scale",
				"count": 12
			},
			{
				"id": 101241,
				"name": "Clearwater Jade",
				"count": 45
			},
			{
				"id": 112010,
				"name": "Forbidden Curse Scroll",
				"count": 12
			}
		],
		"ascend6": [
			{
				"id": 202,
				"name": "Mora",
				"count": 120000
			},
			{
				"id": 104154,
				"name": "Vayuda Turquoise Gemstone",
				"count": 6
			},
			{
				"id": 113058,
				"name": "Cloudseam Scale",
				"count": 20
			},
			{
				"id": 101241,
				"name": "Clearwater Jade",
				"count": 60
			},
			{
				"id": 112010,
				"name": "Forbidden Curse Scroll",
				"count": 24
			}
		]
	}
}