{
	"id": 10000103,
	"name": "Xilonen",
	"title": "Ardent Flames Forge the Soul",
	"description": "A Name Engraver of the Nanatzcayan, she is especially skilled at finding a good balance between the heavy responsibilities of her job and living well.",
	"weaponType": "WEAPON_SWORD_ONE_HAND",
	"weaponText": "Sword",
	"bodyType": "BODY_LADY",
	"gender": "Female",
	"qualityType": "QUALITY_ORANGE",
	"rarity": 5,
	"birthdaymmdd": "3/13",
	"birthday": "March 13",
	"elementType": "ELEMENT_GEO",
	"elementText": "Geo",
	"affiliation": "Nanatzcayan",
	"associationType": "ASSOC_NATLAN",
	"region": "Natlan",
	"substatType": "FIGHT_PROP_DEFENSE_PERCENT",
	"substatText": "DEF",
	"constellation": "Panthera Ocelota",
	"cv": {
		"english": "Beth Curry",
		"chinese": "弭洋",
		"japanese": "ファイルーズあい",
		"korean": "Kim I-an"
	},
	"costs": {
		"ascend1": [
			{
				"id": 202,
				"name": "Mora",
				"count": 20000
			},
			{
				"id": 104171,
				"name": "Prithiva Topaz Sliver",
				"count": 1
			},
			{
				"id": 101248,
				"name": "Brilliant Chrysanthemum",
				"count": 3
			},
			{
				"id": 112104,
				"name": "Sentry's Wooden Whistle",
				"count": 3
			}
		],
		"ascend2": [
			{
				"id": 202,
				"name": "Mora",
				"count": 40000
			},
			{
				"id": 104172,
				"name": "Prithiva Topaz Fragment",
				"count": 3
			},
			{
				"id": 113066,
				"name": "Gold-Inscribed Secret Source Core",
				"count": 2
			},
			{
				"id": 101248,
				"name": "Brilliant Chrysanthemum",
				"count": 10
			},
			{
				"id": 112104,
				"name": "Sentry's Wooden Whistle",
				"count": 15
			}
		],
		"ascend3": [
			{
				"id": 202,
				"name": "Mora",
				"count": 60000
			},
			{
				"id": 104172,
				"name": "Prithiva Topaz Fragment",
				"count": 6
			},
			{
				"id": 113066,
				"name": "Gold-Inscribed Secret Source Core",
				"count": 4
			},
			{
				"id": 101248,
				"name": "Brilliant Chrysanthemum",
				"count": 20
			},
			{
				"id": 112105,
				"name": "Warrior's Metal Whistle",
				"count": 12
			}
		],
		"ascend4": [
			{
				"id": 202,
				"name": "Mora",
				"count": 80000
			},
			{
				"id": 104173,
				"name": "Prithiva Topaz Chunk",
				"count": 3
			},
			{
				"id": 113066,
				"name": "Gold-Inscribed Secret Source Core",
				"count": 8
			},
			{
				"id": 101248,
				"name": "Brilliant Chrysanthemum",
				"count": 30
			},
			{
				"id": 112105,
				"name": "Warrior's Metal Whistle",
				"count": 18
			}
		],
		"ascend5": [
			{
				"id": 202,
				"name": "Mora",
				"count": 100000
			},
			{
				"id": 104173,
				"name": "Prithiva Topaz Chunk",
				"count": 6
			},
			{
				"id": 113066,
				"name": "Gold-Inscribed Secret Source Core",
				"count": 12
			},
			{
				"id": 101248,
				"name": "Brilliant Chrysanthemum",
				"count": 45
			},
			{
				"id": 112106,
				"name": "Saurian-Crowned Warrior's Golden Whistle",
				"count": 12
			}
		],
		"ascend6": [
			{
				"id": 202,
				"name": "Mora",
				"count": 120000
			},
			{
				"id": 104174,
				"name": "Prithiva Topaz Gemstone",
				"count": 6
			},
			{
				"id": 113066,
				"name": "Gold-Inscribed Secret Source Core",
				"count": 20
			},
			{
				"id": 101248,
				"name": "Brilliant Chrysanthemum",
				"count": 60
			},
			{
				"id": 112106,
				"name": "Saurian-Crowned Warrior's Golden Whistle",
				"count": 24
			}
		]
	}
}