{
	"id": 10000025,
	"name": "Xingqiu",
	"title": "Juvenile Galant",
	"description": "A young man carrying a longsword who is frequently seen at book booths. He has a chivalrous heart and yearns for justice and fairness for all.",
	"weaponType": "WEAPON_SWORD_ONE_HAND",
	"weaponText": "Sword",
	"bodyType": "BODY_BOY",
	"gender": "Male",
	"qualityType": "QUALITY_PURPLE",
	"rarity": 4,
	"birthdaymmdd": "10/9",
	"birthday": "October 9",
	"elementType": "ELEMENT_HYDRO",
	"elementText": "Hydro",
	"affiliation": "Feiyun Commerce Guild",
	"associationType": "ASSOC_LIYUE",
	"region": "Liyue",
	"substatType": "FIGHT_PROP_ATTACK_PERCENT",
	"substatText": "ATK",
	"constellation": "Fabulae Textile",
	"cv": {
		"english": "Cristina Vee Valenzuela",
		"chinese": "唐雅菁",
		"japanese": "皆川純子",
		"korean": "Kwak Kyu-mi"
	},
	"costs": {
		"ascend1": [
			{
				"id": 202,
				"name": "Mora",
				"count": 20000
			},
			{
				"id": 104121,
				"name": "Varunada Lazurite Sliver",
				"count": 1
			},
			{
				"id": 100029,
				"name": "Silk Flower",
				"count": 3
			},
			{
				"id": 112005,
				"name": "Damaged Mask",
				"count": 3
			}
		],
		"ascend2": [
			{
				"id": 202,
				"name": "Mora",
				"count": 40000
			},
			{
				"id": 104122,
				"name": "Varunada Lazurite Fragment",
				"count": 3
			},
			{
				"id": 113012,
				"name": "Cleansing Heart",
				"count": 2
			},
			{
				"id": 100029,
				"name": "Silk Flower",
				"count": 10
			},
			{
				"id": 112005,
				"name": "Damaged Mask",
				"count": 15
			}
		],
		"ascend3": [
			{
				"id": 202,
				"name": "Mora",
				"count": 60000
			},
			{
				"id": 104122,
				"name": "Varunada Lazurite Fragment",
				"count": 6
			},
			{
				"id": 113012,
				"name": "Cleansing Heart",
				"count": 4
			},
			{
				"id": 100029,
				"name": "Silk Flower",
				"count": 20
			},
			{
				"id": 112006,
				"name": "Stained Mask",
				"count": 12
			}
		],
		"ascend4": [
			{
				"id": 202,
				"name": "Mora",
				"count": 80000
			},
			{
				"id": 104123,
				"name": "Varunada Lazurite Chunk",
				"count": 3
			},
			{
				"id": 113012,
				"name": "Cleansing Heart",
				"count": 8
			},
			{
				"id": 100029,
				"name": "Silk Flower",
				"count": 30
			},
			{
				"id": 112006,
				"name": "Stained Mask",
				"count": 18
			}
		],
		"ascend5": [
			{
				"id": 202,
				"name": "Mora",
				"count": 100000
			},
			{
				"id": 104123,
				"name": "Varunada Lazurite Chunk",
				"count": 6
			},
			{
				"id": 113012,
				"name": "Cleansing Heart",
				"count": 12
			},
			{
				"id": 100029,
				"name": "Silk Flower",
				"count": 45
			},
			{
				"id": 112007,
				"name": "Ominous Mask",
				"count": 12
			}
		],
		"ascend6": [
			{
				"id": 202,
				"name": "Mora",
				"count": 120000
			},
			{
				"id": 104124,
				"name": "Varunada Lazurite Gemstone",
				"count": 6
			},
			{
				"id": 113012,
				"name": "Cleansing Heart",
				"count": 20
			},
			{
				"id": 100029,
				"name": "Silk Flower",
				"count": 60
			},
			{
				"id": 112007,
				"name": "Ominous Mask",
				"count": 24
			}
		]
	}
}