{
	"id": 10000044,
	"name": "Xinyan",
	"title": "Blazing Riff",
	"description": "Liyue's sole rock 'n' roll musician. She rebels against ossified prejudices using her music and passionate singing.",
	"weaponType": "WEAPON_CLAYMORE",
	"weaponText": "Claymore",
	"bodyType": "BODY_GIRL",
	"gender": "Female",
	"qualityType": "QUALITY_PURPLE",
	"rarity": 4,
	"birthdaymmdd": "10/16",
	"birthday": "October 16",
	"elementType": "ELEMENT_PYRO",
	"elementText": "Pyro",
	"affiliation": "\"The Red Strings\"",
	"associationType": "ASSOC_LIYUE",
	"region": "Liyue",
	"substatType": "FIGHT_PROP_ATTACK_PERCENT",
	"substatText": "ATK",
	"constellation": "Fila Ignium",
	"cv": {
		"english": "Laura Stahl",
		"chinese": "王雅欣",
		"japanese": "たかはし智秋",
		"korean": "Kim Chae-ha"
	},
	"costs": {
		"ascend1": [
			{
				"id": 202,
				"name": "Mora",
				"count": 20000
			},
			{
				"id": 104111,
				"name": "Agnidus Agate Sliver",
				"count": 1
			},
			{
				"id": 100034,
				"name": "Violetgrass",
				"count": 3
			},
			{
				"id": 112035,
				"name": "Treasure Hoarder Insignia",
				"count": 3
			}
		],
		"ascend2": [
			{
				"id": 202,
				"name": "Mora",
				"count": 40000
			},
			{
				"id": 104112,
				"name": "Agnidus Agate Fragment",
				"count": 3
			},
			{
				"id": 113011,
				"name": "Everflame Seed",
				"count": 2
			},
			{
				"id": 100034,
				"name": "Violetgrass",
				"count": 10
			},
			{
				"id": 112035,
				"name": "Treasure Hoarder Insignia",
				"count": 15
			}
		],
		"ascend3": [
			{
				"id": 202,
				"name": "Mora",
				"count": 60000
			},
			{
				"id": 104112,
				"name": "Agnidus Agate Fragment",
				"count": 6
			},
			{
				"id": 113011,
				"name": "Everflame Seed",
				"count": 4
			},
			{
				"id": 100034,
				"name": "Violetgrass",
				"count": 20
			},
			{
				"id": 112036,
				"name": "Silver Raven Insignia",
				"count": 12
			}
		],
		"ascend4": [
			{
				"id": 202,
				"name": "Mora",
				"count": 80000
			},
			{
				"id": 104113,
				"name": "Agnidus Agate Chunk",
				"count": 3
			},
			{
				"id": 113011,
				"name": "Everflame Seed",
				"count": 8
			},
			{
				"id": 100034,
				"name": "Violetgrass",
				"count": 30
			},
			{
				"id": 112036,
				"name": "Silver Raven Insignia",
				"count": 18
			}
		],
		"ascend5": [
			{
				"id": 202,
				"name": "Mora",
				"count": 100000
			},
			{
				"id": 104113,
				"name": "Agnidus Agate Chunk",
				"count": 6
			},
			{
				"id": 113011,
				"name": "Everflame Seed",
				"count": 12
			},
			{
				"id": 100034,
				"name": "Violetgrass",
				"count": 45
			},
			{
				"id": 112037,
				"name": "Golden Raven Insignia",
				"count": 12
			}
		],
		"ascend6": [
			{
				"id": 202,
				"name": "Mora",
				"count": 120000
			},
			{
				"id": 104114,
				"name": "Agnidus Agate Gemstone",
				"count": 6
			},
			{
				"id": 113011,
				"name": "Everflame Seed",
				"count": 20
			},
			{
				"id": 100034,
				"name": "Violetgrass",
				"count": 60
			},
			{
				"id": 112037,
				"name": "Golden Raven Insignia",
				"count": 24
			}
		]
	}
}