{
	"id": 10000058,
	"name": "Yae Miko",
	"title": "Astute Amusement",
	"description": "Lady Guuji of the Grand Narukami Shrine. Also serves as the editor-in-chief of Yae Publishing House. Unimaginable intelligence and cunning are hidden under her beautiful appearance.",
	"weaponType": "WEAPON_CATALYST",
	"weaponText": "Catalyst",
	"bodyType": "BODY_LADY",
	"gender": "Female",
	"qualityType": "QUALITY_ORANGE",
	"rarity": 5,
	"birthdaymmdd": "6/27",
	"birthday": "June 27",
	"elementType": "ELEMENT_ELECTRO",
	"elementText": "Electro",
	"affiliation": "Grand Narukami Shrine",
	"associationType": "ASSOC_INAZUMA",
	"region": "Inazuma",
	"substatType": "FIGHT_PROP_CRITICAL",
	"substatText": "CRIT Rate",
	"constellation": "Divina Vulpes",
	"cv": {
		"english": "Ratana",
		"chinese": "杜冥鸦",
		"japanese": "佐倉綾音",
		"korean": "Moon Yoo-jung"
	},
	"costs": {
		"ascend1": [
			{
				"id": 202,
				"name": "Mora",
				"count": 20000
			},
			{
				"id": 104141,
				"name": "Vajrada Amethyst Sliver",
				"count": 1
			},
			{
				"id": 101206,
				"name": "Sea Ganoderma",
				"count": 3
			},
			{
				"id": 112044,
				"name": "Old Handguard",
				"count": 3
			}
		],
		"ascend2": [
			{
				"id": 202,
				"name": "Mora",
				"count": 40000
			},
			{
				"id": 104142,
				"name": "Vajrada Amethyst Fragment",
				"count": 3
			},
			{
				"id": 113031,
				"name": "Dragonheir's False Fin",
				"count": 2
			},
			{
				"id": 101206,
				"name": "Sea Ganoderma",
				"count": 10
			},
			{
				"id": 112044,
				"name": "Old Handguard",
				"count": 15
			}
		],
		"ascend3": [
			{
				"id": 202,
				"name": "Mora",
				"count": 60000
			},
			{
				"id": 104142,
				"name": "Vajrada Amethyst Fragment",
				"count": 6
			},
			{
				"id": 113031,
				"name": "Dragonheir's False Fin",
				"count": 4
			},
			{
				"id": 101206,
				"name": "Sea Ganoderma",
				"count": 20
			},
			{
				"id": 112045,
				"name": "Kageuchi Handguard",
				"count": 12
			}
		],
		"ascend4": [
			{
				"id": 202,
				"name": "Mora",
				"count": 80000
			},
			{
				"id": 104143,
				"name": "Vajrada Amethyst Chunk",
				"count": 3
			},
			{
				"id": 113031,
				"name": "Dragonheir's False Fin",
				"count": 8
			},
			{
				"id": 101206,
				"name": "Sea Ganoderma",
				"count": 30
			},
			{
				"id": 112045,
				"name": "Kageuchi Handguard",
				"count": 18
			}
		],
		"ascend5": [
			{
				"id": 202,
				"name": "Mora",
				"count": 100000
			},
			{
				"id": 104143,
				"name": "Vajrada Amethyst Chunk",
				"count": 6
			},
			{
				"id": 113031,
				"name": "Dragonheir's False Fin",
				"count": 12
			},
			{
				"id": 101206,
				"name": "Sea Ganoderma",
				"count": 45
			},
			{
				"id": 112046,
				"name": "Famed Handguard",
				"count": 12
			}
		],
		"ascend6": [
			{
				"id": 202,
				"name": "Mora",
				"count": 120000
			},
			{
				"id": 104144,
				"name": "Vajrada Amethyst Gemstone",
				"count": 6
			},
			{
				"id": 113031,
				"name": "Dragonheir's False Fin",
				"count": 20
			},
			{
				"id": 101206,
				"name": "Sea Ganoderma",
				"count": 60
			},
			{
				"id": 112046,
				"name": "Famed Handguard",
				"count": 24
			}
		]
	}
}