{
	"id": 10000048,
	"name": "Yanfei",
	"title": "Wise Innocence",
	"description": "A well-known legal adviser active in Liyue Harbor. A brilliant young lady in whose veins runs the blood of an illuminated beast.",
	"weaponType": "WEAPON_CATALYST",
	"weaponText": "Catalyst",
	"bodyType": "BODY_GIRL",
	"gender": "Female",
	"qualityType": "QUALITY_PURPLE",
	"rarity": 4,
	"birthdaymmdd": "7/28",
	"birthday": "July 28",
	"elementType": "ELEMENT_PYRO",
	"elementText": "Pyro",
	"affiliation": "Yanfei Legal Consultancy",
	"associationType": "ASSOC_LIYUE",
	"region": "Liyue",
	"substatType": "FIGHT_PROP_FIRE_ADD_HURT",
	"substatText": "Pyro DMG Bonus",
	"constellation": "Bestia Iustitia",
	"cv": {
		"english": "Lizzie Freeman",
		"chinese": "苏子芜",
		"japanese": "花守ゆみり",
		"korean": "Jo Kyeong-lee"
	},
	"costs": {
		"ascend1": [
			{
				"id": 202,
				"name": "Mora",
				"count": 20000
			},
			{
				"id": 104111,
				"name": "Agnidus Agate Sliver",
				"count": 1
			},
			{
				"id": 100028,
				"name": "Noctilucous Jade",
				"count": 3
			},
			{
				"id": 112035,
				"name": "Treasure Hoarder Insignia",
				"count": 3
			}
		],
		"ascend2": [
			{
				"id": 202,
				"name": "Mora",
				"count": 40000
			},
			{
				"id": 104112,
				"name": "Agnidus Agate Fragment",
				"count": 3
			},
			{
				"id": 113016,
				"name": "Juvenile Jade",
				"count": 2
			},
			{
				"id": 100028,
				"name": "Noctilucous Jade",
				"count": 10
			},
			{
				"id": 112035,
				"name": "Treasure Hoarder Insignia",
				"count": 15
			}
		],
		"ascend3": [
			{
				"id": 202,
				"name": "Mora",
				"count": 60000
			},
			{
				"id": 104112,
				"name": "Agnidus Agate Fragment",
				"count": 6
			},
			{
				"id": 113016,
				"name": "Juvenile Jade",
				"count": 4
			},
			{
				"id": 100028,
				"name": "Noctilucous Jade",
				"count": 20
			},
			{
				"id": 112036,
				"name": "Silver Raven Insignia",
				"count": 12
			}
		],
		"ascend4": [
			{
				"id": 202,
				"name": "Mora",
				"count": 80000
			},
			{
				"id": 104113,
				"name": "Agnidus Agate Chunk",
				"count": 3
			},
			{
				"id": 113016,
				"name": "Juvenile Jade",
				"count": 8
			},
			{
				"id": 100028,
				"name": "Noctilucous Jade",
				"count": 30
			},
			{
				"id": 112036,
				"name": "Silver Raven Insignia",
				"count": 18
			}
		],
		"ascend5": [
			{
				"id": 202,
				"name": "Mora",
				"count": 100000
			},
			{
				"id": 104113,
				"name": "Agnidus Agate Chunk",
				"count": 6
			},
			{
				"id": 113016,
				"name": "Juvenile Jade",
				"count": 12
			},
			{
				"id": 100028,
				"name": "Noctilucous Jade",
				"count": 45
			},
			{
				"id": 112037,
				"name": "Golden Raven Insignia",
				"count": 12
			}
		],
		"ascend6": [
			{
				"id": 202,
				"name": "Mora",
				"count": 120000
			},
			{
				"id": 104114,
				"name": "Agnidus Agate Gemstone",
				"count": 6
			},
			{
				"id": 113016,
				"name": "Juvenile Jade",
				"count": 20
			},
			{
				"id": 100028,
				"name": "Noctilucous Jade",
				"count": 60
			},
			{
				"id": 112037,
				"name": "Golden Raven Insignia",
				"count": 24
			}
		]
	}
}