{
	"id": 10000077,
	"name": "Yaoyao",
	"title": "Burgeoning Grace",
	"description": "Streetward Rambler's youngest disciple. A gentle and caring \"little adult.\"",
	"weaponType": "WEAPON_POLE",
	"weaponText": "Polearm",
	"bodyType": "BODY_LOLI",
	"gender": "Female",
	"qualityType": "QUALITY_PURPLE",
	"rarity": 4,
	"birthdaymmdd": "3/6",
	"birthday": "March 6",
	"elementType": "ELEMENT_DENDRO",
	"elementText": "Dendro",
	"affiliation": "Streetward Rambler's Abode",
	"associationType": "ASSOC_LIYUE",
	"region": "Liyue",
	"substatType": "FIGHT_PROP_HP_PERCENT",
	"substatText": "HP",
	"constellation": "Osmanthus",
	"cv": {
		"english": "Kelsey Jaffer",
		"chinese": "刘颐诺",
		"japanese": "門脇舞以",
		"korean": "Yu Hye-ji"
	},
	"costs": {
		"ascend1": [
			{
				"id": 202,
				"name": "Mora",
				"count": 20000
			},
			{
				"id": 104131,
				"name": "Nagadus Emerald Sliver",
				"count": 1
			},
			{
				"id": 100027,
				"name": "Jueyun Chili",
				"count": 3
			},
			{
				"id": 112002,
				"name": "Slime Condensate",
				"count": 3
			}
		],
		"ascend2": [
			{
				"id": 202,
				"name": "Mora",
				"count": 40000
			},
			{
				"id": 104132,
				"name": "Nagadus Emerald Fragment",
				"count": 3
			},
			{
				"id": 113040,
				"name": "Quelled Creeper",
				"count": 2
			},
			{
				"id": 100027,
				"name": "Jueyun Chili",
				"count": 10
			},
			{
				"id": 112002,
				"name": "Slime Condensate",
				"count": 15
			}
		],
		"ascend3": [
			{
				"id": 202,
				"name": "Mora",
				"count": 60000
			},
			{
				"id": 104132,
				"name": "Nagadus Emerald Fragment",
				"count": 6
			},
			{
				"id": 113040,
				"name": "Quelled Creeper",
				"count": 4
			},
			{
				"id": 100027,
				"name": "Jueyun Chili",
				"count": 20
			},
			{
				"id": 112003,
				"name": "Slime Secretions",
				"count": 12
			}
		],
		"ascend4": [
			{
				"id": 202,
				"name": "Mora",
				"count": 80000
			},
			{
				"id": 104133,
				"name": "Nagadus Emerald Chunk",
				"count": 3
			},
			{
				"id": 113040,
				"name": "Quelled Creeper",
				"count": 8
			},
			{
				"id": 100027,
				"name": "Jueyun Chili",
				"count": 30
			},
			{
				"id": 112003,
				"name": "Slime Secretions",
				"count": 18
			}
		],
		"ascend5": [
			{
				"id": 202,
				"name": "Mora",
				"count": 100000
			},
			{
				"id": 104133,
				"name": "Nagadus Emerald Chunk",
				"count": 6
			},
			{
				"id": 113040,
				"name": "Quelled Creeper",
				"count": 12
			},
			{
				"id": 100027,
				"name": "Jueyun Chili",
				"count": 45
			},
			{
				"id": 112004,
				"name": "Slime Concentrate",
				"count": 12
			}
		],
		"ascend6": [
			{
				"id": 202,
				"name": "Mora",
				"count": 120000
			},
			{
				"id": 104134,
				"name": "Nagadus Emerald Gemstone",
				"count": 6
			},
			{
				"id": 113040,
				"name": "Quelled Creeper",
				"count": 20
			},
			{
				"id": 100027,
				"name": "Jueyun Chili",
				"count": 60
			},
			{
				"id": 112004,
				"name": "Slime Concentrate",
				"count": 24
			}
		]
	}
}