{
	"id": 10000060,
	"name": "Yelan",
	"title": "Valley Orchid",
	"description": "A mysterious person who claims to work for the Ministry of Civil Affairs, but is a \"non-entity\" on the Ministry of Civil Affairs' list.",
	"weaponType": "WEAPON_BOW",
	"weaponText": "Bow",
	"bodyType": "BODY_LADY",
	"gender": "Female",
	"qualityType": "QUALITY_ORANGE",
	"rarity": 5,
	"birthdaymmdd": "4/20",
	"birthday": "April 20",
	"elementType": "ELEMENT_HYDRO",
	"elementText": "Hydro",
	"affiliation": "Yanshang Teahouse",
	"associationType": "ASSOC_LIYUE",
	"region": "Liyue",
	"substatType": "FIGHT_PROP_CRITICAL",
	"substatText": "CRIT Rate",
	"constellation": "Umbrabilis Orchis",
	"cv": {
		"english": "Laura Post",
		"chinese": "徐慧",
		"japanese": "遠藤綾",
		"korean": "Min Ah"
	},
	"costs": {
		"ascend1": [
			{
				"id": 202,
				"name": "Mora",
				"count": 20000
			},
			{
				"id": 104121,
				"name": "Varunada Lazurite Sliver",
				"count": 1
			},
			{
				"id": 100033,
				"name": "Starconch",
				"count": 3
			},
			{
				"id": 112032,
				"name": "Recruit's Insignia",
				"count": 3
			}
		],
		"ascend2": [
			{
				"id": 202,
				"name": "Mora",
				"count": 40000
			},
			{
				"id": 104122,
				"name": "Varunada Lazurite Fragment",
				"count": 3
			},
			{
				"id": 113035,
				"name": "Runic Fang",
				"count": 2
			},
			{
				"id": 100033,
				"name": "Starconch",
				"count": 10
			},
			{
				"id": 112032,
				"name": "Recruit's Insignia",
				"count": 15
			}
		],
		"ascend3": [
			{
				"id": 202,
				"name": "Mora",
				"count": 60000
			},
			{
				"id": 104122,
				"name": "Varunada Lazurite Fragment",
				"count": 6
			},
			{
				"id": 113035,
				"name": "Runic Fang",
				"count": 4
			},
			{
				"id": 100033,
				"name": "Starconch",
				"count": 20
			},
			{
				"id": 112033,
				"name": "Sergeant's Insignia",
				"count": 12
			}
		],
		"ascend4": [
			{
				"id": 202,
				"name": "Mora",
				"count": 80000
			},
			{
				"id": 104123,
				"name": "Varunada Lazurite Chunk",
				"count": 3
			},
			{
				"id": 113035,
				"name": "Runic Fang",
				"count": 8
			},
			{
				"id": 100033,
				"name": "Starconch",
				"count": 30
			},
			{
				"id": 112033,
				"name": "Sergeant's Insignia",
				"count": 18
			}
		],
		"ascend5": [
			{
				"id": 202,
				"name": "Mora",
				"count": 100000
			},
			{
				"id": 104123,
				"name": "Varunada Lazurite Chunk",
				"count": 6
			},
			{
				"id": 113035,
				"name": "Runic Fang",
				"count": 12
			},
			{
				"id": 100033,
				"name": "Starconch",
				"count": 45
			},
			{
				"id": 112034,
				"name": "Lieutenant's Insignia",
				"count": 12
			}
		],
		"ascend6": [
			{
				"id": 202,
				"name": "Mora",
				"count": 120000
			},
			{
				"id": 104124,
				"name": "Varunada Lazurite Gemstone",
				"count": 6
			},
			{
				"id": 113035,
				"name": "Runic Fang",
				"count": 20
			},
			{
				"id": 100033,
				"name": "Starconch",
				"count": 60
			},
			{
				"id": 112034,
				"name": "Lieutenant's Insignia",
				"count": 24
			}
		]
	}
}