{
	"id": 10000049,
	"name": "Yoimiya",
	"title": "Frolicking Flames",
	"description": "Owner of Naganohara Fireworks. Known as the \"Queen of the Summer Festival,\" she excels in her craft of creating fireworks that symbolize people's hopes and dreams.",
	"weaponType": "WEAPON_BOW",
	"weaponText": "Bow",
	"bodyType": "BODY_GIRL",
	"gender": "Female",
	"qualityType": "QUALITY_ORANGE",
	"rarity": 5,
	"birthdaymmdd": "6/21",
	"birthday": "June 21",
	"elementType": "ELEMENT_PYRO",
	"elementText": "Pyro",
	"affiliation": "Naganohara Fireworks",
	"associationType": "ASSOC_INAZUMA",
	"region": "Inazuma",
	"substatType": "FIGHT_PROP_CRITICAL",
	"substatText": "CRIT Rate",
	"constellation": "Carassius Auratus",
	"cv": {
		"english": "Jenny Yokobori",
		"chinese": "金娜",
		"japanese": "植田佳奈",
		"korean": "Park Shin-hee"
	},
	"costs": {
		"ascend1": [
			{
				"id": 202,
				"name": "Mora",
				"count": 20000
			},
			{
				"id": 104111,
				"name": "Agnidus Agate Sliver",
				"count": 1
			},
			{
				"id": 101205,
				"name": "Naku Weed",
				"count": 3
			},
			{
				"id": 112008,
				"name": "Divining Scroll",
				"count": 3
			}
		],
		"ascend2": [
			{
				"id": 202,
				"name": "Mora",
				"count": 40000
			},
			{
				"id": 104112,
				"name": "Agnidus Agate Fragment",
				"count": 3
			},
			{
				"id": 113024,
				"name": "Smoldering Pearl",
				"count": 2
			},
			{
				"id": 101205,
				"name": "Naku Weed",
				"count": 10
			},
			{
				"id": 112008,
				"name": "Divining Scroll",
				"count": 15
			}
		],
		"ascend3": [
			{
				"id": 202,
				"name": "Mora",
				"count": 60000
			},
			{
				"id": 104112,
				"name": "Agnidus Agate Fragment",
				"count": 6
			},
			{
				"id": 113024,
				"name": "Smoldering Pearl",
				"count": 4
			},
			{
				"id": 101205,
				"name": "Naku Weed",
				"count": 20
			},
			{
				"id": 112009,
				"name": "Sealed Scroll",
				"count": 12
			}
		],
		"ascend4": [
			{
				"id": 202,
				"name": "Mora",
				"count": 80000
			},
			{
				"id": 104113,
				"name": "Agnidus Agate Chunk",
				"count": 3
			},
			{
				"id": 113024,
				"name": "Smoldering Pearl",
				"count": 8
			},
			{
				"id": 101205,
				"name": "Naku Weed",
				"count": 30
			},
			{
				"id": 112009,
				"name": "Sealed Scroll",
				"count": 18
			}
		],
		"ascend5": [
			{
				"id": 202,
				"name": "Mora",
				"count": 100000
			},
			{
				"id": 104113,
				"name": "Agnidus Agate Chunk",
				"count": 6
			},
			{
				"id": 113024,
				"name": "Smoldering Pearl",
				"count": 12
			},
			{
				"id": 101205,
				"name": "Naku Weed",
				"count": 45
			},
			{
				"id": 112010,
				"name": "Forbidden Curse Scroll",
				"count": 12
			}
		],
		"ascend6": [
			{
				"id": 202,
				"name": "Mora",
				"count": 120000
			},
			{
				"id": 104114,
				"name": "Agnidus Agate Gemstone",
				"count": 6
			},
			{
				"id": 113024,
				"name": "Smoldering Pearl",
				"count": 20
			},
			{
				"id": 101205,
				"name": "Naku Weed",
				"count": 60
			},
			{
				"id": 112010,
				"name": "Forbidden Curse Scroll",
				"count": 24
			}
		]
	}
}