{
	"id": 10000109,
	"name": "Yumemizuki Mizuki",
	"title": "Embrace of Enchanting Dreams",
	"description": "A shareholder of Aisa Bathhouse, a baku, and a clinical psychologist. Dedicated to the dispersal of nightmares, and to bringing people peace of mind.",
	"weaponType": "WEAPON_CATALYST",
	"weaponText": "Catalyst",
	"bodyType": "BODY_GIRL",
	"gender": "Female",
	"qualityType": "QUALITY_ORANGE",
	"rarity": 5,
	"birthdaymmdd": "3/16",
	"birthday": "March 16",
	"elementType": "ELEMENT_ANEMO",
	"elementText": "Anemo",
	"affiliation": "Inazuma",
	"associationType": "ASSOC_INAZUMA",
	"region": "Inazuma",
	"substatType": "FIGHT_PROP_ELEMENT_MASTERY",
	"substatText": "Elemental Mastery",
	"constellation": "Tapirus Somniator",
	"cv": {
		"english": "Naomi McDonald",
		"chinese": "浮梦若薇",
		"japanese": "会沢紗弥",
		"korean": "Kim Seo-hyun"
	},
	"costs": {
		"ascend1": [
			{
				"id": 202,
				"name": "Mora",
				"count": 20000
			},
			{
				"id": 104151,
				"name": "Vayuda Turquoise Sliver",
				"count": 1
			},
			{
				"id": 101206,
				"name": "Sea Ganoderma",
				"count": 3
			},
			{
				"id": 112044,
				"name": "Old Handguard",
				"count": 3
			}
		],
		"ascend2": [
			{
				"id": 202,
				"name": "Mora",
				"count": 40000
			},
			{
				"id": 104152,
				"name": "Vayuda Turquoise Fragment",
				"count": 3
			},
			{
				"id": 113071,
				"name": "Talisman of the Enigmatic Land",
				"count": 2
			},
			{
				"id": 101206,
				"name": "Sea Ganoderma",
				"count": 10
			},
			{
				"id": 112044,
				"name": "Old Handguard",
				"count": 15
			}
		],
		"ascend3": [
			{
				"id": 202,
				"name": "Mora",
				"count": 60000
			},
			{
				"id": 104152,
				"name": "Vayuda Turquoise Fragment",
				"count": 6
			},
			{
				"id": 113071,
				"name": "Talisman of the Enigmatic Land",
				"count": 4
			},
			{
				"id": 101206,
				"name": "Sea Ganoderma",
				"count": 20
			},
			{
				"id": 112045,
				"name": "Kageuchi Handguard",
				"count": 12
			}
		],
		"ascend4": [
			{
				"id": 202,
				"name": "Mora",
				"count": 80000
			},
			{
				"id": 104153,
				"name": "Vayuda Turquoise Chunk",
				"count": 3
			},
			{
				"id": 113071,
				"name": "Talisman of the Enigmatic Land",
				"count": 8
			},
			{
				"id": 101206,
				"name": "Sea Ganoderma",
				"count": 30
			},
			{
				"id": 112045,
				"name": "Kageuchi Handguard",
				"count": 18
			}
		],
		"ascend5": [
			{
				"id": 202,
				"name": "Mora",
				"count": 100000
			},
			{
				"id": 104153,
				"name": "Vayuda Turquoise Chunk",
				"count": 6
			},
			{
				"id": 113071,
				"name": "Talisman of the Enigmatic Land",
				"count": 12
			},
			{
				"id": 101206,
				"name": "Sea Ganoderma",
				"count": 45
			},
			{
				"id": 112046,
				"name": "Famed Handguard",
				"count": 12
			}
		],
		"ascend6": [
			{
				"id": 202,
				"name": "Mora",
				"count": 120000
			},
			{
				"id": 104154,
				"name": "Vayuda Turquoise Gemstone",
				"count": 6
			},
			{
				"id": 113071,
				"name": "Talisman of the Enigmatic Land",
				"count": 20
			},
			{
				"id": 101206,
				"name": "Sea Ganoderma",
				"count": 60
			},
			{
				"id": 112046,
				"name": "Famed Handguard",
				"count": 24
			}
		]
	}
}