{
	"id": 10000064,
	"name": "Yun Jin",
	"title": "Stage Lucida",
	"description": "A renowned Liyue opera singer who is skilled in both playwriting and singing. Her style is one-of-a-kind, exquisite and delicate, much like the person herself.",
	"weaponType": "WEAPON_POLE",
	"weaponText": "Polearm",
	"bodyType": "BODY_GIRL",
	"gender": "Female",
	"qualityType": "QUALITY_PURPLE",
	"rarity": 4,
	"birthdaymmdd": "5/21",
	"birthday": "May 21",
	"elementType": "ELEMENT_GEO",
	"elementText": "Geo",
	"affiliation": "Yun-Han Opera Troupe",
	"associationType": "ASSOC_LIYUE",
	"region": "Liyue",
	"substatType": "FIGHT_PROP_CHARGE_EFFICIENCY",
	"substatText": "Energy Recharge",
	"constellation": "Opera Grandis",
	"cv": {
		"english": "Judy Alice Lee & Yang Yang",
		"chinese": "贺文潇&杨扬",
		"japanese": "小岩井ことり & Yang Yang",
		"korean": "Sah Moon-young & Yang Yang"
	},
	"costs": {
		"ascend1": [
			{
				"id": 202,
				"name": "Mora",
				"count": 20000
			},
			{
				"id": 104171,
				"name": "Prithiva Topaz Sliver",
				"count": 1
			},
			{
				"id": 100030,
				"name": "Glaze Lily",
				"count": 3
			},
			{
				"id": 112005,
				"name": "Damaged Mask",
				"count": 3
			}
		],
		"ascend2": [
			{
				"id": 202,
				"name": "Mora",
				"count": 40000
			},
			{
				"id": 104172,
				"name": "Prithiva Topaz Fragment",
				"count": 3
			},
			{
				"id": 113030,
				"name": "Riftborn Regalia",
				"count": 2
			},
			{
				"id": 100030,
				"name": "Glaze Lily",
				"count": 10
			},
			{
				"id": 112005,
				"name": "Damaged Mask",
				"count": 15
			}
		],
		"ascend3": [
			{
				"id": 202,
				"name": "Mora",
				"count": 60000
			},
			{
				"id": 104172,
				"name": "Prithiva Topaz Fragment",
				"count": 6
			},
			{
				"id": 113030,
				"name": "Riftborn Regalia",
				"count": 4
			},
			{
				"id": 100030,
				"name": "Glaze Lily",
				"count": 20
			},
			{
				"id": 112006,
				"name": "Stained Mask",
				"count": 12
			}
		],
		"ascend4": [
			{
				"id": 202,
				"name": "Mora",
				"count": 80000
			},
			{
				"id": 104173,
				"name": "Prithiva Topaz Chunk",
				"count": 3
			},
			{
				"id": 113030,
				"name": "Riftborn Regalia",
				"count": 8
			},
			{
				"id": 100030,
				"name": "Glaze Lily",
				"count": 30
			},
			{
				"id": 112006,
				"name": "Stained Mask",
				"count": 18
			}
		],
		"ascend5": [
			{
				"id": 202,
				"name": "Mora",
				"count": 100000
			},
			{
				"id": 104173,
				"name": "Prithiva Topaz Chunk",
				"count": 6
			},
			{
				"id": 113030,
				"name": "Riftborn Regalia",
				"count": 12
			},
			{
				"id": 100030,
				"name": "Glaze Lily",
				"count": 45
			},
			{
				"id": 112007,
				"name": "Ominous Mask",
				"count": 12
			}
		],
		"ascend6": [
			{
				"id": 202,
				"name": "Mora",
				"count": 120000
			},
			{
				"id": 104174,
				"name": "Prithiva Topaz Gemstone",
				"count": 6
			},
			{
				"id": 113030,
				"name": "Riftborn Regalia",
				"count": 20
			},
			{
				"id": 100030,
				"name": "Glaze Lily",
				"count": 60
			},
			{
				"id": 112007,
				"name": "Ominous Mask",
				"count": 24
			}
		]
	}
}