{
	"id": 10000030,
	"name": "Zhongli",
	"title": "Vago Mundo",
	"description": "A mysterious expert contracted by the Wangsheng Funeral Parlor. Extremely knowledgeable in all things.",
	"weaponType": "WEAPON_POLE",
	"weaponText": "Polearm",
	"bodyType": "BODY_MALE",
	"gender": "Male",
	"qualityType": "QUALITY_ORANGE",
	"rarity": 5,
	"birthdaymmdd": "12/31",
	"birthday": "December 31",
	"elementType": "ELEMENT_GEO",
	"elementText": "Geo",
	"affiliation": "Liyue Harbor",
	"associationType": "ASSOC_LIYUE",
	"region": "Liyue",
	"substatType": "FIGHT_PROP_ROCK_ADD_HURT",
	"substatText": "Geo DMG Bonus",
	"constellation": "Lapis Dei",
	"cv": {
		"english": "Keith Silverstein",
		"chinese": "彭博",
		"japanese": "前野智昭",
		"korean": "Pyo Young-jae"
	},
	"costs": {
		"ascend1": [
			{
				"id": 202,
				"name": "Mora",
				"count": 20000
			},
			{
				"id": 104171,
				"name": "Prithiva Topaz Sliver",
				"count": 1
			},
			{
				"id": 100058,
				"name": "Cor Lapis",
				"count": 3
			},
			{
				"id": 112002,
				"name": "Slime Condensate",
				"count": 3
			}
		],
		"ascend2": [
			{
				"id": 202,
				"name": "Mora",
				"count": 40000
			},
			{
				"id": 104172,
				"name": "Prithiva Topaz Fragment",
				"count": 3
			},
			{
				"id": 113009,
				"name": "Basalt Pillar",
				"count": 2
			},
			{
				"id": 100058,
				"name": "Cor Lapis",
				"count": 10
			},
			{
				"id": 112002,
				"name": "Slime Condensate",
				"count": 15
			}
		],
		"ascend3": [
			{
				"id": 202,
				"name": "Mora",
				"count": 60000
			},
			{
				"id": 104172,
				"name": "Prithiva Topaz Fragment",
				"count": 6
			},
			{
				"id": 113009,
				"name": "Basalt Pillar",
				"count": 4
			},
			{
				"id": 100058,
				"name": "Cor Lapis",
				"count": 20
			},
			{
				"id": 112003,
				"name": "Slime Secretions",
				"count": 12
			}
		],
		"ascend4": [
			{
				"id": 202,
				"name": "Mora",
				"count": 80000
			},
			{
				"id": 104173,
				"name": "Prithiva Topaz Chunk",
				"count": 3
			},
			{
				"id": 113009,
				"name": "Basalt Pillar",
				"count": 8
			},
			{
				"id": 100058,
				"name": "Cor Lapis",
				"count": 30
			},
			{
				"id": 112003,
				"name": "Slime Secretions",
				"count": 18
			}
		],
		"ascend5": [
			{
				"id": 202,
				"name": "Mora",
				"count": 100000
			},
			{
				"id": 104173,
				"name": "Prithiva Topaz Chunk",
				"count": 6
			},
			{
				"id": 113009,
				"name": "Basalt Pillar",
				"count": 12
			},
			{
				"id": 100058,
				"name": "Cor Lapis",
				"count": 45
			},
			{
				"id": 112004,
				"name": "Slime Concentrate",
				"count": 12
			}
		],
		"ascend6": [
			{
				"id": 202,
				"name": "Mora",
				"count": 120000
			},
			{
				"id": 104174,
				"name": "Prithiva Topaz Gemstone",
				"count": 6
			},
			{
				"id": 113009,
				"name": "Basalt Pillar",
				"count": 20
			},
			{
				"id": 100058,
				"name": "Cor Lapis",
				"count": 60
			},
			{
				"id": 112004,
				"name": "Slime Concentrate",
				"count": 24
			}
		]
	}
}